sigun_nm,faclt_no,play_si_desc,instl_ymd,instl_plc,publ_prvate_div_nm,inoutdr_div_nm,refine_zipno,refine_road_nm_addr,refine_lotno_addr,refine_wgs84_lat,refine_wgs84_logt
시흥시,525054,산들공원 산책로 어린이 놀이시설,20100519,도시공원,공공,실외,15072,,경기도 시흥시 거모동 1352,37.3470772801,126.7807844539
시흥시,525055,산들공원 중앙광장 어린이놀이시설,20100519,도시공원,공공,실외,15072,,경기도 시흥시 거모동 1352번지,37.3470772801,126.7807844539
시흥시,496,썸머힐시흥어린이집 놀이터,20090213,어린이집,민간,실외,15069,경기도 시흥시 도일로112번길 12,경기도 시흥시 거모동 1653-1번지,37.3403842569,126.7851086429
시흥시,20180,안골공원 어린이놀이시설,20010106,도시공원,공공,실외,15068,,경기도 시흥시 거모동 1715-1번지,37.349095249,126.7857779023
시흥시,20357,거모동 유호아파트101동 어린이놀이터,19980331,주택단지,민간,실외,15068,,경기도 시흥시 거모동 1715-2번지 유호아파트,37.3487844084,126.7864967685
시흥시,545546,거모동 유호아파트103동 어린이놀이터,20140508,주택단지,민간,실외,15068,,경기도 시흥시 거모동 1715-2번지 유호아파트,37.3487844084,126.7864967685
시흥시,27327,세종어린이집 놀이터,20100326,어린이집,민간,실외,15068,경기도 시흥시 군자로481번길 13,경기도 시흥시 거모동 1718-6번지,37.3479541859,126.7848449364
시흥시,20181,내곡공원 어린이 놀이시설,20010106,도시공원,공공,실외,15068,경기도 시흥시 군자로477번안길 10-4,경기도 시흥시 거모동 1722-5번지,37.3481608682,126.7832510254
시흥시,543406,거모어린이집 놀이터,20131101,어린이집,민간,실외,15071,경기도 시흥시 한우물로 49,경기도 시흥시 거모동 1730-7번지,37.3468514236,126.7828457345
시흥시,20182,한우물공원 어린이놀이시설,20010106,도시공원,공공,실외,15071,,경기도 시흥시 거모동 1735-3번지,37.3450033712,126.7832592638
시흥시,545168,아주아파트 402동,20140325,주택단지,민간,실외,15071,,경기도 시흥시 거모동 1736-1번지 아주4차아파트 402동,37.3448501523,126.7828083187
시흥시,20183,석곡공원 어린이 놀이시설,20010106,도시공원,공공,실외,15070,경기도 시흥시 한우물로21번길 30,경기도 시흥시 거모동 1739-1번지,37.3439477049,126.7811460118
시흥시,20362,아주5차아파트 어린이 놀이터,19940101,주택단지,민간,실외,15071,경기도 시흥시 한우물로21번길 20,경기도 시흥시 거모동 1740-1번지,37.3441703967,126.7821938431
시흥시,507944,거모동 보우아파트 놀이터,20110318,주택단지,민간,실외,15071,,경기도 시흥시 거모동 1741-1번지 보우아파트,37.3446085751,126.7831041537
시흥시,28196,이튼어린이집 놀이터,20100309,어린이집,민간,실외,15070,경기도 시흥시 도일로123번길 23-1,경기도 시흥시 거모동 1747-10번지,37.343241695,126.7821462348
시흥시,20184,거모공원 어린이 놀이시설,20010106,도시공원,공공,실외,15070,경기도 시흥시 군자로466번길 92,경기도 시흥시 거모동 1754-1번지,37.3430747685,126.7843493091
시흥시,20379,녹원아파트 어린이 놀이터(102동),19921031,주택단지,민간,실외,15069,,경기도 시흥시 거모동 1765-5번지 녹원아파트,37.3418570224,126.788684739
시흥시,20378,녹원아파트 어린이 놀이터(101동),19921031,주택단지,민간,실외,15069,,경기도 시흥시 거모동 1765-5번지 녹원아파트,37.3418570224,126.788684739
시흥시,20185,태봉공원 어린이 놀이시설,20010106,도시공원,공공,실외,15069,경기도 시흥시 군자로534번안길 6-6,경기도 시흥시 거모동 1768-5번지,37.3421162724,126.7868308112
시흥시,20186,도일어린이놀이시설,20010106,도시공원,공공,실외,15069,경기도 시흥시 군자로534번길 36,경기도 시흥시 거모동 1775-2번지,37.3401452639,126.785833419
시흥시,535958,시립군자어린이집놀이터,20121016,어린이집,민간,실외,15069,경기도 시흥시 도일로92번길 9-12,경기도 시흥시 거모동 1776-1번지,37.3396368428,126.7852286191
시흥시,590023,군자서희스타힐스 유아놀이터(110동),20230815,주택단지,민간,실외,15004,,경기도 시흥시 거모동 1859번지 군자서희스타힐스,37.3635274524,126.7726252368
시흥시,590024,군자서희스타힐스 어린이놀이터1(102~103동),20230815,주택단지,민간,실외,15004,,경기도 시흥시 거모동 1859번지 군자서희스타힐스,37.3635274524,126.7726252368
시흥시,590025,군자서희스타힐스 어린이놀이터2(113~114동),20230815,주택단지,민간,실외,15004,,경기도 시흥시 거모동 1859번지 군자서희스타힐스,37.3635274524,126.7726252368
시흥시,540530,거모 동보아파트 어린이 놀이시설(107동),19991104,주택단지,민간,실외,15044,,경기도 시흥시 거모동 612-1번지 동보아파트,37.358031789,126.7745301497
시흥시,540526,거모 동보아파트 어린이 놀이시설(101동앞),19991104,주택단지,민간,실외,15044,,경기도 시흥시 거모동 612-1번지 동보아파트,37.358031789,126.7745301497
시흥시,572129,시흥시청역 동원로얄듀크아파트 103동 어린이놀이터,20191228,주택단지,민간,실외,,,경기도 시흥시 광석동 271-3,,
시흥시,572130,시흥시청역 동원로얄듀크아파트 101동 유아놀이터,20191228,주택단지,민간,실외,,,경기도 시흥시 광석동 271-3,,
시흥시,580252,장현 동원로얄듀크 메트로포레 유아놀이터(어린이집앞),20211020,주택단지,민간,실외,,,경기도 시흥시 군자동 245-7,,
시흥시,580253,장현 동원로얄듀크 메트로포레 어린이놀이터(중앙광장앞),20211020,주택단지,민간,실외,,,경기도 시흥시 군자동 245-7,,
시흥시,575269,시흥장현어린이공원 실외놀이시설,20200905,도시공원,공공,실외,14999,경기도 시흥시 능곡군자1길 105,경기도 시흥시 군자동 795-5번지,37.3673392655,126.8054519616
시흥시,578959,장현 금강펜테리움아파트 실내놀이시설,20200630,주택단지,민간,실내,14999,경기도 시흥시 장현천로 133,경기도 시흥시 군자동 819번지 시흥 장현 금강펜테리움 센트럴파크,37.3668915793,126.8044284028
시흥시,590198,효성해링턴플레이스목감역 어린이놀이터(101동),20230908,주택단지,민간,실외,,,경기도 시흥시 논곡동 158,,
시흥시,556892,시흥 목감 한양수자인아파트 유아놀이터(105동 앞),20160718,주택단지,민간,실외,14984,경기도 시흥시 수인로2421번길 89,경기도 시흥시 논곡동 160-59,37.3881874846,126.8596747291
시흥시,556891,시흥 목감 한양수자인아파트 어린이놀이터2(105동 앞),20160718,주택단지,민간,실외,14984,경기도 시흥시 수인로2421번길 89,경기도 시흥시 논곡동 160-59,37.3881874846,126.8596747291
시흥시,556890,시흥 목감 한양수자인아파트 어린이놀이터1(104동 앞),20160718,주택단지,민간,실외,14984,경기도 시흥시 수인로2421번길 89,경기도 시흥시 논곡동 160-59,37.3881874846,126.8596747291
시흥시,1837,시흥 논곡동 산호아파트 놀이터,20100503,주택단지,민간,실외,14984,,경기도 시흥시 논곡동 160-7번지 산호아파트,37.3878848235,126.860377682
시흥시,28067,나무어린이집 실외놀이터,20100305,어린이집,민간,실외,14982,경기도 시흥시 수인로2421번길 26,경기도 시흥시 논곡동 227-2번지,37.3926887592,126.8553322265
시흥시,20227,논곡산호2차아파트,19990801,주택단지,민간,실외,14982,,경기도 시흥시 논곡동 280번지 산호아파트,37.3949351537,126.8556971015
시흥시,222,목실어린이공원 1호-1놀이터,20081030,도시공원,공공,실외,14994,,경기도 시흥시 능곡동 495,37.3737155983,126.8132251419
시흥시,223,목실어린이공원 1호-2놀이터,20081030,도시공원,공공,실외,14994,,경기도 시흥시 능곡동 495번지,37.3737155983,126.8132251419
시흥시,32633,능곡휴먼시아2단지아파트(206동 205동 사이 놀이터),20090420,주택단지,민간,실외,14994,경기도 시흥시 승지로 87,경기도 시흥시 능곡동 502번지,37.3717495508,126.8105161807
시흥시,20454,시흥능곡휴먼시아2단지(204동옆),20090420,주택단지,민간,실외,14994,,경기도 시흥시 능곡동 502번지 시흥능곡Humansia아파트,37.3715950751,126.8103030093
시흥시,1549,능곡 현진아파트 303동 앞 유아놀이터,20100108,주택단지,민간,실외,14994,,경기도 시흥시 능곡동 548번지 현진에버빌아파트,37.3721142249,126.8112243673
시흥시,1548,능곡 현진아파트 306동 뒤 어린이놀이터,20100108,주택단지,민간,실외,14994,,경기도 시흥시 능곡동 548번지 현진에버빌아파트,37.3721142249,126.8112243673
시흥시,527910,승지근린공원3호 놀이터,20081110,도시공원,공공,실외,14994,경기도 시흥시 능곡중앙로 85,경기도 시흥시 능곡동 552번지,37.3713774904,126.8131849527
시흥시,32738,자연앤아파트 내 놀이터,20090415,주택단지,민간,실외,14994,,경기도 시흥시 능곡동 554번지 시흥능곡자연앤아파트,37.37028691,126.8116476497
시흥시,30558,휴먼시아 5단지 어린이놀이터1(502동),20081223,주택단지,민간,실외,14994,,경기도 시흥시 능곡동 557번지 휴먼시아,37.3696767711,126.8121275587
시흥시,31156,휴먼시아 5단지 어린이놀이터2(506동~507동),20081216,주택단지,민간,실외,14994,,경기도 시흥시 능곡동 557번지 휴먼시아,37.3696767711,126.8121275587
시흥시,532500,오즈어린이집 놀이터,20110620,어린이집,민간,실외,14995,경기도 시흥시 장현능곡로 219,경기도 시흥시 능곡동 620번지,37.3686281585,126.8147120544
시흥시,549681,시립능곡어린이집,20180808,어린이집,민간,실외,14992,경기도 시흥시 능곡로 140,경기도 시흥시 능곡동 710번지,37.3664361226,126.8159742425
시흥시,31268,능곡신일해피트리아파트 유아놀이터(1101동앞),20090413,주택단지,민간,실외,14995,,경기도 시흥시 능곡동 712번지 시흥능곡신일해피트리아파트,37.3663906547,126.8174653553
시흥시,32628,능곡신일해피트리아파트 어린이놀이터2(1105동 앞),20090413,주택단지,민간,실외,14995,,경기도 시흥시 능곡동 712번지 시흥능곡신일해피트리아파트,37.3663906547,126.8174653553
시흥시,32627,능곡신일해피트리아파트 어린이놀이터1(1107동 앞),20090413,주택단지,민간,실외,14995,,경기도 시흥시 능곡동 712번지 시흥능곡신일해피트리아파트,37.3663906547,126.8174653553
시흥시,588470,능곡중앙공원 어린이놀이시설,20230619,도시공원,공공,실외,14995,경기도 시흥시 능곡중앙로 50,경기도 시흥시 능곡동 766,37.3681066764,126.813384172
시흥시,30478,능곡 휴먼시아6단지 제1놀이터,20090317,주택단지,민간,실외,14995,,경기도 시흥시 능곡동 768번지 시흥능곡휴먼시아6아파트,37.3673673988,126.8087154725
시흥시,31961,능곡 휴먼시아6단지 제2놀이터,20090317,주택단지,민간,실외,14995,,경기도 시흥시 능곡동 768번지 시흥능곡휴먼시아6아파트,37.3673673988,126.8087154725
시흥시,350,휴먼시아7단지아파트 707동 앞,20081121,주택단지,민간,실외,14995,,경기도 시흥시 능곡동 772번지 시흥능곡휴먼시아7아파트,37.3671149163,126.8102423827
시흥시,351,휴먼시아7단지아파트 709동 뒤,20081121,주택단지,민간,실외,14995,,경기도 시흥시 능곡동 772번지 시흥능곡휴먼시아7아파트,37.3671149163,126.8102423827
시흥시,1198,시흥 능곡 상록힐스테이트아파트 801동 놀이터,20091006,주택단지,민간,실외,14995,,경기도 시흥시 능곡동 775번지 상록힐스테이트아파트,37.36723281,126.8119127126
시흥시,1199,시흥 능곡 상록힐스테이트아파트 803동 놀이터,20091006,주택단지,민간,실외,14995,,경기도 시흥시 능곡동 775번지 상록힐스테이트아파트,37.36723281,126.8119127126
시흥시,1200,시흥 능곡 상록힐스테이트아파트 806동 놀이터,20091006,주택단지,민간,실외,14995,,경기도 시흥시 능곡동 775번지 상록힐스테이트아파트,37.36723281,126.8119127126
시흥시,224,실개울어린이공원2호-1놀이터,20081030,도시공원,공공,실외,14995,,경기도 시흥시 능곡동 777번지,37.3655989532,126.81047546
시흥시,225,실개울어린이공원2호-2놀이터,20081030,도시공원,공공,실외,14995,,경기도 시흥시 능곡동 777번지,37.3655989532,126.81047546
시흥시,28810,능곡신안인스빌아파트(나뭇잎놀이터),20081125,주택단지,민간,실외,14995,,경기도 시흥시 능곡동 782번지 시흥능곡신안인스빌아파트,37.3650786365,126.8088381077
시흥시,28811,능곡신안인스빌아파트(뱃놀이놀이터),20081125,주택단지,민간,실외,14995,,경기도 시흥시 능곡동 782번지 시흥능곡신안인스빌아파트,37.3650786365,126.8088381077
시흥시,30084,능곡 휴먼시아9단지아파트(908동 옆),20090302,주택단지,민간,실외,14995,,경기도 시흥시 능곡동 787번지 시흥능곡휴먼시아9아파트,37.3662741727,126.8129152655
시흥시,30083,능곡 휴먼시아9단지아파트(906동 옆),20090302,주택단지,민간,실외,14995,,경기도 시흥시 능곡동 787번지 시흥능곡휴먼시아9아파트,37.3662741727,126.8129152655
시흥시,20403,엘드수목토아파트 어린이 놀이터(1003~1005사이),20081007,주택단지,민간,실외,14995,,경기도 시흥시 능곡동 789번지 시흥능곡엘드수목토아파트,37.3657640465,126.8150994829
시흥시,20402,엘드수목토아파트 어린이 놀이터(1005동전면),20081007,주택단지,민간,실외,14995,,경기도 시흥시 능곡동 789번지 시흥능곡엘드수목토아파트,37.3657640465,126.8150994829
시흥시,227,가래울어린이공원3호-1놀이터,20081030,도시공원,공공,실외,14995,,경기도 시흥시 능곡동 793,37.3650721711,126.8138107943
시흥시,226,가래울어린이공원3호-2놀이터,20081030,도시공원,공공,실외,14995,,경기도 시흥시 능곡동 793번지,37.3650721711,126.8138107943
시흥시,31885,능곡휴먼시아13단지 아파트 어린이놀이터 1호,20081022,주택단지,민간,실외,14995,,경기도 시흥시 능곡동 800번지 시흥능곡휴먼시아13아파트,37.3648000946,126.8120817364
시흥시,26271,능곡휴먼시아13단지 아파트 어린이놀이터 2호,20081022,주택단지,민간,실외,14995,,경기도 시흥시 능곡동 800번지 시흥능곡휴먼시아13아파트,37.3648000946,126.8120817364
시흥시,26272,능곡휴먼시아13단지 아파트 유아놀이터,20081022,주택단지,민간,실외,14995,,경기도 시흥시 능곡동 800번지 시흥능곡휴먼시아13아파트,37.3648000946,126.8120817364
시흥시,25510,능곡우남퍼스트빌아파트 어린이놀이터1,20080926,주택단지,민간,실외,14995,,경기도 시흥시 능곡동 802번지 시흥능곡우남퍼스트빌아파트,37.3634961646,126.8141602128
시흥시,25511,능곡우남퍼스트빌아파트 어린이놀이터2,20080926,주택단지,민간,실외,14995,,경기도 시흥시 능곡동 802번지 시흥능곡우남퍼스트빌아파트,37.3634961646,126.8141602128
시흥시,568861,장현 리슈빌 더스테이 어린이놀이터2(202동 뒤),20190410,주택단지,민간,실외,14994,,경기도 시흥시 능곡동 848번지 장현마을2단지,37.3747738376,126.8097769491
시흥시,568862,장현 리슈빌 더스테이 어린이놀이터1(204동 옆),20190410,주택단지,민간,실외,14994,,경기도 시흥시 능곡동 848번지 장현마을2단지,37.3747738376,126.8097769491
시흥시,568860,장현 리슈빌 더스테이 유아놀이터(201동 앞),20190410,주택단지,민간,실외,14994,,경기도 시흥시 능곡동 848번지 장현마을2단지,37.3747738376,126.8097769491
시흥시,569933,장현 리슈빌 더스테이 놀이방,20190521,주택단지,민간,실내,14994,,경기도 시흥시 능곡동 848번지 장현마을2단지,37.3747738376,126.8097769491
시흥시,568859,장현 리슈빌 더스테이 어린이놀이터3(206동 옆),20190410,주택단지,민간,실외,14994,,경기도 시흥시 능곡동 848번지 장현마을2단지,37.3747738376,126.8097769491
시흥시,589183,해로공원 어린이놀이시설(체험형물놀이시설),20230713,도시공원,공공,실외,15121,,경기도 시흥시 능곡동 860,37.374292336,126.8080836167
시흥시,575288,시흥시청역 트리플포레아파트 302동앞 어린이놀이터2,20200911,주택단지,민간,실외,15121,,경기도 시흥시 능곡동 864번지 시흥시청역트리플포레,37.3740014742,126.807175039
시흥시,575287,시흥시청역 트리플포레아파트 304동앞 어린이놀이터1,20200911,주택단지,민간,실외,15121,,경기도 시흥시 능곡동 864번지 시흥시청역트리플포레,37.3740014742,126.807175039
시흥시,575289,시흥시청역 트리플포레아파트 어린이집 앞 유아놀이터,20200911,주택단지,민간,실외,15121,,경기도 시흥시 능곡동 864번지 시흥시청역트리플포레,37.3740014742,126.807175039
시흥시,1002970,지니키즈,20240902,놀이제공영업소,민간,실내,15121,경기도 시흥시 장현능곡로 155,경기도 시흥시 능곡동 871번지 (시흥 플랑드르) 2029~30호,37.3710186339,126.8072928232
시흥시,568388,장현LH4단지아파트 404동 옆 어린이놀이터 1,20190115,주택단지,공공,실외,14999,,경기도 시흥시 능곡동 888번지 엘에이치4단지,37.3698223043,126.8031138645
시흥시,568390,장현LH4단지아파트 어린이집 앞 유아놀이터,20190115,주택단지,공공,실외,14999,,경기도 시흥시 능곡동 888번지 엘에이치4단지,37.3698223043,126.8031138645
시흥시,568389,장현LH4단지아파트 401동~402동 사이 어린이놀이터 2,20190115,주택단지,공공,실외,14999,,경기도 시흥시 능곡동 888번지 엘에이치4단지,37.3698223043,126.8031138645
시흥시,575406,시흥장현 제일풍경채 센텀 어린이놀이터1,20200921,주택단지,민간,실외,14999,,경기도 시흥시 능곡동 894번지 제일풍경채센텀,37.3699011252,126.8042537991
시흥시,575409,시흥장현 제일풍경채 센텀 유아놀이터,20200921,주택단지,민간,실외,14999,,경기도 시흥시 능곡동 894번지 제일풍경채센텀,37.3699011252,126.8042537991
시흥시,575408,시흥장현 제일풍경채 센텀 어린이놀이터3,20200921,주택단지,민간,실외,14999,,경기도 시흥시 능곡동 894번지 제일풍경채센텀,37.3699011252,126.8042537991
시흥시,575407,시흥장현 제일풍경채 센텀 어린이놀이터 2,20200921,주택단지,민간,실외,14999,,경기도 시흥시 능곡동 894번지 제일풍경채센텀,37.3699011252,126.8042537991
시흥시,575823,시흥장현 제일풍경채 센텀아파트 실내놀이시설,20201022,주택단지,민간,실내,14999,,경기도 시흥시 능곡동 894번지 제일풍경채센텀,37.3699011252,126.8042537991
시흥시,1003243,샤브포레 어린이놀이시설,20240807,식품접객업소,민간,실내,14999,경기도 시흥시 능곡번영길 30,경기도 시흥시 능곡동 898-5번지 센텀시티,37.3702036074,126.8066452799
시흥시,20242,삼보아파트 어린이 놀이터(4동옆),19910301,주택단지,민간,실외,14907,,경기도 시흥시 대야동 275번지 삼보아파트,37.4480402519,126.7966344597
시흥시,20243,삼보아파트 어린이 놀이터(7동옆),19910301,주택단지,민간,실외,14907,,경기도 시흥시 대야동 275번지 삼보아파트,37.4480402519,126.7966344597
시흥시,20232,벽산아파트 어린이 놀이터,19920207,주택단지,민간,실외,14907,,경기도 시흥시 대야동 278번지 벽산아파트,37.4479914925,126.7929945692
시흥시,20231,대야우남한신아파트 어린이 놀이터,20060930,주택단지,민간,실외,14907,,경기도 시흥시 대야동 288번지 한신아파트,37.4500231484,126.7935972631
시흥시,574625,대야역 두산위브더파크 어린이놀이터2 (104동 주변),20200706,주택단지,민간,실외,14902,,경기도 시흥시 대야동 307-4,,
시흥시,574624,대야역 두산위브더파크 어린이놀이터1 (102동 주변),20200706,주택단지,민간,실외,14902,,경기도 시흥시 대야동 307-4,,
시흥시,574626,대야역 두산위브더파크 어린이놀이터3 (109동 주변),20200706,주택단지,민간,실외,14902,,경기도 시흥시 대야동 307-4,,
시흥시,574636,영남공원,20200714,도시공원,공공,실외,14902,,경기도 시흥시 대야동 332-134,,
시흥시,20229,대야극동아파트 102동앞 놀이터,20000714,주택단지,민간,실외,14902,,경기도 시흥시 대야동 332-13번지 극동아파트,37.4494455138,126.7874637316
시흥시,20230,대야극동아파트 103동뒤 놀이터,20000714,주택단지,민간,실외,14902,,경기도 시흥시 대야동 332-13번지 극동아파트,37.4494455138,126.7874637316
시흥시,566330,플레이스타트그라운드1호,20181031,아동복지시설,공공,실내,14902,경기도 시흥시 소래산길 11,경기도 시흥시 대야동 332-1번지,37.4485093838,126.7846914585
시흥시,558300,소래산 놀이마당,20161212,도시공원,공공,실외,14903,경기도 시흥시 서해안로 1541-17,경기도 시흥시 대야동 377-113,37.4462231964,126.7820949941
시흥시,20135,대골공원 어린이 놀이시설,20060101,도시공원,공공,실외,14906,경기도 시흥시 복지로93번길 11,경기도 시흥시 대야동 444-13번지,37.44855417,126.7906264225
시흥시,26690,현진어린이집 놀이터,20100413,어린이집,민간,실외,14905,경기도 시흥시 대골길 35-1,경기도 시흥시 대야동 452-9번지,37.447957519,126.7888344952
시흥시,525523,새봄어린이집 놀이터,20111007,어린이집,민간,실외,14905,경기도 시흥시 대야로 44,경기도 시흥시 대야동 454-4번지,37.4470768433,126.7907760357
시흥시,20136,대야공원 어린이 놀이시설,20090213,도시공원,공공,실외,14905,경기도 시흥시 대골길 47-6,경기도 시흥시 대야동 459번지,37.4468833331,126.7885733377
시흥시,20137,연합공원 어린이 놀이시설,20030101,도시공원,공공,실외,14905,,경기도 시흥시 대야동 470-2번지,37.444683316,126.7888213436
시흥시,552950,시흥어린이집 (옥상놀이터),20150816,어린이집,민간,실외,14905,경기도 시흥시 복지로63번길 13-1,경기도 시흥시 대야동 471-2번지,37.445404512,126.7884742908
시흥시,545979,흰백합몬테소리어린이집놀이터,20140623,어린이집,민간,실외,14904,경기도 시흥시 문화마을로16번길 46-1,경기도 시흥시 대야동 484-16번지,37.4451203425,126.784701116
시흥시,531959,시립대야어린이집 놀이터,20111116,어린이집,민간,실외,14909,경기도 시흥시 복지로 37,경기도 시흥시 대야동 491-3번지,37.4430432957,126.7885305654
시흥시,1005594,뱀내공원,20250616,도시공원,공공,실외,14909,경기도 시흥시 뱀내장터로25번길 7,경기도 시흥시 대야동 500번지 뱀내공원 주차장,37.4423618693,126.7876326518
시흥시,566308,백년회관 서서갈비 시흥대야점,20181023,식품접객업소,민간,실내,14912,경기도 시흥시 비둘기공원6길 8,경기도 시흥시 대야동 534-3번지,37.4432858715,126.7913996659
시흥시,585268,퍼플키즈카페 대야점,20221125,놀이제공영업소,민간,실내,14912,경기도 시흥시 비둘기공원1길 23,경기도 시흥시 대야동 541-16번지,37.4415533975,126.7910881747
시흥시,574251,모도리감자탕 어린이놀이방,20200602,식품접객업소,민간,실외,14912,경기도 시흥시 비둘기공원7길 39,경기도 시흥시 대야동 544-1번지,37.4424717101,126.7924134527
시흥시,20238,시흥청구2차아파트(205동),19970729,주택단지,민간,실외,14912,,경기도 시흥시 대야동 547번지 청구아파트,37.4411913809,126.7923463785
시흥시,20228,시흥청구2차아파트(202동),19970729,주택단지,민간,실외,14912,,경기도 시흥시 대야동 548번지 청구아파트,37.4424334069,126.7935442722
시흥시,20239,은행서해아파트 어린이 놀이터,19971115,주택단지,민간,실외,14913,,경기도 시흥시 대야동 563번지 서해아파트,37.4434109379,126.7942246701
시흥시,536569,서강2차아파트102동앞놀이터,20121115,주택단지,민간,실외,14913,,경기도 시흥시 대야동 564번지 서강아파트,37.4446785687,126.7951849862
시흥시,536570,서강2차아파트104동앞놀이터,20121115,주택단지,민간,실외,14913,,경기도 시흥시 대야동 564번지 서강아파트,37.4446785687,126.7951849862
시흥시,26715,우성1차아파트 어린이놀이터,20100513,주택단지,민간,실외,14908,,경기도 시흥시 대야동 567-2번지 우성아파트,37.4465437698,126.7935734539
시흥시,20240,서강1차 아파트 어린이 놀이터,20081201,주택단지,민간,실외,14908,,경기도 시흥시 대야동 568-4번지 서강아파트,37.4468525997,126.7924626352
시흥시,30503,우성2차아파트 203동 옆 놀이터1,19951031,주택단지,민간,실외,14907,,경기도 시흥시 대야동 569-1번지 우성아파트,37.4474658716,126.7940283023
시흥시,30504,우성2차아파트 205동 옆 놀이터2,19951031,주택단지,민간,실외,14907,,경기도 시흥시 대야동 569-1번지 우성아파트,37.4474658716,126.7940283023
시흥시,20461,청구1차아파트놀이터,20100525,주택단지,민간,실외,14914,,경기도 시흥시 대야동 570-1번지 청구아파트,37.4466600272,126.7949289877
시흥시,37173,늘푸른벽산아파트 102동 중앙놀이터,20090923,주택단지,민간,실외,14914,,경기도 시흥시 대야동 570-2번지 늘푸른벽산아파트,37.4455364951,126.7954595643
시흥시,37172,늘푸른벽산아파트 104동 중앙 놀이터,20090924,주택단지,민간,실외,14914,,경기도 시흥시 대야동 570-2번지 늘푸른벽산아파트,37.4455364951,126.7954595643
시흥시,527663,비둘기공원 제2호 어린이 놀이시설,20080101,도시공원,공공,실외,14914,경기도 시흥시 은행로 179,경기도 시흥시 대야동 571-2번지,37.4460408308,126.7969018918
시흥시,553239,조마루감자탕대야점 실내놀이터,20150901,식품접객업소,민간,실외,14914,경기도 시흥시 은행로173번길 5,경기도 시흥시 대야동 579-4번지,37.4457938415,126.797808611
시흥시,583350,한마음 정육식당 시흥 대야점,20220627,식품접객업소,민간,실내,14914,경기도 시흥시 은행로173번길 5,경기도 시흥시 대야동 579-4번지,37.4457938415,126.797808611
시흥시,20380,시흥은행동신아파트 놀이터,20080628,주택단지,민간,실외,14915,,경기도 시흥시 대야동 639번지 동신아파트,37.446307832,126.7993639211
시흥시,570664,시흥은계LH2단지 아파트 202동 옆 놀이시설,20190830,주택단지,민간,실외,15120,,경기도 시흥시 대야동 658번지 시흥은계엘에이치2단지,37.4490484995,126.7979364675
시흥시,570662,시흥은계LH2단지 아파트 201동 앞 놀이시설,20190830,주택단지,민간,실외,15120,,경기도 시흥시 대야동 658번지 시흥은계엘에이치2단지,37.4490484995,126.7979364675
시흥시,570663,시흥은계LH2단지 아파트 201동 옆 놀이시설,20190830,주택단지,민간,실외,15120,,경기도 시흥시 대야동 658번지 시흥은계엘에이치2단지,37.4490484995,126.7979364675
시흥시,570566,시흥은계 어반리더스 110동 앞 어린이놀이터 1,20190903,주택단지,민간,실외,15120,,경기도 시흥시 대야동 659번지 은계어반리더스,37.4513678883,126.7969085615
시흥시,570568,시흥은계 어반리더스 104동 앞 어린이놀이터 3,20190903,주택단지,민간,실외,15120,,경기도 시흥시 대야동 659번지 은계어반리더스,37.4513678883,126.7969085615
시흥시,570569,시흥은계 어반리더스 보육시설 앞 유아놀이터,20190903,주택단지,민간,실외,15120,,경기도 시흥시 대야동 659번지 은계어반리더스,37.4513678883,126.7969085615
시흥시,570567,시흥은계 어반리더스 113동 앞 어린이놀이터 2,20190903,주택단지,민간,실외,15120,,경기도 시흥시 대야동 659번지 은계어반리더스,37.4513678883,126.7969085615
시흥시,572734,근린공원1호 어린이놀이시설,20191005,도시공원,공공,실외,15120,경기도 시흥시 은계로 300,경기도 시흥시 대야동 674번지,37.448441279,126.800418046
시흥시,564677,은계우미린레이크2차 아파트놀이터2(302동 앞),20180625,주택단지,민간,실외,15120,,경기도 시흥시 대야동 679번지 시흥은계우미린레이크,37.448211088,126.8026473658
시흥시,564418,은계우미린레이크2차 305동 놀이터,20180531,주택단지,민간,실외,15120,,경기도 시흥시 대야동 679번지 시흥은계우미린레이크,37.448211088,126.8026473658
시흥시,564419,은계우미린레이크2차 유아놀이터,20180531,주택단지,민간,실외,15120,,경기도 시흥시 대야동 679번지 시흥은계우미린레이크,37.448211088,126.8026473658
시흥시,570062,e-편한세상 시흥아파트 어린이놀이터1(101동 뒤),20190730,주택단지,민간,실외,14908,경기도 시흥시 비둘기공원7길 10,경기도 시흥시 대야동 692번지 e편한세상 시흥 센텀하임,37.4446439262,126.7924043006
시흥시,570064,e-편한세상 시흥아파트 어린이놀이터2(106동 뒤),20190730,주택단지,민간,실외,14908,경기도 시흥시 비둘기공원7길 10,경기도 시흥시 대야동 692번지 e편한세상 시흥 센텀하임,37.4446439262,126.7924043006
시흥시,570065,e-편한세상 시흥아파트 유아놀이터(어린이집 뒤),20190730,주택단지,민간,실외,14908,경기도 시흥시 비둘기공원7길 10,경기도 시흥시 대야동 692번지 e편한세상 시흥 센텀하임,37.4446439262,126.7924043006
시흥시,571942,시흥 센트럴 푸르지오 APT 어린이집 앞 어린이놀이터1-2,20191217,주택단지,민간,실외,14911,,경기도 시흥시 대야동 693번지 시흥센트럴푸르지오,37.4413231865,126.7902764284
시흥시,571939,시흥 센트럴 푸르지오 APT 110동옆 어린이놀이터2,20191220,주택단지,민간,실외,14911,,경기도 시흥시 대야동 693번지 시흥센트럴푸르지오,37.4413231865,126.7902764284
시흥시,571940,시흥 센트럴 푸르지오 APT 107동 뒤 어린이놀이터3,20191220,주택단지,민간,실외,14911,,경기도 시흥시 대야동 693번지 시흥센트럴푸르지오,37.4413231865,126.7902764284
시흥시,571941,시흥 센트럴 푸르지오 APT 어린이집 앞 어린이놀이터1-1,20191217,주택단지,민간,실외,14911,,경기도 시흥시 대야동 693번지 시흥센트럴푸르지오,37.4413231865,126.7902764284
시흥시,575637,대야삼2 어린이공원,20201012,도시공원,공공,실외,,,경기도 시흥시 대야동 696번지,,
시흥시,575636,대야삼1 어린이공원,20201012,도시공원,공공,실외,,,경기도 시흥시 대야동 699-1번지,,
시흥시,507874,시흥 에이스1차아파트 105동 놀이터,20110426,주택단지,민간,실외,14942,,경기도 시흥시 도창동 65번지 에이스아파트,37.4105365034,126.8169294212
시흥시,507878,시흥 에이스1차아파트 109동 놀이터,20110426,주택단지,민간,실외,14942,,경기도 시흥시 도창동 65번지 에이스아파트,37.4105365034,126.8169294212
시흥시,583310,시흥 센트럴헤센 어린이놀이터1(102동 앞),20220608,주택단지,민간,실외,15006,,경기도 시흥시 동서로194번길 26-8 (월곶동) 경기도 시흥시 동서로194번길 26-8 (월곶동),,
시흥시,583311,시흥 센트럴헤센 어린이놀이터2(104동 앞),20220608,주택단지,민간,실외,15006,,경기도 시흥시 동서로194번길 26-8 (월곶동) 경기도 시흥시 동서로194번길 26-8 (월곶동),,
시흥시,560873,시립 매화어린이집 놀이시설,20170802,어린이집,공공,실외,14940,경기도 시흥시 매화로 34,경기도 시흥시 매화동 203-3,37.4165445385,126.8146712204
시흥시,1005137,매화동 어린이(물)놀이터 및 쉼터,20250527,도시공원,공공,실외,14940,,경기도 시흥시 매화동 205-3 일원,37.4168785674,126.8140428282
시흥시,549890,성심예아뜨어린이집,20150114,어린이집,민간,실외,14940,경기도 시흥시 매화1로32번길 22,경기도 시흥시 매화동 247-3번지,37.4161026601,126.8130818564
시흥시,581486,매화교회 플레이그라운드 실내놀이터,20220211,종교시설,민간,실내,14940,경기도 시흥시 매화1로 5,경기도 시흥시 매화동 250-1번지,37.4152790932,126.8140612226
시흥시,20346,삼화아파트 어린이 놀이터,19980427,주택단지,민간,실외,14940,,경기도 시흥시 매화동 260-1번지 삼화아파트,37.4143990159,126.8146229676
시흥시,20347,금강2차 아파트 어린이 놀이터,19970101,주택단지,민간,실외,14942,,경기도 시흥시 매화동 289-1번지 금강아파트,37.4114312201,126.8157800027
시흥시,28051,참뜰어린이집 놀이터,20100304,어린이집,민간,실외,14940,경기도 시흥시 매화2로48번길 12,경기도 시흥시 매화동 350-5번지,37.4160784904,126.8089347436
시흥시,20349,시흥 금강1차 아파트 어린이놀이터-2,19941231,주택단지,민간,실외,14940,,경기도 시흥시 매화동 361-6번지 금강아파트,37.4173878386,126.8093408433
시흥시,20348,시흥 금강1차 아파트 어린이놀이터-1,19941231,주택단지,민간,실외,14940,,경기도 시흥시 매화동 361번지 금강아파트,37.4179205378,126.809494164
시흥시,540662,매화마을홍익아파트201동뒤놀이터,20130703,주택단지,민간,실외,14940,,경기도 시흥시 매화동 367번지 홍익아파트,37.4182749533,126.8099881523
시흥시,554123,시흥목감 어린이공원 5호,20151207,도시공원,공공,실외,,,경기도 시흥시 목감동 217(목감동 421),,
시흥시,554118,시흥목감 근린공원 2호,20151207,도시공원,공공,실외,14984,,경기도 시흥시 목감동 239 (목감동 398),,
시흥시,20217,동우아파트 어린이 놀이터,19860925,주택단지,민간,실외,14984,,경기도 시흥시 목감동 239-15번지 동우아파트,37.3863746842,126.8611473569
시흥시,507552,시흥대명아파트 놀이터,20110331,주택단지,민간,실외,14984,,경기도 시흥시 목감동 242-9번지 대명아파트,37.3846423644,126.8608344725
시흥시,1002597,아이퍼니키즈룸 시흥목감점,20240725,놀이제공영업소,민간,실내,14985,경기도 시흥시 솔고개길 3-4,경기도 시흥시 목감동 402-2번지 제니스빌딩 3층 302호,37.3823896542,126.8609665498
시흥시,557704,목감 호반베르디움 더프라임 1501동 앞 어린이놀이터 1,20160728,주택단지,민간,실외,14985,,경기도 시흥시 목감동 406번지 호반베르디움더프라임,37.3835442761,126.8627979637
시흥시,557705,목감 호반베르디움 더프라임 1507동 앞 어린이놀이터 2,20160728,주택단지,민간,실외,14985,,경기도 시흥시 목감동 406번지 호반베르디움더프라임,37.3835442761,126.8627979637
시흥시,558072,목감 호반베르디움 더프라임 유아놀이터(1503동 앞),20161128,주택단지,민간,실외,14985,,경기도 시흥시 목감동 406번지 호반베르디움더프라임,37.3835442761,126.8627979637
시흥시,572268,목감 조마루 감자탕 내 실내놀이시설,20200115,식품접객업소,민간,실내,14985,경기도 시흥시 목감우회로 51,경기도 시흥시 목감동 408번지,37.3822598219,126.8619616634
시흥시,37510,해가든 APT 103동 앞 어린이놀이터,20090909,주택단지,민간,실외,14944,경기도 시흥시 미산로143번길 1,경기도 시흥시 미산동 316번지,37.4181014118,126.7928236255
시흥시,37511,해가든 APT 105동 앞 어린이 놀이터,20090909,주택단지,민간,실외,14944,경기도 시흥시 미산로143번길 1,경기도 시흥시 미산동 316번지,37.4181014118,126.7928236255
시흥시,20142,해가든공원 어린이 놀이시설,20090826,도시공원,공공,실외,14944,,경기도 시흥시 미산동 350-16번지,37.4203990979,126.7954754605
시흥시,535369,미산동 경신아파트 놀이터,20120906,주택단지,민간,실외,14944,,경기도 시흥시 미산동 64번지 경신아파트,37.4203181477,126.7972554775
시흥시,39285,상아그린APT 놀이터,20100810,주택단지,민간,실외,14944,,경기도 시흥시 미산동 82-14번지 상아그린아파트,37.4223084317,126.7969656397
시흥시,20115,솔숲공원 어린이 놀이시설,20100329,도시공원,공공,실외,14945,경기도 시흥시 미산로144번길 15,경기도 시흥시 미산동 산12-6번지,37.4194035092,126.7920090013
시흥시,562252,갯마루어린이공원(배곧3호),20171205,도시공원,공공,실외,15010,,경기도 시흥시 배곧동 109번지,37.3770892423,126.7299637627
시흥시,589595,한마음정육식당 시흥배곧타운점,20230815,식품접객업소,민간,실내,15010,경기도 시흥시 배곧4로 6,경기도 시흥시 배곧동 117번지 1층,37.3785867928,126.7253911026
시흥시,564428,숲속향기근린공원 어린이놀이시설(배곧 2호),20180605,도시공원,공공,실외,15010,,경기도 시흥시 배곧동 11번지,37.3828234867,126.7331046805
시흥시,586713,와랑와랑 키즈카페 배곧본점,20230302,놀이제공영업소,민간,실내,15010,경기도 시흥시 배곧4로 32-33,경기도 시흥시 배곧동 133번지,37.3780695721,126.7248655633
시흥시,587970,키즈타임 배곧점,20230507,놀이제공영업소,민간,실내,15010,경기도 시흥시 배곧4로 32-33,경기도 시흥시 배곧동 133번지,37.3780695721,126.7248655633
시흥시,552915,배곧신도시두드림공원,20150730,도시공원,공공,실외,15010,경기도 시흥시 배곧4로 32-5,경기도 시흥시 배곧동 134번지,37.3766220913,126.7281897946
시흥시,551779,시흥SK뷰아파트709동놀이터,20150527,주택단지,민간,실외,15010,,경기도 시흥시 배곧동 135번지 시흥배곧에스케이뷰,37.3763506741,126.725278565
시흥시,551780,시흥SK뷰아파트714동놀이터,20150527,주택단지,민간,실외,15010,,경기도 시흥시 배곧동 135번지 시흥배곧에스케이뷰,37.3763506741,126.725278565
시흥시,551781,시흥SK뷰아파트703동놀이터,20150527,주택단지,민간,실외,15010,,경기도 시흥시 배곧동 135번지 시흥배곧에스케이뷰,37.3763506741,126.725278565
시흥시,551790,배곧 호반베르디움센트럴파크아파트 어린이놀이터3,20150511,주택단지,민간,실외,15010,경기도 시흥시 배곧3로 27-8,경기도 시흥시 배곧동 139번지 시흥배곧신도시 호반베르디움센트럴파크,37.3736882826,126.7275196148
시흥시,551789,배곧 호반베르디움센트럴파크아파트 어린이놀이터1,20150511,주택단지,민간,실외,15010,경기도 시흥시 배곧3로 27-8,경기도 시흥시 배곧동 139번지 시흥배곧신도시 호반베르디움센트럴파크,37.3736882826,126.7275196148
시흥시,551785,배곧 호반베르디움센트럴파크아파트 어린이놀이터2,20150511,주택단지,민간,실외,15010,경기도 시흥시 배곧3로 27-8,경기도 시흥시 배곧동 139번지 시흥배곧신도시 호반베르디움센트럴파크,37.3736882826,126.7275196148
시흥시,560727,시흥배곧1차 이지더원아파트 102동 앞 놀이터,20170714,주택단지,민간,실외,15010,,경기도 시흥시 배곧동 14번지 시흥배곧신도시이지더원1차더퍼스트,37.3827577647,126.7305554599
시흥시,560728,시흥배곧1차 이지더원아파트 104동 앞 놀이터,20170714,주택단지,민간,실외,15010,,경기도 시흥시 배곧동 14번지 시흥배곧신도시이지더원1차더퍼스트,37.3827577647,126.7305554599
시흥시,560730,시흥배곧1차 이지더원아파트 109동 앞 놀이터,20170714,주택단지,민간,실외,15010,,경기도 시흥시 배곧동 14번지 시흥배곧신도시이지더원1차더퍼스트,37.3827577647,126.7305554599
시흥시,560729,시흥배곧1차 이지더원아파트 108동 앞 놀이터,20170714,주택단지,민간,실외,15010,,경기도 시흥시 배곧동 14번지 시흥배곧신도시이지더원1차더퍼스트,37.3827577647,126.7305554599
시흥시,556797,배곧 호반베르디움 더프라임아파트 어린이놀이터3(907~908동사이),20160623,주택단지,민간,실외,15010,,경기도 시흥시 배곧동 150번지 시흥배곧2차호반베르디움THEPRIME,37.371707232,126.7292001362
시흥시,556796,배곧 호반베르디움 더프라임아파트 어린이놀이터2(912~913동사이),20160623,주택단지,민간,실외,15010,,경기도 시흥시 배곧동 150번지 시흥배곧2차호반베르디움THEPRIME,37.371707232,126.7292001362
시흥시,556795,배곧 호반베르디움 더프라임아파트 어린이놀이터1(903~904동사이),20160623,주택단지,민간,실외,15010,,경기도 시흥시 배곧동 150번지 시흥배곧2차호반베르디움THEPRIME,37.371707232,126.7292001362
시흥시,561852,시흥배곧 한신더휴 어린이놀이터3(1007동 뒤),20171027,주택단지,민간,실외,15010,,경기도 시흥시 배곧동 155번지 한신더휴,37.3722258544,126.7313293955
시흥시,561850,시흥배곧 한신더휴 어린이놀이터1(1014동 앞),20171027,주택단지,민간,실외,15010,,경기도 시흥시 배곧동 155번지 한신더휴,37.3722258544,126.7313293955
시흥시,561855,시흥배곧 한신더휴 유아놀이터(보육시설 앞),20171027,주택단지,민간,실외,15010,,경기도 시흥시 배곧동 155번지 한신더휴,37.3722258544,126.7313293955
시흥시,561853,시흥배곧 한신더휴 어린이놀이터4(1016동 뒤),20171027,주택단지,민간,실외,15010,,경기도 시흥시 배곧동 155번지 한신더휴,37.3722258544,126.7313293955
시흥시,561851,시흥배곧 한신더휴 어린이놀이터2(1006동 뒤),20171027,주택단지,민간,실외,15010,,경기도 시흥시 배곧동 155번지 한신더휴,37.3722258544,126.7313293955
시흥시,577984,배곧 어울림센터 어린이집 앞 놀이시설,20210419,어린이집,공공,실외,15010,경기도 시흥시 배곧4로 94-41,경기도 시흥시 배곧동 169번지,37.371704529,126.7357280514
시흥시,561163,배곧 호반베르디움 센트로하임아파트 어린이놀이터1(1111동앞),20170810,주택단지,민간,실외,15010,,경기도 시흥시 배곧동 174번지 호반베르디움 센트로하임아파트,37.3710666931,126.7332724678
시흥시,561164,배곧 호반베르디움 센트로하임아파트 어린이놀이터2(1119동앞),20170810,주택단지,민간,실외,15010,,경기도 시흥시 배곧동 174번지 호반베르디움 센트로하임아파트,37.3710666931,126.7332724678
시흥시,561165,배곧 호반베르디움 센트로하임아파트 어린이놀이터3(1103동앞),20170810,주택단지,민간,실외,15010,,경기도 시흥시 배곧동 174번지 호반베르디움 센트로하임아파트,37.3710666931,126.7332724678
시흥시,566462,"배곧 센텀베이1차아파트 105동, 106동 사이 어린이놀이터",20181120,주택단지,민간,실외,15010,경기도 시흥시 배곧5로 74,경기도 시흥시 배곧동 18-5번지,37.3823023431,126.7353832975
시흥시,566463,"배곧 센텀베이1차아파트 106동, 107동 사이 어린이놀이터",20181120,주택단지,민간,실외,15010,경기도 시흥시 배곧5로 74,경기도 시흥시 배곧동 18-5번지,37.3823023431,126.7353832975
시흥시,566464,배곧 센텀베이1차아파트 어린이집 앞 유아놀이터,20181120,주택단지,민간,실외,15010,경기도 시흥시 배곧5로 74,경기도 시흥시 배곧동 18-5번지,37.3823023431,126.7353832975
시흥시,553342,배곧생명공원숲속놀이터,20151001,도시공원,공공,실외,15010,경기도 시흥시 배곧2로 25,경기도 시흥시 배곧동 187번지,37.3713951834,126.721467027
시흥시,568855,시흥배곧C1써밋플레이스 - 어린이놀이터2 (104동 105동사이),20190412,주택단지,민간,실외,15011,경기도 시흥시 서울대학로278번길 19-13,경기도 시흥시 배곧동 191번지 시흥배곧 C1 호반 써밋플레이스,37.3709989287,126.7270163836
시흥시,568856,시흥배곧C1써밋플레이스 - 유아놀이터 (어린이집옆),20190412,주택단지,민간,실외,15011,경기도 시흥시 서울대학로278번길 19-13,경기도 시흥시 배곧동 191번지 시흥배곧 C1 호반 써밋플레이스,37.3709989287,126.7270163836
시흥시,568863,시흥배곧C1써밋플레이스 ? 어린이놀이터(104동 측면),20190419,주택단지,민간,실외,15011,경기도 시흥시 서울대학로278번길 19-13,경기도 시흥시 배곧동 191번지 시흥배곧 C1 호반 써밋플레이스,37.3709989287,126.7270163836
시흥시,1005539,배곧 워터베베,20250715,놀이제공영업소,민간,실내,15011,경기도 시흥시 서울대학로278번길 25-8,경기도 시흥시 배곧동 196-2번지 다인로얄팰리스 3총302호,37.3694876669,126.728861451
시흥시,590538,아이조아 키즈카페 배곧점,20231026,놀이제공영업소,민간,실내,15011,경기도 시흥시 배곧3로 96,경기도 시흥시 배곧동 199-1번지,37.3697764139,126.7302927867
시흥시,560573,신의한소(배곧점) 어린이실내놀이터,20170618,식품접객업소,민간,실내,15011,,경기도 시흥시 배곧동 199-2번지 2층,37.3696526552,126.7305059476
시흥시,567237,조마루감자탕 배곧신도시점 내 실내놀이시설,20181227,식품접객업소,민간,실내,15011,경기도 시흥시 서울대학로278번길 43-13,경기도 시흥시 배곧동 200-1번지,37.3692258093,126.7301741831
시흥시,587686,우리끼리 키즈카페 스포츠마을 시흥배곧점,20230420,놀이제공영업소,민간,실내,15011,경기도 시흥시 서울대학로278번길 61,경기도 시흥시 배곧동 204번지,37.3681926149,126.7306929431
시흥시,586347,키즈키득 실내놀이시설,20230215,놀이제공영업소,민간,실내,15011,경기도 시흥시 서울대학로278번길 61,경기도 시흥시 배곧동 204번지,37.3681926149,126.7306929431
시흥시,564848,점핑고플러스 주식회사-어린이실내놀이시설,20180630,놀이제공영업소,민간,실내,15011,경기도 시흥시 서울대학로278번길 61,경기도 시흥시 배곧동 204번지,37.3681926149,126.7306929431
시흥시,569080,배곧 1호광장 어린이놀이시설,20190515,도시공원,공공,실외,15011,경기도 시흥시 서울대학로264번길 지하 19,경기도 시흥시 배곧동 217,37.3686449743,126.7268033731
시흥시,568864,시흥배곧C2써밋플레이스 ? 어린이놀이터(205동 앞),20190419,주택단지,민간,실외,15011,경기도 시흥시 서울대학로264번길 12,경기도 시흥시 배곧동 221번지,37.3674878259,126.724906683
시흥시,568858,호반시흥배곧써밋플레이스 2차 유아놀이터 (어린이집옆),20190412,주택단지,민간,실외,15011,,경기도 시흥시 배곧동 221번지 시흥배곧 C2블럭 호반 써밋플레이스 아파트,37.368475869,126.7257548192
시흥시,568857,호반시흥배곧써밋플레이스 2차 어린이놀이터1 (202동 203동사이),20190412,주택단지,민간,실외,15011,,경기도 시흥시 배곧동 221번지 시흥배곧 C2블럭 호반 써밋플레이스 아파트,37.368475869,126.7257548192
시흥시,1003095,쿠우쿠우 시흥배곧점,20240927,식품접객업소,민간,실내,15011,경기도 시흥시 서울대학로264번길 26-18,경기도 시흥시 배곧동 224-2번지 해든트윈스오피스텔 1동4층,37.3666666859,126.7261460851
시흥시,589597,(주) 고메스퀘어,20230815,식품접객업소,민간,실내,,,경기도 시흥시 배곧동 230 208-6호,,
시흥시,566417,배곧스파24시사우나 실내놀이시설,20181119,목욕장업소,민간,실내,15011,경기도 시흥시 서울대학로264번길 26-32,경기도 시흥시 배곧동 230번지,37.3666139281,126.7277276688
시흥시,574346,서울대스마트캠퍼스2차 어린이놀이터,20200612,주택단지,민간,실외,15011,경기도 시흥시 서울대학로 173,경기도 시흥시 배곧동 242번지,37.3662219336,126.718821435
시흥시,560331,시흥배곧한라비발디캠퍼스 104동 뒤 어린이놀이터1,20170602,주택단지,민간,실외,15011,,경기도 시흥시 배곧동 243번지 한라비발디캠퍼스,37.3636798562,126.7119931155
시흥시,560333,시흥배곧한라비발디캠퍼스 109동 뒤 유아놀이터,20170602,주택단지,민간,실외,15011,,경기도 시흥시 배곧동 243번지 한라비발디캠퍼스,37.3636798562,126.7119931155
시흥시,560332,시흥배곧한라비발디캠퍼스 105동 뒤 어린이놀이터2,20170602,주택단지,민간,실외,15011,,경기도 시흥시 배곧동 243번지 한라비발디캠퍼스,37.3636798562,126.7119931155
시흥시,560339,시흥배곧한라비발디캠퍼스 109동 앞 어린이놀이터4,20170614,주택단지,민간,실외,15011,,경기도 시흥시 배곧동 243번지 한라비발디캠퍼스,37.3636798562,126.7119931155
시흥시,560338,시흥배곧한라비발디캠퍼스 108동 앞 어린이놀이터3,20170614,주택단지,민간,실외,15011,,경기도 시흥시 배곧동 243번지 한라비발디캠퍼스,37.3636798562,126.7119931155
시흥시,560609,시흥배곧한라비발디 주민편의시설동 실내놀이터,20170624,주택단지,민간,실내,15011,,경기도 시흥시 배곧동 243번지 한라비발디캠퍼스1차,37.3636798562,126.7119931155
시흥시,562628,시흥배곧한라비발디캠퍼스2차 203동옆 어린이놀이터2,20180102,주택단지,민간,실외,15011,,경기도 시흥시 배곧동 245번지 한라비발디캠퍼스2차,37.3619447034,126.7140213156
시흥시,562253,시흥배곧한라비발디캠퍼스2차 208동뒤 어린이놀이터3,20171203,주택단지,민간,실외,15011,,경기도 시흥시 배곧동 245번지 한라비발디캠퍼스2차,37.3619447034,126.7140213156
시흥시,562629,시흥배곧한라비발디캠퍼스2차 204동옆 유아놀이터,20180102,주택단지,민간,실외,15011,,경기도 시흥시 배곧동 245번지 한라비발디캠퍼스2차,37.3619447034,126.7140213156
시흥시,571735,도시갈비 놀이방,20191115,식품접객업소,민간,실내,15011,,경기도 시흥시 배곧동 245번지 한라비발디캠퍼스2차,37.3619447034,126.7140213156
시흥시,562627,시흥배곧한라비발디캠퍼스2차 202동옆 어린이놀이터1,20180102,주택단지,민간,실외,15011,,경기도 시흥시 배곧동 245번지 한라비발디캠퍼스2차,37.3619447034,126.7140213156
시흥시,583259,배곧 어울림2 어린이집 놀이시설,20220627,어린이집,공공,실외,15012,경기도 시흥시 배곧1로 30,경기도 시흥시 배곧동 274번지,37.3609599541,126.7123264491
시흥시,561064,시흥배곧 이지더원 에듀그린아파트 209동 앞 놀이터,20170816,주택단지,민간,실외,15012,경기도 시흥시 서울대학로 100,경기도 시흥시 배곧동 279번지 시흥배곧2차 EG thel 에듀그린,37.3589924046,126.714650582
시흥시,561062,시흥배곧 이지더원 에듀그린아파트 201동 앞 놀이터,20170816,주택단지,민간,실외,15012,경기도 시흥시 서울대학로 100,경기도 시흥시 배곧동 279번지 시흥배곧2차 EG thel 에듀그린,37.3589924046,126.714650582
시흥시,561066,시흥배곧 이지더원 에듀그린아파트 213동 앞 놀이터,20170816,주택단지,민간,실외,15012,경기도 시흥시 서울대학로 100,경기도 시흥시 배곧동 279번지 시흥배곧2차 EG thel 에듀그린,37.3589924046,126.714650582
시흥시,561065,시흥배곧 이지더원 에듀그린아파트 211동 앞 놀이터,20170816,주택단지,민간,실외,15012,경기도 시흥시 서울대학로 100,경기도 시흥시 배곧동 279번지 시흥배곧2차 EG thel 에듀그린,37.3589924046,126.714650582
시흥시,561063,시흥배곧 이지더원 에듀그린아파트 206동 앞 놀이터,20170816,주택단지,민간,실외,15012,경기도 시흥시 서울대학로 100,경기도 시흥시 배곧동 279번지 시흥배곧2차 EG thel 에듀그린,37.3589924046,126.714650582
시흥시,559648,시흥 프리미엄아울렛 플레이타임,20170428,놀이제공영업소,민간,실내,15010,경기도 시흥시 서해안로 699,경기도 시흥시 배곧동 36번지,37.3803293949,126.7369394796
시흥시,558758,신세계 사이먼 프리미엄 아울렛 놀이터,20170120,대규모점포,민간,실외,15010,경기도 시흥시 서해안로 699,경기도 시흥시 배곧동 36번지,37.3803293949,126.7369394796
시흥시,567757,시흥배곧 1차 대방노블랜드 어린이놀이터2(608동 앞),20190215,주택단지,민간,실외,15010,,경기도 시흥시 배곧동 55번지 시흥배곧신도시대방노블랜드엘리트시티,37.3753283168,126.7371708586
시흥시,567755,시흥배곧 1차 대방노블랜드 유아놀이터(601동 앞),20190215,주택단지,민간,실외,15010,,경기도 시흥시 배곧동 55번지 시흥배곧신도시대방노블랜드엘리트시티,37.3753283168,126.7371708586
시흥시,567756,시흥배곧 1차 대방노블랜드 어린이놀이터1(602동 앞),20190215,주택단지,민간,실외,15010,,경기도 시흥시 배곧동 55번지 시흥배곧신도시대방노블랜드엘리트시티,37.3753283168,126.7371708586
시흥시,565718,배곧 센텀베이2차아파트 508동 앞 어린이놀이터,20180910,주택단지,민간,실외,15010,,경기도 시흥시 배곧동 57번지 배곧센텀베이2차,37.3766446605,126.7344355121
시흥시,565597,배곧 센텀베이2차아파트 보육시설 앞 유아놀이터,20181004,주택단지,공공,실외,15010,,경기도 시흥시 배곧동 57번지 배곧센텀베이2차,37.3766446605,126.7344355121
시흥시,565599,배곧 센텀베이2차아파트 관리사무소 앞 어린이놀이터2,20181004,주택단지,민간,실외,15010,,경기도 시흥시 배곧동 57번지 배곧센텀베이2차,37.3766446605,126.7344355121
시흥시,555825,시흥 배곧 골드클레스 아파트 놀이터1(107~110동사이),20160410,주택단지,민간,실외,15010,,경기도 시흥시 배곧동 58번지 시흥배곧신도시골드클래스,37.3769469396,126.7323993918
시흥시,555826,시흥 배곧 골드클레스 아파트 놀이터2(103~107동사이),20160410,주택단지,민간,실외,15010,,경기도 시흥시 배곧동 58번지 시흥배곧신도시골드클래스,37.3769469396,126.7323993918
시흥시,566450,배곧중흥S클래스아파트 101동 앞 놀이시설(물놀이터),20181121,주택단지,민간,실외,15010,,경기도 시흥시 배곧동 5번지 배곧중흥에스클래스,37.384466379,126.7327180966
시흥시,566449,배곧중흥S클래스아파트 104동 앞 놀이시설(유아놀이터),20181121,주택단지,민간,실외,15010,,경기도 시흥시 배곧동 5번지 배곧중흥에스클래스,37.384466379,126.7327180966
시흥시,566448,배곧중흥S클래스아파트 109동 앞 놀이시설(놀이터),20181121,주택단지,민간,실외,15010,,경기도 시흥시 배곧동 5번지 배곧중흥에스클래스,37.384466379,126.7327180966
시흥시,567323,중흥S클래스 - 키즈룸,20181222,주택단지,민간,실내,15010,,경기도 시흥시 배곧동 5번지 배곧중흥에스클래스,37.384466379,126.7327180966
시흥시,1001075,착한토끼 키즈카페 키즈룸 시흥배곧하우스,20240208,놀이제공영업소,민간,실내,15010,경기도 시흥시 배곧4로 103,경기도 시흥시 배곧동 77번지,37.3738692988,126.7345653684
시흥시,562251,꿈마루어린이공원(배곧2호),20171205,도시공원,공공,실외,15010,,경기도 시흥시 배곧동 86번지,37.3784550889,126.7297081294
시흥시,562460,해담어린이공원(배곧1호),20171220,도시공원,공공,실외,15010,,경기도 시흥시 배곧동 94번지,37.3792466918,126.7279384541
시흥시,554119,시흥목감 어린이공원 1호,20151207,도시공원,공공,실외,14990,,경기도 시흥시 산현동 140-2 (산현동 496-1),,
시흥시,562117,목감 레이크 푸르지오 202동 어린이놀이터,20171010,주택단지,민간,실외,14990,,경기도 시흥시 산현동 175,,
시흥시,562118,목감 레이크 푸르지오 207동 유아놀이터,20171010,주택단지,민간,실외,14990,,경기도 시흥시 산현동 175,,
시흥시,576412,카페더키즈 목감동,20190724,놀이제공영업소,민간,실내,14989,경기도 시흥시 목감전원로 38,경기도 시흥시 산현동 491-1번지,37.3773406438,126.8426326771
시흥시,564859,목감지구 중흥S-클래스아파트 어린이놀이터2(103동 앞),20180711,주택단지,민간,실외,14989,경기도 시흥시 목감남서로 92-15,경기도 시흥시 산현동 496번지 목감 중흥 s클래스 B-1,37.3751898336,126.8416349419
시흥시,564860,목감지구 중흥S-클래스아파트 유아놀이터(110동 앞),20180711,주택단지,민간,실외,14989,경기도 시흥시 목감남서로 92-15,경기도 시흥시 산현동 496번지 목감 중흥 s클래스 B-1,37.3751898336,126.8416349419
시흥시,564858,목감지구 중흥S-클래스아파트 어린이놀이터1(109동 앞),20180711,주택단지,민간,실외,14989,경기도 시흥시 목감남서로 92-15,경기도 시흥시 산현동 496번지 목감 중흥 s클래스 B-1,37.3751898336,126.8416349419
시흥시,565459,목감중흥S-CLASS레이크힐아파트키즈룸 실내놀이시설,20180829,주택단지,민간,실내,14989,경기도 시흥시 목감남서로 92-15,경기도 시흥시 산현동 496번지 목감 중흥 s클래스 B-1,37.3751898336,126.8416349419
시흥시,564439,목감호수품애아파트 304동 앞 어린이놀이터2,20180530,주택단지,민간,실외,14989,,경기도 시흥시 산현동 514번지 호수품애,37.3739415941,126.8440967215
시흥시,564847,목감호수품애아파트 306동 놀이터,20180706,주택단지,민간,실외,14989,,경기도 시흥시 산현동 514번지 호수품애,37.3739415941,126.8440967215
시흥시,565317,목감호수품애아파트 306동 어린이집 앞 놀이시설,20180715,주택단지,공공,실외,14989,,경기도 시흥시 산현동 514번지 호수품애,37.3739415941,126.8440967215
시흥시,566398,목감 호반베르디움 더숲 606동 앞 어린이놀이터 1,20181110,주택단지,민간,실외,14989,,경기도 시흥시 산현동 520번지 호반써밋더숲,37.3701088001,126.8469987067
시흥시,566399,목감 호반베르디움 더숲 610동 앞 어린이놀이터 2,20181110,주택단지,민간,실외,14989,,경기도 시흥시 산현동 520번지 호반써밋더숲,37.3701088001,126.8469987067
시흥시,566400,목감 호반베르디움 더숲 611동 앞 어린이놀이터 3,20181110,주택단지,민간,실외,14989,,경기도 시흥시 산현동 520번지 호반써밋더숲,37.3701088001,126.8469987067
시흥시,554120,시흥목감 어린이공원 2호,20151207,도시공원,공공,실외,14990,,경기도 시흥시 산현동 54-2 (산현동 519),,
시흥시,575542,시흥 장현 금강 펜테리움 센트럴파크 어린이놀이터3(603동),20200921,주택단지,민간,실외,,,경기도 시흥시 샛터말길 32-1 (군자동) 경기도 시흥시 샛터말길 32-1 (군자동),,
시흥시,575544,시흥 장현 금강 펜테리움 센트럴파크 유아놀이터(어린이집앞),20200921,주택단지,민간,실외,,,경기도 시흥시 샛터말길 32-1 (군자동) 경기도 시흥시 샛터말길 32-1 (군자동),,
시흥시,575540,시흥 장현 금강 펜테리움 센트럴파크 어린이놀이터2(605동뒤),20200921,주택단지,민간,실외,,,경기도 시흥시 샛터말길 32-1 (군자동) 경기도 시흥시 샛터말길 32-1 (군자동),,
시흥시,575521,시흥 장현 금강 펜테리움 센트럴파크 어린이놀이터1(피트니스센터 앞),20200924,주택단지,민간,실외,,,경기도 시흥시 샛터말길 32-1 (군자동) 경기도 시흥시 샛터말길 32-1 (군자동),,
시흥시,564954,배곧한라비발디3차 유아놀이터,20180718,주택단지,민간,실외,,,경기도 시흥시 서해안로 405 (정왕동),,
시흥시,564952,배곧한라비발디3차 어린이놀이터1,20180718,주택단지,민간,실외,,,경기도 시흥시 서해안로 405 (정왕동),,
시흥시,564953,배곧한라비발디3차 어린이놀이터2,20180718,주택단지,민간,실외,,,경기도 시흥시 서해안로 405 (정왕동),,
시흥시,576892,서울대학교 시흥캠퍼스 교직원 숙소 키즈카페 실내놀이시설,20201210,주택단지,민간,실내,,,경기도 시흥시 서해안로 405 (정왕동) 경기도 시흥시 서해안로 405 (정왕동),,
시흥시,537124,동화어린이집,20121218,어린이집,민간,실외,14922,,경기도 시흥시 수인로3247번길 27-13 (은행동) 경기도 시흥시 수인로3247번길 27-13 (은행동),,
시흥시,533006,시흥 신천동 연희아파트 마~바동 놀이터,20120618,주택단지,민간,실외,14949,,경기도 시흥시 신천동 275번지 연희아파트,37.4369976665,126.784461928
시흥시,533005,시흥 신천동 연희아파트 가~나동 놀이터,20120618,주택단지,민간,실외,14949,,경기도 시흥시 신천동 275번지 연희아파트,37.4369976665,126.784461928
시흥시,531958,시립대헌어린이집 놀이터,20111207,어린이집,민간,실외,14904,경기도 시흥시 문화마을로6번길 5-2,경기도 시흥시 신천동 314-155번지,37.4431112597,126.7804018538
시흥시,33595,태광아파트 놀이터,20090526,주택단지,민간,실외,14948,,경기도 시흥시 신천동 387번지 태광아파트,37.4381831193,126.7807768599
시흥시,1785,현대아파트 놀이터,20100416,주택단지,민간,실외,14947,,경기도 시흥시 신천동 452-1번지 현대아파트,37.4383452786,126.7792831846
시흥시,564364,신천공원물놀이터,20180529,도시공원,공공,실외,14949,경기도 시흥시 포도원로109번길 9,경기도 시흥시 신천동 57번지,37.4357510051,126.785491119
시흥시,20122,소래공원 어린이 놀이시설,20060101,도시공원,공공,실외,14904,,경기도 시흥시 신천동 702번지,37.4442603955,126.7822301864
시흥시,509498,대우5차푸르지오아파트 102동 2층 놀이터,20110223,주택단지,민간,실외,14910,,경기도 시흥시 신천동 709-32번지 시흥5차푸르지오,37.4416793445,126.7865538933
시흥시,20120,신라공원 어린이 놀이시설,20050101,도시공원,공공,실외,14948,,경기도 시흥시 신천동 742번지,37.4407697321,126.7817075771
시흥시,20121,벌터공원 어린이 놀이시설,20090916,도시공원,공공,실외,14948,경기도 시흥시 신천1길 21,경기도 시흥시 신천동 753번지,37.4394762495,126.7799844983
시흥시,20117,신천공원 어린이 놀이시설,20070101,도시공원,공공,실외,14949,,경기도 시흥시 신천동 764번지,37.4380434411,126.7849343546
시흥시,2089,광개토어린이집 놀이터,20100607,어린이집,민간,실외,14950,경기도 시흥시 신천로100번안길 13-1,경기도 시흥시 신천동 772-22번지,37.4376875829,126.7867613485
시흥시,554522,현진공원 어린이놀이시설,20151204,도시공원,공공,실외,14950,,경기도 시흥시 신천동 775,37.4384445291,126.7876242405
시흥시,20123,도원공원 어린이 놀이시설,20090430,도시공원,공공,실외,14947,경기도 시흥시 신천4길 46,경기도 시흥시 신천동 818-1번지,37.4383076814,126.7775540397
시흥시,20126,신흥공원 어린이 놀이시설,20050101,도시공원,공공,실외,14947,경기도 시흥시 신흥마을1길 28,경기도 시흥시 신천동 821-5번지,37.4370057615,126.778380426
시흥시,533690,새싹어린이집,20091001,어린이집,민간,실외,14947,경기도 시흥시 신천8길 37-10,경기도 시흥시 신천동 825-12번지,37.4361602273,126.7771903593
시흥시,20124,상아공원 어린이 놀이시설,20090916,도시공원,공공,실외,14947,,경기도 시흥시 신천동 826-1번지,37.4361142555,126.777619506
시흥시,20409,상아아파트 어린이 놀이터,20051010,주택단지,민간,실외,14947,경기도 시흥시 신천8길 19,경기도 시흥시 신천동 827-1번지,37.4363410727,126.778759829
시흥시,20411,동진2차 어린이 놀이터,19910428,주택단지,민간,실외,14947,,경기도 시흥시 신천동 829번지 동진아파트,37.4372719678,126.779169136
시흥시,572248,신천 코아루웰라움아파트 어린이놀이터2(101동 후면),20191227,주택단지,민간,실외,14950,,경기도 시흥시 신천동 83-103,,
시흥시,572247,신천 코아루웰라움아파트 어린이놀이터1(102동 후면),20191227,주택단지,민간,실외,14950,,경기도 시흥시 신천동 83-103,,
시흥시,1005293,시흥은행2지구신천역에피트 어린이놀이터1,20250617,주택단지,민간,실외,14950,경기도 시흥시 시흥대로 1124-17,경기도 시흥시 신천동 83-37,37.4368581235,126.7927262951
시흥시,37386,동진1차아파트 1동 놀이터,20090817,주택단지,민간,실외,14947,,경기도 시흥시 신천동 832-2번지 동진아파트,37.438503169,126.7785695192
시흥시,42110,"동진1차아파트 4,5동 놀이터",20090817,주택단지,민간,실외,14947,,경기도 시흥시 신천동 832-2번지 동진아파트,37.438503169,126.7785695192
시흥시,37387,"동진1차아파트 2,3동 놀이터",20090817,주택단지,민간,실외,14947,,경기도 시흥시 신천동 832-2번지 동진아파트,37.438503169,126.7785695192
시흥시,28705,은하수 드림필 아파트 놀이터,20081201,주택단지,민간,실외,14948,,경기도 시흥시 신천동 833-9번지 은하수드림필아파트,37.4376061466,126.780759774
시흥시,584232,푸른어린이집 실외놀이시설,20220921,어린이집,민간,실외,14949,경기도 시흥시 신천로79번길 24-1,경기도 시흥시 신천동 842-14번지,37.4374867421,126.7833607992
시흥시,584233,하늘어린이집 실외놀이시설,20220921,어린이집,민간,실외,14949,경기도 시흥시 신천로79번길 24,경기도 시흥시 신천동 842-14번지,37.4374874959,126.7834851342
시흥시,20127,새말공원 어린이 놀이시설,20050101,도시공원,공공,실외,14949,경기도 시흥시 포도원로79번길 11-3,경기도 시흥시 신천동 843-19번지,37.4367828327,126.7832205629
시흥시,507810,포도원공원 어린이 놀이시설,20090401,도시공원,공공,실외,14949,,경기도 시흥시 신천동 851-7번지,37.4353655198,126.7863257235
시흥시,20129,둥지공원 어린이 놀이시설,20090401,도시공원,공공,실외,14950,경기도 시흥시 수인로3325번길 29,경기도 시흥시 신천동 857-1번지,37.4364750859,126.7889770747
시흥시,551991,둥지동진아파트 놀이터,20150608,주택단지,민간,실외,14950,,경기도 시흥시 신천동 858번지 동진아파트,37.4358127398,126.7897519849
시흥시,20415,뉴월드아파트 어린이 놀이터(101동),19970726,주택단지,민간,실외,14951,,경기도 시흥시 신천동 869-2번지 뉴월드아파트,37.4335726934,126.7904739543
시흥시,20132,산호공원 어린이 놀이시설,20080101,도시공원,공공,실외,14951,경기도 시흥시 시흥대로1073번길 40,경기도 시흥시 신천동 870-1번지,37.4325726981,126.789059203
시흥시,20414,신천산호아파트 어린이 놀이터,19970627,주택단지,민간,실외,14951,,경기도 시흥시 신천동 870-5번지 산호아파트,37.4325726981,126.789059203
시흥시,533916,신천우남한신아파트 어린이놀이터,20120622,주택단지,민간,실외,14951,,경기도 시흥시 신천동 871-4번지 우남한신아파트,37.4319459667,126.7882626172
시흥시,27210,아름나라어린이집 놀이터,20100422,어린이집,민간,실외,14951,경기도 시흥시 신천로 5,경기도 시흥시 신천동 880-3번지,37.4332961992,126.7924659298
시흥시,20133,백제공원 어린이 놀이시설,20060101,도시공원,공공,실외,14951,,경기도 시흥시 신천동 884-5번지,37.432139676,126.7922604073
시흥시,531390,시흥은혜어린이집 놀이터,20110502,어린이집,민간,실외,14951,경기도 시흥시 신천로19번안길 8,경기도 시흥시 신천동 887-5번지,37.43140644,126.791477757
시흥시,20134,신일공원 어린이 놀이시설,20050101,도시공원,공공,실외,14951,경기도 시흥시 시흥대로1065번길 15,경기도 시흥시 신천동 890-1번지,37.4310242307,126.7908710046
시흥시,20413,신천 경남아너스빌 아파트 어린이 놀이터,20050614,주택단지,민간,실외,14950,,경기도 시흥시 신천동 943-1번지 경남아너스빌아파트,37.434529097,126.7906344768
시흥시,20130,복음공원 어린이 놀이시설,20090909,도시공원,공공,실외,14950,,경기도 시흥시 신천동 944번지,37.435116105,126.7903870241
시흥시,2151,시흥신천휴먼시아1단지아파트놀이터,20100618,주택단지,민간,실외,14950,,경기도 시흥시 신천동 946번지 휴먼시아,37.4371797542,126.7907451038
시흥시,20131,복음자리공원 어린이놀이시설,20100701,도시공원,공공,실외,14950,,경기도 시흥시 신천동 947번지,37.4355733779,126.7908655891
시흥시,532852,삼환아파트 101동 뒤 놀이터,20120113,주택단지,민간,실외,14950,,경기도 시흥시 신천동 949번지 시흥신천삼환나우빌,37.4361732734,126.7912519625
시흥시,532853,삼환아파트 105동 뒤 놀이터,20120113,주택단지,민간,실외,14950,,경기도 시흥시 신천동 949번지 시흥신천삼환나우빌,37.4361732734,126.7912519625
시흥시,1005292,신천역 한라비발디 (시흥은행지구) 어린이집 뒤 유아놀이터,20250609,주택단지,민간,실외,14950,경기도 시흥시 시흥대로 1124-17,경기도 시흥시 신천동 953번지 경기도 시흥시 시흥대로 1124-2,37.4368581235,126.7927262951
시흥시,1005289,신천역 한라비발디 (시흥은행지구) 어린이집 옆 어린이놀이터2,20250609,주택단지,민간,실외,14950,경기도 시흥시 시흥대로 1124-17,경기도 시흥시 신천동 953번지 경기도 시흥시 시흥대로 1124-2,37.4368581235,126.7927262951
시흥시,585161,편편집 시흥월곶점 실내놀이시설,20221125,식품접객업소,민간,실내,14966,경기도 시흥시 월곶중앙로58번길 5-6,경기도 시흥시 월곶동 1008번지 시흥 월곶역 블루밍더마크,37.3892864167,126.7393452427
시흥시,579856,블루밍더마크아파트 어린이놀이터,20210917,주택단지,민간,실외,14966,,경기도 시흥시 월곶동 1008번지 시흥월곶역블루밍더마크,37.3892864167,126.7393452427
시흥시,20370,월곶동 풍림2차 어린이 놀이터(210동앞),20050221,주택단지,민간,실외,14965,,경기도 시흥시 월곶동 1010-1번지 월곶2차풍림아이원아파트,37.3916530654,126.738733889
시흥시,20371,월곶동 풍림2차 어린이 놀이터(214동),20050221,주택단지,민간,실외,14965,,경기도 시흥시 월곶동 1010-1번지 월곶2차풍림아이원아파트,37.3916530654,126.738733889
시흥시,20369,월곶동 풍림2차 어린이 놀이터(204동),20050221,주택단지,민간,실외,14965,,경기도 시흥시 월곶동 1010-1번지 월곶2차풍림아이원아파트,37.3916530654,126.738733889
시흥시,549544,월곶동 풍림2차 어린이 놀이터(206동),20050221,주택단지,민간,실외,14965,,경기도 시흥시 월곶동 1010-1번지 월곶동풍림2차아파트,37.3916530654,126.738733889
시흥시,590392,월드키즈카페,20230810,놀이제공영업소,민간,실내,14964,경기도 시흥시 월곶해안로 87,경기도 시흥시 월곶동 1010-4번지,37.390650824,126.7356713032
시흥시,20373,월곶동 풍림1차 어린이 놀이터(105동옆),20021204,주택단지,민간,실외,14964,,경기도 시흥시 월곶동 1010-4번지 월곶동풍림1차아파트,37.3899168141,126.7378590107
시흥시,20372,월곶동 풍림1차 어린이 놀이터(101동옆),20021204,주택단지,민간,실외,14964,,경기도 시흥시 월곶동 1010-4번지 월곶동풍림1차아파트,37.3899168141,126.7378590107
시흥시,20375,월곶동 풍림1차 어린이 놀이터(108동 앞),20021204,주택단지,민간,실외,14964,,경기도 시흥시 월곶동 1010-4번지 월곶동풍림1차아파트,37.3899168141,126.7378590107
시흥시,20376,월곶동 풍림1차 어린이 놀이터(109동뒤),20021204,주택단지,민간,실외,14964,,경기도 시흥시 월곶동 1010-4번지 월곶동풍림1차아파트,37.3899168141,126.7378590107
시흥시,20377,월곶동 풍림1차 어린이 놀이터(114동앞),20021204,주택단지,민간,실외,14964,,경기도 시흥시 월곶동 1010-4번지 월곶동풍림1차아파트,37.3899168141,126.7378590107
시흥시,546328,하담어린이집실외놀이시설,20140612,어린이집,민간,실외,14963,경기도 시흥시 월곶중앙로 91-1,경기도 시흥시 월곶동 1011-3번지,37.3898819411,126.7352498369
시흥시,32284,월곶2유호N플러스아파트 놀이터,20090508,주택단지,민간,실외,14963,경기도 시흥시 월곶해안로161번길 25,경기도 시흥시 월곶동 1012-1번지 월곶Ⅱ 유호N플러스빌,37.3884125248,126.7352195778
시흥시,20143,월곶포구광장 어린이 놀이시설,20070515,도시공원,공공,실외,14963,,경기도 시흥시 월곶동 1012-3,37.3884102389,126.7359314796
시흥시,576158,월곶포구광장 물놀이시설,20201123,도시공원,공공,실외,14963,,경기도 시흥시 월곶동 1012-3 월곶포구광장,37.3884102389,126.7359314796
시흥시,541655,시립월곶어린이집 놀이터,20130828,어린이집,민간,실외,14963,경기도 시흥시 월곶해안로161번길 7,경기도 시흥시 월곶동 1012번지,37.3888066559,126.7362322582
시흥시,566721,신세계이마트희망장난감도서관놀이터,20181102,어린이집,공공,실내,14963,경기도 시흥시 월곶해안로161번길 7,경기도 시흥시 월곶동 1012번지,37.3888066559,126.7362322582
시흥시,20456,월곶풍림아이원3차 305동 전면,20050328,주택단지,민간,실외,14967,,경기도 시흥시 월곶동 1016번지 월곶동풍림3차아파트,37.3860733152,126.7414900726
시흥시,20457,월곶풍림아이원3차 306동,20050328,주택단지,민간,실외,14967,,경기도 시흥시 월곶동 1016번지 월곶동풍림3차아파트,37.3860733152,126.7414900726
시흥시,20364,풍림4차아파트 어린이 놀이터,20061120,주택단지,민간,실외,14967,,경기도 시흥시 월곶동 994번지 월곶동풍림4차아파트,37.387565997,126.7437455927
시흥시,577995,월곶 어울림센터 어린이집 앞 놀이시설,20210419,어린이집,공공,실외,,,경기도 시흥시 월곶동 마린월드 상가 현 월곶어울림센터(월곶동 995번지),,
시흥시,560802,쏭스 닭갈비 실내놀이시설,20170724,식품접객업소,민간,실내,14963,경기도 시흥시 월곶중앙로 71,경기도 시흥시 월곶동 센터프라자 121호,37.3889758169,126.7373037111
시흥시,575666,수변공원 3호 어린이놀이터,20200316,도시공원,공공,실외,14923,,경기도 시흥시 은행동,,
시흥시,31943,타원예스라이프아파트 놀이터,20100511,주택단지,민간,실외,14950,,경기도 시흥시 은행동 105-13번지 예스라이프아파트,37.4384366189,126.7959330757
시흥시,1005798,시흥시 은행2지구 놀이터,20250805,도시공원,공공,실외,14950,경기도 시흥시 은행로 47,경기도 시흥시 은행동 108-1번지,37.4365723769,126.7946845254
시흥시,565990,시흥은계한양수자인어린이놀이터(905동 앞),20181015,주택단지,민간,실외,,,경기도 시흥시 은행동 217-10,,
시흥시,565946,시흥은계한양수자인 908동앞 어린이놀이터1,20180925,주택단지,민간,실외,,,경기도 시흥시 은행동 217-11,,
시흥시,565947,시흥은계한양수자인 903동앞 어린이놀이터2,20180925,주택단지,민간,실외,,,경기도 시흥시 은행동 217-11,,
시흥시,24994,풍림아이원아파트 놀이터,20101004,주택단지,민간,실외,14920,,경기도 시흥시 은행동 250-5번지 풍림아파트,37.4333981696,126.7974723007
시흥시,25132,삼성홈타운아파트 놀이터,20101008,주택단지,민간,실외,14921,,경기도 시흥시 은행동 289-11번지 삼성홈타운,37.4312348106,126.7944294325
시흥시,20385,녹원아파트 어린이 놀이터,19971115,주택단지,민간,실외,14921,,경기도 시흥시 은행동 289-33번지 은행마을녹원아파트,37.4304794112,126.7962336667
시흥시,561690,은계센트럴타운아파트 502동 앞 놀이시설,20171024,주택단지,민간,실외,14923,,경기도 시흥시 은행동 38-12,,
시흥시,561688,은계센트럴타운아파트 505동 앞 놀이시설,20171024,주택단지,민간,실외,14923,,경기도 시흥시 은행동 38-12,,
시흥시,561687,은계센트럴타운아파트 511동 앞 놀이시설,20171024,주택단지,민간,실외,14923,,경기도 시흥시 은행동 38-12,,
시흥시,561691,은계센트럴타운아파트 506동 앞 놀이시설,20171024,주택단지,민간,실외,14923,,경기도 시흥시 은행동 38-12,,
시흥시,572710,근린공원 5호 어린이놀이시설,20171001,도시공원,공공,실외,,,경기도 시흥시 은행동 410(수인로3247번길59부근),37.4321422272,126.8003256337
시흥시,570657,대국민 소곱창 키즈존,20190930,식품접객업소,민간,실내,14916,경기도 시흥시 대은로104번길 4,경기도 시흥시 은행동 528-3번지,37.4451643107,126.7995667701
시흥시,28677,신명아파트 101동 앞 놀이터,20081230,주택단지,민간,실외,14917,,경기도 시흥시 은행동 538-1번지 신명아파트,37.4434162032,126.7981360599
시흥시,28678,신명아파트 102동 앞 놀이터,20081230,주택단지,민간,실외,14917,,경기도 시흥시 은행동 538-1번지 신명아파트,37.4434162032,126.7981360599
시흥시,40109,성원아파트 놀이터,20091211,주택단지,민간,실외,14917,,경기도 시흥시 은행동 538-2번지 성원아파트,37.4429105055,126.7994973433
시흥시,20141,은행공원 어린이 놀이시설,20050101,도시공원,공공,실외,,,경기도 시흥시 은행동 538-4번지,37.4423625714,126.7984637629
시흥시,37708,솔빛어린이집 놀이터,20090724,어린이집,민간,실외,14916,경기도 시흥시 대은로104번길 34,경기도 시흥시 은행동 539-3번지,37.4426713711,126.8002117643
시흥시,507842,은행 두산아파트 103동앞 놀이터,20110418,주택단지,민간,실외,14916,,경기도 시흥시 은행동 542번지 두산아파트,37.4435775622,126.8010285723
시흥시,507834,은행 두산아파트 101동앞 놀이터,20110418,주택단지,민간,실외,14916,,경기도 시흥시 은행동 542번지 두산아파트,37.4435775622,126.8010285723
시흥시,20389,대우2차아파트,19970905,주택단지,민간,실외,14916,경기도 시흥시 은행로144번길 21,경기도 시흥시 은행동 543-1번지,37.4439529774,126.8020199042
시흥시,37366,시흥대우1차아파트 101동 어린이놀이터,20090824,주택단지,민간,실외,14916,,경기도 시흥시 은행동 546번지 대우1차아파트,37.4419818233,126.7994494785
시흥시,37367,시흥대우1차아파트 관리동 어린이놀이터,20090824,주택단지,민간,실외,14916,,경기도 시흥시 은행동 546번지 대우1차아파트,37.4419818233,126.7994494785
시흥시,30438,실외놀이터(은행동3차벽산아파트),20081223,주택단지,민간,실외,14916,,경기도 시흥시 은행동 547-1번지 벽산3차아파트,37.4406703682,126.7986930109
시흥시,551952,시흥아이러브맘카페실내놀이터,20150515,어린이집,민간,실내,14916,경기도 시흥시 은행로 88,경기도 시흥시 은행동 547-6번지,37.4395176508,126.7973472705
시흥시,548953,어린이종합지원센터아이들세상,20141214,어린이집,공공,실외,14916,경기도 시흥시 은행로 88,경기도 시흥시 은행동 547-6번지,37.4395176508,126.7973472705
시흥시,24737,대우3차 1단지아파트 놀이터,20080714,주택단지,민간,실외,14918,,경기도 시흥시 은행동 549-1번지 대우3차아파트,37.4423626234,126.7967893518
시흥시,536346,대우3차 아파트 야호어린이집 앞 놀이터,20121025,주택단지,민간,실외,14918,,경기도 시흥시 은행동 549-1번지 대우3차아파트,37.4423626234,126.7967893518
시흥시,20382,대우3차 아파트 어린이 놀이터 (301동),19981026,주택단지,민간,실외,14918,,경기도 시흥시 은행동 549-1번지 대우아파트,37.4423626234,126.7967893518
시흥시,20381,대우3차2단지아파트(307동앞),19961026,주택단지,민간,실외,14918,,경기도 시흥시 은행동 550번지 대우3차아파트,37.4431881926,126.7961711713
시흥시,536757,대우3차2단지아파트(309동앞),19981026,주택단지,민간,실외,14918,,경기도 시흥시 은행동 550번지 대우3차아파트,37.4431881926,126.7961711713
시흥시,540490,대우3차2단지아파트(어린이집앞),20111130,주택단지,민간,실외,14918,,경기도 시흥시 은행동 550번지 대우3차아파트,37.4431881926,126.7961711713
시흥시,20113,비둘기공원 제1호 어린이 놀이시설,20080101,도시공원,공공,실외,14919,경기도 시흥시 대은로 52,경기도 시흥시 은행동 551번지,37.4419325921,126.7942046426
시흥시,564333,근린3호 어린이놀이시설,20180601,도시공원,공공,실외,14923,,경기도 시흥시 은행동 56-1번지 일원,,
시흥시,527756,은행동 대우4차푸르지오아파트(관리동옆),20040730,주택단지,민간,실외,14919,경기도 시흥시 은행로 93,경기도 시흥시 은행동 599-1번지,37.4402097086,126.797012976
시흥시,527757,은행동 대우4차푸르지오아파트(414동앞),20040730,주택단지,민간,실외,14919,경기도 시흥시 은행로 93,경기도 시흥시 은행동 599-1번지,37.4402097086,126.797012976
시흥시,507758,은행동 대우4차푸르지오 아파트 놀이터(405동앞),20040730,주택단지,민간,실외,14919,,경기도 시흥시 은행동 599-1번지 시흥은행4차 대우 푸르지오아파트,37.4411586353,126.7959188762
시흥시,549341,우남아파트 101동놀이터,20141210,주택단지,민간,실외,14916,,경기도 시흥시 은행동 599번지 우남아파트,37.4453141437,126.8005149954
시흥시,20383,우남아파트 관리동 놀이터,20010901,주택단지,민간,실외,14916,,경기도 시흥시 은행동 599번지 우남아파트,37.4453141437,126.8005149954
시흥시,521972,웃터골공원  어린이놀이시설,20100830,도시공원,공공,실외,14916,경기도 시흥시 대은로104번길 15,경기도 시흥시 은행동 600번지,37.4443490084,126.8003996271
시흥시,1002880,은계호수공원,20240828,도시공원,공공,실외,14923,경기도 시흥시 계수로 60,경기도 시흥시 은행동 601-150 이 주소입니다,37.4463994115,126.8072540905
시흥시,590009,시흥 은계호수지구 칼라스몰 챔피언,20230913,놀이제공영업소,민간,실내,14923,경기도 시흥시 은계중앙로 224,경기도 시흥시 은행동 608-12번지,37.4442143827,126.8050810936
시흥시,1000241,착한토끼 키즈카페 키즈룸 시흥은계하우스,20231122,놀이제공영업소,민간,실내,14923,경기도 시흥시 은계중앙로 220,경기도 시흥시 은행동 608-13번지,37.4441258467,126.8053532289
시흥시,1002886,슈퍼윙스 무인키즈카페 시흥 은계호수점,20240831,놀이제공영업소,민간,실내,14923,경기도 시흥시 은계중앙로 250,경기도 시흥시 은행동 608-3번지 오계호수타운 5층 503호 2,37.446182062,126.8040115137
시흥시,587796,랄라키즈카페,20230423,놀이제공영업소,민간,실내,14923,경기도 시흥시 은계중앙로 234,경기도 시흥시 은행동 608-8번지,37.4448867069,126.8044531021
시흥시,589011,키즈 밤비,20230615,놀이제공영업소,민간,실내,14923,경기도 시흥시 은계중앙로 234,"경기도 시흥시 은행동 608-8번지, 1동 420호",37.4448867069,126.8044531021
시흥시,587277,시흥아이꿈터 3층,20230323,아동복지시설,공공,실내,14923,경기도 시흥시 은계로 240,경기도 시흥시 은행동 611-5번지,37.4433904015,126.8044443443
시흥시,584317,시립은계1 어린이집 놀이터,20220923,어린이집,공공,실외,14923,경기도 시흥시 은계로 240,경기도 시흥시 은행동 611-5번지,37.4433904015,126.8044443443
시흥시,587075,시흥아이꿈터 4층,20230323,아동복지시설,공공,실내,14923,경기도 시흥시 은계로 240,경기도 시흥시 은행동 611-5번지,37.4433904015,126.8044443443
시흥시,565050,은계브리즈힐아파트 1009동 뒤 놀이시설,20180827,주택단지,민간,실외,14923,,경기도 시흥시 은행동 620번지 시흥은계브리즈힐,37.4384525246,126.801652747
시흥시,565054,은계브리즈힐 어린이집 유아놀이터,20180827,주택단지,민간,실외,14923,,경기도 시흥시 은행동 620번지 시흥은계브리즈힐,37.4384525246,126.801652747
시흥시,565055,은계브리즈힐아파트 1003동 앞 놀이시설,20180827,주택단지,민간,실외,14923,,경기도 시흥시 은행동 620번지 시흥은계브리즈힐,37.4384525246,126.801652747
시흥시,564420,은계우미린더퍼스트 406동 앞 어린이놀이터1,20180531,주택단지,민간,실외,14923,,경기도 시흥시 은행동 621번지 시흥은계우미린더퍼스트,37.441483793,126.8021106675
시흥시,564676,은계우미린더퍼스트 401동 앞 어린이놀이터2,20180625,주택단지,민간,실외,14923,,경기도 시흥시 은행동 621번지 시흥은계우미린더퍼스트,37.441483793,126.8021106675
시흥시,564421,은계우미린더퍼스트 406동 앞 유아놀이터,20180531,주택단지,민간,실외,14923,,경기도 시흥시 은행동 621번지 시흥은계우미린더퍼스트,37.441483793,126.8021106675
시흥시,572148,은계 제일풍경채더숲 어린이놀이터1,20200108,주택단지,민간,실외,14923,,경기도 시흥시 은행동 625번지 제일풍경채더숲,37.4406657595,126.8070808655
시흥시,572150,은계 제일풍경채더숲 유아놀이터,20200108,주택단지,민간,실외,14923,,경기도 시흥시 은행동 625번지 제일풍경채더숲,37.4406657595,126.8070808655
시흥시,572149,은계 제일풍경채더숲 어린이놀이터2,20200108,주택단지,민간,실외,14923,,경기도 시흥시 은행동 625번지 제일풍경채더숲,37.4406657595,126.8070808655
시흥시,564219,은계 네이처포레 아파트 1103동 앞 놀이터 놀이시설(어린이놀이터1),20180226,주택단지,공공,실외,14923,,경기도 시흥시 은행동 632번지 네이처포레,37.4385235567,126.8075979946
시흥시,564220,은계 네이처포레 1112동 앞 놀이터 놀이시설(어린이놀이터2),20180226,주택단지,공공,실외,14923,,경기도 시흥시 은행동 632번지 네이처포레,37.4385235567,126.8075979946
시흥시,564222,은계 네이처포레 아파트 1107동 앞 놀이터 놀이시설(어린이놀이터3),20180223,주택단지,공공,실외,14923,,경기도 시흥시 은행동 632번지 네이처포레,37.4385235567,126.8075979946
시흥시,564216,은계 네이처포레아파트 1106동 앞 어린이집 부속 놀이시설(유아놀이터),20180316,주택단지,공공,실외,14923,,경기도 시흥시 은행동 632번지 네이처포레,37.4385235567,126.8075979946
시흥시,566397,시흥은계호반써밋플레이스 1304동 유아놀이터,20181110,주택단지,민간,실외,14922,,경기도 시흥시 은행동 644번지 시흥은계호반써밋플레이스,37.4351025771,126.8037071995
시흥시,566396,시흥은계호반써밋플레이스 1302동 어린이놀이터,20181110,주택단지,민간,실외,14922,,경기도 시흥시 은행동 644번지 시흥은계호반써밋플레이스,37.4351025771,126.8037071995
시흥시,571352,점핑파크 시흥은계점(디스퀘어건물 5층),20191101,놀이제공영업소,민간,실내,14922,경기도 시흥시 은계번영길 28,경기도 시흥시 은행동 645-5번지,37.4365417418,126.803196503
시흥시,1000886,상일회관 은계점,20240120,식품접객업소,민간,실내,14922,경기도 시흥시 은계번영길 28,경기도 시흥시 은행동 645-5번지,37.4365417418,126.803196503
시흥시,571198,쿠우쿠우 은계점,20191028,식품접객업소,민간,실내,14922,경기도 시흥시 은계번영길 23,경기도 시흥시 은행동 646-10번지,37.4371409352,126.8039256944
시흥시,1000587,뉴키즈온더퍼플 놀이시설,20231208,놀이제공영업소,민간,실내,14922,경기도 시흥시 은계번영길 25,경기도 시흥시 은행동 646-11번지,37.436780611,126.8039629429
시흥시,587217,아이맘 키즈룸 시흥은계점,20230401,놀이제공영업소,민간,실내,14922,경기도 시흥시 은계번영길 27,경기도 시흥시 은행동 646-12번지,37.4365371908,126.8039538936
시흥시,566122,은계LH7단지아파트 704동 앞 어린이놀이터,20181030,주택단지,민간,실외,14922,경기도 시흥시 은계번영길 11,경기도 시흥시 은행동 646-5번지,37.4374281699,126.8021935463
시흥시,574327,은계파크자이아파트 유아놀이터(어린이집 앞),20200620,주택단지,민간,실외,14922,,경기도 시흥시 은행동 647번지 은계파크자이,37.4371373067,126.7987372854
시흥시,575405,시흥은계파크자이 어린이놀이터1,20200921,주택단지,민간,실외,14922,,경기도 시흥시 은행동 647번지 은계파크자이,37.4371373067,126.7987372854
시흥시,574404,은계파크자이아파트 어린이놀이터3(612동앞),20200619,주택단지,민간,실외,14922,,경기도 시흥시 은행동 647번지 은계파크자이,37.4371373067,126.7987372854
시흥시,574326,은계파크자이아파트 어린이놀이터2(603동 앞),20200620,주택단지,민간,실외,14922,,경기도 시흥시 은행동 647번지 은계파크자이,37.4371373067,126.7987372854
시흥시,1001360,시립은계2어울림어린이집 놀이터,20240317,어린이집,공공,실외,14922,경기도 시흥시 수인로3247번길 33,경기도 시흥시 은행동 651-5번지,37.4357803783,126.7979134809
시흥시,1003901,한마음정육식당  시흥 은계점,20241216,식품접객업소,민간,실내,14922,경기도 시흥시 수인로3247번길 19,경기도 시흥시 은행동 651번지,37.4367274237,126.7980176712
시흥시,566307,은계LH7단지아파트 보육시설 뒤 어린이놀이터,20181109,주택단지,공공,실외,14922,,경기도 시흥시 은행동 660번지 시흥은계엘에이치7단지,37.4343466231,126.8008544482
시흥시,566306,은계LH7단지아파트 707동 뒤 어린이놀이터,20181109,주택단지,민간,실외,14922,,경기도 시흥시 은행동 660번지 시흥은계엘에이치7단지,37.4343466231,126.8008544482
시흥시,574790,"시흥은계 아란트리(8단지, S-3BL) 아파트 유아놀이터(보육시설 앞)",20200703,주택단지,민간,실외,14922,,경기도 시흥시 은행동 662번지 엘에이치아란트리,37.4322059749,126.8031575766
시흥시,574789,"시흥은계 아란트리(8단지, S-3BL) 아파트 어린이놀이터2(806동 앞)",20200703,주택단지,민간,실외,14922,,경기도 시흥시 은행동 662번지 엘에이치아란트리,37.4322059749,126.8031575766
시흥시,574788,"시흥은계 아란트리(8단지, S-3BL) 아파트 어린이놀이터1 (802동 앞)",20200703,주택단지,민간,실외,14922,,경기도 시흥시 은행동 662번지 엘에이치아란트리,37.4322059749,126.8031575766
시흥시,585163,시흥장현영무예다음 - 어린이놀이터1,20221005,주택단지,민간,실외,,,경기도 시흥시 장곡동 200 (102동 앞),,
시흥시,585164,시흥장현영무예다음 - 어린이놀이터2,20221005,주택단지,민간,실외,,,경기도 시흥시 장곡동 200 (102동 앞),,
시흥시,585162,시흥장현영무예다음 - 유아놀이터,20221005,주택단지,민간,실외,,,"경기도 시흥시 장곡동 200, 105동 앞",,
시흥시,584175,시흥장현 유승한내들 퍼스트파크 유아놀이터,20220914,주택단지,민간,실외,,,경기도 시흥시 장곡동 231-1,,
시흥시,584177,시흥장현 유승한내들 퍼스트파크 어린이놀이터-2,20220914,주택단지,민간,실외,,,경기도 시흥시 장곡동 231-1,,
시흥시,584176,시흥장현 유승한내들 퍼스트파크 어린이놀이터-1,20220914,주택단지,민간,실외,,,경기도 시흥시 장곡동 231-1,,
시흥시,588476,시흥장현 문화마을마당 물놀이장,20230612,도시공원,공공,실외,,,경기도 시흥시 장곡동 285-1,,
시흥시,581537,시흥 장현 B-2BL 중앙광장 어린이놀이터,20220216,주택단지,공공,실외,,,경기도 시흥시 장곡동 295번지,,
시흥시,581538,시흥 장현 B-2BL 어린이집 앞 어린이놀이터,20220216,주택단지,공공,실외,,,경기도 시흥시 장곡동 295번지,,
시흥시,581535,시흥 장현 B-2BL 206동~207동 사이 어린이놀이터,20220216,주택단지,공공,실외,,,경기도 시흥시 장곡동 295번지,,
시흥시,581536,시흥 장현 B-2BL 208동~209동 사이 어린이놀이터,20220216,주택단지,공공,실외,,,경기도 시흥시 장곡동 295번지,,
시흥시,581534,시흥 장현 B-2BL 203동~204동 사이 어린이놀이터,20220216,주택단지,공공,실외,,,경기도 시흥시 장곡동 295번지,,
시흥시,589069,장현더포레마제아파트 실내놀이시설,20230712,주택단지,민간,실내,14997,경기도 시흥시 황고개로 462-4,경기도 시흥시 장곡동 312-7번지 더포레마제,37.3718122009,126.7906268999
시흥시,588519,장현더포레마제아파트 유아놀이터-2,20230526,주택단지,민간,실외,,,경기도 시흥시 장곡동 327,,
시흥시,588518,장현더포레마제아파트 유아놀이터-1,20230526,주택단지,민간,실외,,,경기도 시흥시 장곡동 327,,
시흥시,588516,장현더포레마제아파트 어린이놀이터-1,20230526,주택단지,민간,실외,,,경기도 시흥시 장곡동 327,,
시흥시,588517,장현더포레마제아파트 어린이놀이터-3,20230526,주택단지,민간,실외,,,경기도 시흥시 장곡동 327,,
시흥시,588661,장현더포레마제아파트 어린이놀이터-2,20230628,주택단지,민간,실외,,,경기도 시흥시 장곡동 327,,
시흥시,573815,시흥경찰서 직장어린이집 옥상놀이터,20200425,어린이집,공공,실외,15002,경기도 시흥시 황고개로 513,경기도 시흥시 장곡동 340번지,37.3768086582,126.7881062989
시흥시,574714,장현LH17단지아파트 1703동 앞 어린이놀이터1,20200714,주택단지,민간,실외,15001,,경기도 시흥시 장곡동 553-2,,
시흥시,574715,장현LH17단지아파트 1702동 앞 어린이놀이터2,20200714,주택단지,민간,실외,15001,,경기도 시흥시 장곡동 553-2,,
시흥시,574716,장현LH17단지아파트 어린이집 앞 유아놀이터,20200714,주택단지,민간,실외,15001,,경기도 시흥시 장곡동 553-2,,
시흥시,563813,시흥갯골생태공원 생태(상상)놀이터,20180403,도시공원,민간,실외,14971,경기도 시흥시 동서로 287,경기도 시흥시 장곡동 724-32번지,37.3897919258,126.7812507272
시흥시,529297,우주어린이집 놀이터,20101021,어린이집,민간,실내,15002,경기도 시흥시 장곡로54번길 27,경기도 시흥시 장곡동 795-6번지,37.3818854618,126.7824896331
시흥시,583808,우주어린이집 옥상놀이터,20220623,어린이집,민간,실외,15002,경기도 시흥시 장곡로54번길 27,경기도 시흥시 장곡동 795-6번지,37.3818854618,126.7824896331
시흥시,533877,시립장곡어린이집 실외놀이터,20070101,어린이집,민간,실외,15002,경기도 시흥시 장곡로70번길 11-8,경기도 시흥시 장곡동 798-1번지,37.3808535249,126.780285581
시흥시,20189,매꼴공원 어린이 놀이시설,20011201,도시공원,공공,실외,15002,,경기도 시흥시 장곡동 798-2번지,37.3812459302,126.7806415636
시흥시,590223,무인키즈카페 예스키즈 시흥장곡점,20230829,놀이제공영업소,민간,실내,15002,경기도 시흥시 장곡로70번길 7-8,경기도 시흥시 장곡동 800-8번지,37.3803950921,126.7804932769
시흥시,507924,동양덱스빌아파트 관리동 놀이터,20110428,주택단지,민간,실외,15002,,경기도 시흥시 장곡동 804번지 동양아파트,37.3803358563,126.7796466991
시흥시,507931,동양덱스빌아파트 253동 놀이터,20110428,주택단지,민간,실외,15002,,경기도 시흥시 장곡동 804번지 동양아파트,37.3803358563,126.7796466991
시흥시,20420,매꼴마을 삼성아파트 어린이 놀이터(관리소앞),19990416,주택단지,민간,실외,15002,,경기도 시흥시 장곡동 805번지 매꼴마을삼성아파트,37.3773145974,126.779370637
시흥시,20421,매꼴마을 삼성아파트 어린이 놀이터(247동앞),19990416,주택단지,민간,실외,15002,,경기도 시흥시 장곡동 805번지 매꼴마을삼성아파트,37.3773145974,126.779370637
시흥시,20440,숲속마을 벽산삼익 아파트 어린이 놀이터(225동뒤),19991030,주택단지,민간,실외,15002,,경기도 시흥시 장곡동 806번지 숲속마을아파트,37.3768176314,126.7806516955
시흥시,20439,숲속마을 벽산삼익 아파트 어린이 놀이터(222동위),19991030,주택단지,민간,실외,15002,,경기도 시흥시 장곡동 806번지 숲속마을아파트,37.3768176314,126.7806516955
시흥시,25807,숲속마을벽산삼익아파트 놀이터(관리동옆),20100827,주택단지,민간,실외,15002,,경기도 시흥시 장곡동 806번지 숲속마을아파트,37.3768176314,126.7806516955
시흥시,20435,숲속마을 아파트 어린이 놀이터(210동옆),19990830,주택단지,민간,실외,15002,경기도 시흥시 장곡로53번길 12,경기도 시흥시 장곡동 807번지,37.3783249969,126.7824783751
시흥시,20434,숲속마을 아파트 어린이 놀이터(215동앞),19990830,주택단지,민간,실외,15002,경기도 시흥시 장곡로53번길 12,경기도 시흥시 장곡동 807번지,37.3783249969,126.7824783751
시흥시,20436,숲속마을 아파트 어린이 놀이터(205동),19990830,주택단지,민간,실외,15002,경기도 시흥시 장곡로53번길 12,경기도 시흥시 장곡동 807번지,37.3783249969,126.7824783751
시흥시,20437,숲속마을 아파트 어린이 놀이터(218동옆),19990830,주택단지,민간,실외,15002,경기도 시흥시 장곡로53번길 12,경기도 시흥시 장곡동 807번지,37.3783249969,126.7824783751
시흥시,20192,장곡공원 어린이 놀이시설,20011201,도시공원,공공,실외,15002,경기도 시흥시 진말로19번길 13,경기도 시흥시 장곡동 815번지,37.3790107711,126.7840870342
시흥시,1003268,시흥 장곡공원 물놀이터,20241017,도시공원,공공,실외,15002,경기도 시흥시 진말로19번길 13,경기도 시흥시 장곡동 815번지 장곡동마을회관,37.3790107711,126.7840870342
시흥시,20429,진말대우3차아파트 어린이 놀이터(123동앞),20001127,주택단지,민간,실외,15002,경기도 시흥시 진말로 10-1,경기도 시흥시 장곡동 824번지,37.3780028018,126.7858360308
시흥시,20425,진말연성대우우성아파트 114동 놀이터,19990629,주택단지,민간,실외,15002,,경기도 시흥시 장곡동 824번지 대우아파트,37.3784714174,126.7858202921
시흥시,20433,진말대우3차아파트 어린이 놀이터(126동앞),20001127,주택단지,민간,실외,15002,,경기도 시흥시 장곡동 824번지 대우아파트,37.3784714174,126.7858202921
시흥시,20428,진말연성대우우성아파트 116동 놀이터,19990629,주택단지,민간,실외,15002,,경기도 시흥시 장곡동 824번지 대우아파트,37.3784714174,126.7858202921
시흥시,20190,진말공원 어린이놀이시설,20011201,도시공원,공공,실외,15002,,경기도 시흥시 장곡동 825-2번지,37.3783466144,126.787780062
시흥시,20424,삼환 한진 아파트 어린이놀이터(104동뒤),19990927,주택단지,민간,실외,15002,,경기도 시흥시 장곡동 829번지 삼환한진아파트,37.3819332648,126.7874140125
시흥시,20423,삼환 한진 아파트 어린이놀이터(105동옆),19990927,주택단지,민간,실외,15002,,경기도 시흥시 장곡동 829번지 삼환한진아파트,37.3819332648,126.7874140125
시흥시,574443,시흥장현 LH19단지 내 실외 어린이놀이시설1 (1902동 앞),20200620,주택단지,민간,실외,15002,,경기도 시흥시 장곡동 879번지 시흥장현19단지,37.3819429139,126.78453357
시흥시,574444,시흥장현 LH19단지 내 실외 어린이놀이시설2 (1901동 뒤),20200620,주택단지,민간,실외,15002,,경기도 시흥시 장곡동 879번지 시흥장현19단지,37.3819429139,126.78453357
시흥시,574445,시흥장현 LH19단지 내 실외 어린이놀이시설3 (어린이집 측면),20200620,주택단지,민간,실외,15002,,경기도 시흥시 장곡동 879번지 시흥장현19단지,37.3819429139,126.78453357
시흥시,578461,장현LH18단지아파트 제3어린이놀이터 (1803~1804동 사이/사회적기업 앞),20210521,주택단지,민간,실외,15002,,경기도 시흥시 장곡동 880번지 시흥장현엘에이치18단지,37.3808741747,126.7851762626
시흥시,578460,장현LH18단지아파트 제2어린이놀이터 중앙광장(키즈센터 앞),20210521,주택단지,민간,실외,15002,,경기도 시흥시 장곡동 880번지 시흥장현엘에이치18단지,37.3808741747,126.7851762626
시흥시,578459,장현LH18단지아파트 제1어린이놀이터(1801동 1802동 사이),20210521,주택단지,민간,실외,15002,,경기도 시흥시 장곡동 880번지 시흥장현엘에이치18단지,37.3808741747,126.7851762626
시흥시,578462,장현LH18단지아파트 유아놀이터(1803동 북측면),20210521,주택단지,민간,실외,15002,,경기도 시흥시 장곡동 880번지 시흥장현엘에이치18단지,37.3808741747,126.7851762626
시흥시,590096,우리끼리 키즈카페 꿈꾸는마을 시흥장곡점,20230923,놀이제공영업소,민간,실외,15002,경기도 시흥시 장곡1로 5,경기도 시흥시 장곡동 882-4번지,37.3796376666,126.7849056206
시흥시,585021,브리앙뜨 워터키즈룸 시흥장곡역점 놀이시설,20221114,놀이제공영업소,민간,실내,15002,경기도 시흥시 측백나무길 12,경기도 시흥시 장곡동 886-10번지,37.3823203162,126.788822294
시흥시,570134,장곡시립어울림어린이집 놀이시설,20190705,어린이집,공공,실외,15002,경기도 시흥시 인선길 14,경기도 시흥시 장곡동 896번지,37.3774752918,126.7880435237
시흥시,573093,루벤시아 어린이놀이터3 (202동 옆),20191211,주택단지,민간,실외,14996,,경기도 시흥시 장곡동 920번지 시흥장현루벤시아1차,37.3826516447,126.7899600208
시흥시,573092,루벤시아 어린이놀이터2 (205동 뒤),20191211,주택단지,민간,실외,14996,,경기도 시흥시 장곡동 920번지 시흥장현루벤시아1차,37.3826516447,126.7899600208
시흥시,573094,루벤시아 유아놀이터 (206동 옆),20191211,주택단지,민간,실외,14996,,경기도 시흥시 장곡동 920번지 시흥장현루벤시아1차,37.3826516447,126.7899600208
시흥시,573091,루벤시아 어린이놀이터1 (206동 뒤),20191211,주택단지,민간,실외,14996,,경기도 시흥시 장곡동 920번지 시흥장현루벤시아1차,37.3826516447,126.7899600208
시흥시,1001810,편백회관 장곡점,20240411,식품접객업소,민간,실내,14996,경기도 시흥시 진말1로 8,경기도 시흥시 장곡동 934-1번지,37.3785040334,126.789739341
시흥시,1001086,장현유승한내들 실내놀이시설,20240208,주택단지,민간,실내,14996,,경기도 시흥시 장곡동 936번지 유승한내들퍼스트파크,37.3780571632,126.7918782942
시흥시,589112,가온공원 숲놀이터,20230713,도시공원,공공,실외,14996,,경기도 시흥시 장곡동 938-1번지,37.3761166475,126.7923365391
시흥시,1000817,시흥장현데시앙아파트 -유아놀이터,20231204,주택단지,민간,실외,14996,,경기도 시흥시 장곡동 942번지 시흥장현데시앙,37.3760855257,126.790767369
시흥시,1000816,시흥장현데시앙아파트 -어린이놀이터2,20231204,주택단지,민간,실외,14996,,경기도 시흥시 장곡동 942번지 시흥장현데시앙,37.3760855257,126.790767369
시흥시,1000815,시흥장현데시앙아파트 -어린이놀이터1,20231204,주택단지,민간,실외,14996,,경기도 시흥시 장곡동 942번지 시흥장현데시앙,37.3760855257,126.790767369
시흥시,582397,트리블센텀 - 키즈복합존,20220418,주택단지,민간,실내,,,"경기도 시흥시 장현동 160, 코오롱 시흥장현 LH아파트 A-8블럭",,
시흥시,569546,시흥장현 네이처뷰 어린이놀이터2(2605동 앞),20190525,주택단지,민간,실외,,,경기도 시흥시 장현동 171-1,,
시흥시,569545,시흥장현 네이처뷰 어린이놀이터1(2603동앞),20190525,주택단지,민간,실외,,,경기도 시흥시 장현동 171-1,,
시흥시,569547,시흥장현 네이처뷰 어린이집 유아놀이터2(경로당 옆),20190525,주택단지,민간,실외,,,경기도 시흥시 장현동 171-1,,
시흥시,542047,시흥시청어린이집,20131003,어린이집,공공,실외,14998,경기도 시흥시 시청로 20,경기도 시흥시 장현동 300번지,37.3802568167,126.8040790718
시흥시,584389,신혼희망타운행복주택아파트 1202동앞 어린이놀이터3,20220923,주택단지,공공,실외,,,경기도 시흥시 장현동 342-1,,
시흥시,584390,신혼희망타운행복주택아파트 어린이집앞 유아놀이터,20220923,주택단지,공공,실외,,,경기도 시흥시 장현동 342-1,,
시흥시,584577,시흥장현 A12BL 신혼희망타운 아파트 어린이물놀이터,20221001,주택단지,민간,실외,,,경기도 시흥시 장현동 342-1,,
시흥시,20188,새재어린이공원 어린이 놀이시설,20011201,도시공원,공공,실외,14998,경기도 시흥시 시청로72번길 25-6,경기도 시흥시 장현동 529-1번지,37.3826741912,126.8013118972
시흥시,551568,크레용어린이집(1층),20150420,어린이집,민간,실외,14998,경기도 시흥시 시청로72번길 15-2,경기도 시흥시 장현동 533-5번지,37.381742897,126.8008235371
시흥시,550291,크레용어린이집 옥상놀이터,20150204,어린이집,민간,실외,14998,경기도 시흥시 시청로72번길 15-2,경기도 시흥시 장현동 533-5번지,37.381742897,126.8008235371
시흥시,555425,시흥하이 어린이집 옥상놀이터,20160329,어린이집,민간,실외,14998,경기도 시흥시 시청로72번길 11-1,경기도 시흥시 장현동 536-5번지,37.3813616716,126.8003752599
시흥시,588035,바니거니 시흥시청점,20230511,놀이제공영업소,민간,실내,14998,경기도 시흥시 시청로68번길 3,경기도 시흥시 장현동 539-3번지,37.3807378912,126.8000647859
시흥시,545953,새재마을 대동아파트,20140520,주택단지,민간,실외,14998,,경기도 시흥시 장현동 540번지 대동아파트,37.3795958909,126.8005272059
시흥시,20432,새재마을  청구아파트,20140520,주택단지,민간,실외,14998,,경기도 시흥시 장현동 540번지 청구아파트,37.3805703696,126.7991740144
시흥시,573095,루벤시아 어린이놀이터1 (1002동 옆),20191219,주택단지,민간,실외,14996,,경기도 시흥시 장현동 569번지 시흥장현루벤시아2차,37.3826127018,126.7970201382
시흥시,573097,루벤시아 유아놀이터 (단지 내 유치원 뒤),20191219,주택단지,민간,실외,14996,,경기도 시흥시 장현동 569번지 시흥장현루벤시아2차,37.3826127018,126.7970201382
시흥시,573096,루벤시아 어린이놀이터2 (1004동 뒤),20191219,주택단지,민간,실외,14996,,경기도 시흥시 장현동 569번지 시흥장현루벤시아2차,37.3826127018,126.7970201382
시흥시,581619,LH TRIPLE CENTUM 2506동 앞 촉촉놀이터,20220216,주택단지,공공,실외,14996,,경기도 시흥시 장현동 580번지 엘에이치트리플센텀,37.3820076109,126.7968224677
시흥시,581618,LH TRIPLE CENTUM 2505동 앞 숲속놀이터,20220216,주택단지,공공,실외,14996,,경기도 시흥시 장현동 580번지 엘에이치트리플센텀,37.3820076109,126.7968224677
시흥시,581620,LH TRIPLE CENTUM 2507동 앞 비가와도놀이터,20220216,주택단지,공공,실외,14996,,경기도 시흥시 장현동 580번지 엘에이치트리플센텀,37.3820076109,126.7968224677
시흥시,585432,도담도담놀이터,20220526,주택단지,공공,실내,14996,경기도 시흥시 장현순환로 20,경기도 시흥시 장현동 588번지 시흥장현A12블럭 신혼희망타운,37.3798977773,126.7936908088
시흥시,584212,시흥장현A12블록 신혼희망타운 어린이놀이터2(2202동),20220913,주택단지,민간,실외,14996,경기도 시흥시 장현순환로 20,경기도 시흥시 장현동 588번지 시흥장현A12블럭 신혼희망타운,37.3798977773,126.7936908088
시흥시,1001406,가온공원 자가발전모노레일,20240405,도시공원,공공,실외,14996,경기도 시흥시 장현순환로 50,경기도 시흥시 장현동 590번지,37.3775043947,126.7959157472
시흥시,574629,장현호반써밋아파트 공용시설 키즈카페(지하1층),20200706,주택단지,민간,실내,14996,,경기도 시흥시 장현동 591번지 장현호반써밋,37.3747138744,126.7950269845
시흥시,573331,장현호반써밋아파트 어린이놀이터2(1202동앞),20200318,주택단지,민간,실외,14996,,경기도 시흥시 장현동 591번지 장현호반써밋,37.3747138744,126.7950269845
시흥시,573330,장현호반써밋아파트 어린이놀이터1(1205동앞),20200318,주택단지,민간,실외,14996,,경기도 시흥시 장현동 591번지 장현호반써밋,37.3747138744,126.7950269845
시흥시,573283,장현호반써밋아파트 어린이놀이터3(101동뒤),20200330,주택단지,민간,실외,14996,,경기도 시흥시 장현동 591번지 장현호반써밋,37.3747138744,126.7950269845
시흥시,574095,시흥 능곡역 모아 미래도 에듀포레 어린이놀이터3(1109동~1111동 사이),20200510,주택단지,민간,실외,14996,,경기도 시흥시 장현동 608번지 시흥능곡역모아미래도에듀포레,37.3744096409,126.7969159919
시흥시,573883,시흥 능곡역 모아 미래도 에듀포레 유아놀이터(1107동 앞),20200510,주택단지,민간,실외,14996,,경기도 시흥시 장현동 608번지 시흥능곡역모아미래도에듀포레,37.3744096409,126.7969159919
시흥시,573882,시흥 능곡역 모아 미래도 에듀포레 어린이놀이터2(1103~1106동 사이),20200510,주택단지,민간,실외,14996,,경기도 시흥시 장현동 608번지 시흥능곡역모아미래도에듀포레,37.3744096409,126.7969159919
시흥시,573881,시흥 능곡역 모아 미래도 에듀포레 어린이놀이터1(1101~1105동 사이),20200510,주택단지,민간,실외,14996,,경기도 시흥시 장현동 608번지 시흥능곡역모아미래도에듀포레,37.3744096409,126.7969159919
시흥시,574063,시흥장현 제일풍경채에듀 실내놀이시설,20200522,주택단지,민간,실내,14996,,경기도 시흥시 장현동 632번지 제일풍경채에듀,37.3716882646,126.7970430373
시흥시,574182,시흥장현 제일풍경채에듀 어린이놀이터1,20200601,주택단지,민간,실외,14996,,경기도 시흥시 장현동 632번지 제일풍경채에듀,37.3716882646,126.7970430373
시흥시,574183,시흥장현 제일풍경채에듀 어린이놀이터2,20200601,주택단지,민간,실외,14996,,경기도 시흥시 장현동 632번지 제일풍경채에듀,37.3716882646,126.7970430373
시흥시,574184,시흥장현 제일풍경채에듀 어린이놀이터3,20200601,주택단지,민간,실외,14996,,경기도 시흥시 장현동 632번지 제일풍경채에듀,37.3716882646,126.7970430373
시흥시,574098,시흥능곡역 장현리슈빌퍼스트클래스아파트 107동 어린이놀이터,20200425,주택단지,민간,실외,14996,,경기도 시흥시 장현동 636번지 계룡리슈빌,37.3697890475,126.7959765658
시흥시,574097,시흥능곡역 장현리슈빌퍼스트클래스아파트 104동 어린이놀이터,20200425,주택단지,민간,실외,14996,,경기도 시흥시 장현동 636번지 계룡리슈빌,37.3697890475,126.7959765658
시흥시,574099,시흥능곡역 장현리슈빌퍼스트클래스아파트 어린이집옆 유아놀이터,20200425,주택단지,민간,실외,14996,,경기도 시흥시 장현동 636번지 계룡리슈빌,37.3697890475,126.7959765658
시흥시,574096,시흥능곡역 장현리슈빌퍼스트클래스아파트 102동 어린이놀이터,20200425,주택단지,민간,실외,14996,,경기도 시흥시 장현동 636번지 계룡리슈빌,37.3697890475,126.7959765658
시흥시,575208,장현리슈빌 퍼스트클래스아파트 1009동 플레이가든,20200901,주택단지,민간,실내,14996,경기도 시흥시 장현순환로 130,경기도 시흥시 장현동 636번지 시흥능곡역 장현리슈빌 퍼스트클래스,37.3697890475,126.7959765658
시흥시,584153,시흥장현 23단지 어린이놀이터 1,20220817,주택단지,민간,실외,14971,,경기도 시흥시 장현동 66-2,,
시흥시,583811,시흥장현 23단지 어린이집 앞 유아 놀이터,20220817,주택단지,민간,실외,14971,,경기도 시흥시 장현동 66-2,,
시흥시,584154,시흥장현 23단지 어린이놀이터 2,20220817,주택단지,민간,실외,14971,,경기도 시흥시 장현동 66-2,,
시흥시,564576,물빛공원 어린이놀이시설,20180328,도시공원,공공,실외,15119,,경기도 시흥시 정왕동,,
시흥시,1001879,바베큐팩토리,20240412,식품접객업소,민간,실내,15119,경기도 시흥시 거북섬서로 45,경기도 시흥시 정왕동,37.3301850937,126.6775657662
시흥시,531972,한솔어린이집 놀이터,20100901,어린이집,민간,실외,15052,경기도 시흥시 정왕천로431번길 4-1,경기도 시흥시 정왕동 1173-9번지,37.3460731142,126.7532053173
시흥시,553736,하늘채어린이집 놀이터,20151023,어린이집,민간,실외,15052,경기도 시흥시 군서로54번길 18,경기도 시흥시 정왕동 1184번지,37.3476607121,126.7477024912
시흥시,532144,푸른솔어린이집 놀이터,20110310,어린이집,민간,실외,15052,경기도 시흥시 군서로46번길 14,경기도 시흥시 정왕동 1186-11번지,37.3468796568,126.7481957634
시흥시,20159,별공원 어린이 놀이시설,19981015,도시공원,공공,실외,15052,경기도 시흥시 군서로18번길 16-1,경기도 시흥시 정왕동 1192-1번지,37.3456614033,126.7508159077
시흥시,1001434,강뚝꼬치구이 실내놀이시설,20240322,식품접객업소,민간,실내,15052,경기도 시흥시 정왕시장길 51,경기도 시흥시 정왕동 1203번지,37.3458093904,126.7485677164
시흥시,560576,노리파크 정왕점,20170630,놀이제공영업소,민간,실내,15052,경기도 시흥시 정왕시장길 51,경기도 시흥시 정왕동 1203번지,37.3458093904,126.7485677164
시흥시,20161,무지개공원 어린이 놀이시설,19981015,도시공원,공공,실외,15052,경기도 시흥시 군서로54번길 4,경기도 시흥시 정왕동 1207-1번지,37.3465743968,126.7469681789
시흥시,553158,공단선교어린이집,20150923,어린이집,민간,실외,15052,경기도 시흥시 군서로 37,경기도 시흥시 정왕동 1212-6번지,37.3454894111,126.7478596349
시흥시,548473,시립산업단지어린이집놀이터,20060820,어린이집,민간,실외,15079,경기도 시흥시 공단1대로259번길 9,경기도 시흥시 정왕동 1366-5번지,37.3362798573,126.7300251491
시흥시,540532,시화 영남4차아파트 어린이 놀이시설(410동앞),19960228,주택단지,민간,실외,15025,,경기도 시흥시 정왕동 1394-2번지 영남4차아파트,37.3539481197,126.7358064979
시흥시,540531,시화 영남4차아파트 어린이 놀이시설(402동앞),19960228,주택단지,민간,실외,15025,,경기도 시흥시 정왕동 1394-2번지 영남4차아파트,37.3539481197,126.7358064979
시흥시,20322,시화아주아파트 101동 옆 놀이터,19940926,주택단지,민간,실외,15025,,경기도 시흥시 정왕동 1394번지 아주아파트,37.3535807349,126.7347488488
시흥시,545221,시화아주아파트 103동 앞 놀이터,20140519,주택단지,민간,실외,15025,경기도 시흥시 정왕신길로139번길 4,경기도 시흥시 정왕동 1394번지 아주아파트(서촌마을2길 9),37.3535807349,126.7347488488
시흥시,542807,시립정왕1동어린이집,20131027,어린이집,공공,실외,15059,경기도 시흥시 큰솔로27번길 2,경기도 시흥시 정왕동 1408-9번지,37.340250082,126.7517502255
시흥시,20156,새싹공원 어린이 놀이시설,19981015,도시공원,공공,실외,15059,,경기도 시흥시 정왕동 1412-9번지,37.340107201,126.751173851
시흥시,20157,달공원 어린이 놀이시설,19981015,도시공원,공공,실외,15051,,경기도 시흥시 정왕동 1504-2번지,37.3453823114,126.7548827664
시흥시,583046,큰솔공원 물놀이시설,20220614,도시공원,공공,실외,15051,,경기도 시흥시 정왕동 1512,37.3442214653,126.7540252328
시흥시,528062,큰솔공원 어린이 놀이시설,20070101,도시공원,공공,실외,15051,경기도 시흥시 큰솔로 67-8,경기도 시흥시 정왕동 1512번지,37.3436511454,126.753635734
시흥시,20154,해공원 어린이 놀이시설,19981015,도시공원,공공,실외,15051,,경기도 시흥시 정왕동 1542-5번지,37.3417681718,126.7559868279
시흥시,20160,꿈동산공원 어린이 놀이시설,19981015,도시공원,공공,실외,,,경기도 시흥시 정왕동 1569-10번지,37.3424934383,126.7479963579
시흥시,528061,군서공원 어린이 놀이시설,20070101,도시공원,공공,실외,15057,경기도 시흥시 정왕천로369번길 46,경기도 시흥시 정왕동 1581번지,37.3441305669,126.7453781427
시흥시,30601,군서희망공원 어린이 놀이시설,20090305,도시공원,공공,실외,15056,,경기도 시흥시 정왕동 1607,37.3458062763,126.7424007255
시흥시,549818,이바돔제주도야지 정왕점,20141210,식품접객업소,민간,실내,15062,경기도 시흥시 중심상가로 313,경기도 시흥시 정왕동 1624-10번지,37.3376898233,126.7474294224
시흥시,38795,유천아파트 903동 902동 측면 놀이터,20100820,주택단지,민간,실외,15062,,경기도 시흥시 정왕동 1628번지 유천아파트,37.3365130691,126.7509067828
시흥시,38796,유천아파트 909동 907동 사이 놀이터,20100820,주택단지,민간,실외,15062,,경기도 시흥시 정왕동 1628번지 유천아파트,37.3365130691,126.7509067828
시흥시,539300,무진아파트 어린이 놀이시설(111동 앞),19960727,주택단지,민간,실외,15062,,경기도 시흥시 정왕동 1629번지 무진아파트,37.3353825571,126.748886081
시흥시,539299,무진아파트 어린이 놀이시설(108동 앞),19960727,주택단지,민간,실외,15062,,경기도 시흥시 정왕동 1629번지 무진아파트,37.3353825571,126.748886081
시흥시,552751,워터캐슬불가마사우나 (B2),20150817,목욕장업소,민간,실내,15036,경기도 시흥시 정왕대로 174,경기도 시흥시 정왕동 1726-1번지,37.3481553901,126.7334942325
시흥시,562717,배곧한울공원 라이트형제 짚와이어 놀이,20180112,도시공원,공공,실외,,,경기도 시흥시 정왕동 1772,,
시흥시,562687,배곧 한울공원 어린이놀이터,20180111,도시공원,공공,실외,,,경기도 시흥시 정왕동 1772,,
시흥시,26133,시화건영1차아파트 어린이놀이터-1(115동옆),20081110,주택단지,민간,실외,15063,,경기도 시흥시 정왕동 1785-1번지 건영1차아파트,37.3397012331,126.7448128503
시흥시,29362,시화건영1차아파트 어린이놀이터-2(121동옆),20081110,주택단지,민간,실외,15063,,경기도 시흥시 정왕동 1785-1번지 건영1차아파트,37.3397012331,126.7448128503
시흥시,29100,건영1차아파트 어린이놀이터,20081201,주택단지,민간,실외,15063,,경기도 시흥시 정왕동 1785-1번지 건영1차아파트,37.3397012331,126.7448128503
시흥시,531990,시화두산아파트 관리소 옆 놀이터,20111110,주택단지,민간,실외,15063,,경기도 시흥시 정왕동 1786번지 두산아파트,37.3395015698,126.7431892182
시흥시,525478,시화두산아파트 125동 옆 놀이터,20110920,주택단지,민간,실외,15063,,경기도 시흥시 정왕동 1786번지 두산아파트,37.3395015698,126.7431892182
시흥시,525614,시화두산아파트 106동 옆 놀이터,20111018,주택단지,민간,실외,15063,,경기도 시흥시 정왕동 1786번지 두산아파트,37.3395015698,126.7431892182
시흥시,20280,시화 주공6단지 어린이 놀이터(610동),20101228,주택단지,민간,실외,15064,,경기도 시흥시 정왕동 1787-1번지 주공6단지아파트,37.3408341869,126.7415614749
시흥시,20279,시화 주공6단지 어린이 놀이터(관리동옆),20101228,주택단지,민간,실외,15064,,경기도 시흥시 정왕동 1787-1번지 주공6단지아파트,37.3408341869,126.7415614749
시흥시,20281,시화 주공6단지 어린이 놀이터(611동),20101228,주택단지,민간,실외,15064,,경기도 시흥시 정왕동 1787-1번지 주공6단지아파트,37.3408341869,126.7415614749
시흥시,20246,건영5차아파트 어린이 놀이터(501동옆),20020701,주택단지,민간,실외,15064,,경기도 시흥시 정왕동 1788-1번지 건영5차아파트,37.3425381002,126.7416120757
시흥시,20245,건영5차아파트 어린이 놀이터(507동옆),20020701,주택단지,민간,실외,15064,,경기도 시흥시 정왕동 1788-1번지 건영5차아파트,37.3425381002,126.7416120757
시흥시,20300,시화대우아파트 어린이 놀이터,19960831,주택단지,민간,실외,15064,,경기도 시흥시 정왕동 1788-3번지 대우아파트,37.341571998,126.7441731991
시흥시,20340,시화금강아파트 어린이 놀이터105동앞,19960830,주택단지,민간,실외,15065,,경기도 시흥시 정왕동 1789번지 금강아파트,37.3436605693,126.7381461308
시흥시,20339,시화금강아파트 어린이 놀이터115동옆,19960830,주택단지,민간,실외,15065,,경기도 시흥시 정왕동 1789번지 금강아파트,37.3436605693,126.7381461308
시흥시,538715,영남6단지 어린이 놀이시설(615동 앞),19970729,주택단지,민간,실외,15065,,경기도 시흥시 정왕동 1790번지 영남6차아파트,37.341289897,126.7395360943
시흥시,538714,영남6단지 어린이 놀이시설(611동 앞),19970729,주택단지,민간,실외,15065,,경기도 시흥시 정왕동 1790번지 영남6차아파트,37.341289897,126.7395360943
시흥시,538713,영남6단지 어린이 놀이시설(관리동 앞),19970729,주택단지,민간,실외,15065,,경기도 시흥시 정왕동 1790번지 영남6차아파트,37.341289897,126.7395360943
시흥시,570775,2호 숨쉬는놀이터,20191010,아동복지시설,공공,실내,15055,경기도 시흥시 정왕대로233번길 33,경기도 시흥시 정왕동 1800-6번지,37.3483567321,126.7409551582
시흥시,563884,경기도 시흥시 육아종합지원센터,20180423,육아종합지원센터,공공,실내,15055,경기도 시흥시 정왕대로233번길 37,경기도 시흥시 정왕동 1800-6번지,37.3481999263,126.7418035173
시흥시,36188,열린자리어린이집 놀이터,20090827,어린이집,민간,실외,15055,경기도 시흥시 정왕대로233번길 27,경기도 시흥시 정왕동 1800-8번지,37.3473732893,126.7408069948
시흥시,20162,연못공원 어린이 놀이시설,19981015,도시공원,공공,실외,15053,,경기도 시흥시 정왕동 1825-2번지,37.3484450993,126.7447025946
시흥시,575673,시화병원 어린이집 놀이시설,20200905,어린이집,민간,실외,15034,경기도 시흥시 군자천로 381,경기도 시흥시 정왕동 1842-3번지,37.3499087489,126.7370103825
시흥시,539751,시화주공4단지 제2어린이놀이터,20130418,주택단지,민간,실외,15033,,경기도 시흥시 정왕동 1843번지 주공4단지아파트,37.3509658442,126.7346060307
시흥시,539752,시화주공4단지 제3어린이놀이터,20130418,주택단지,민간,실외,15033,,경기도 시흥시 정왕동 1843번지 주공4단지아파트,37.3509658442,126.7346060307
시흥시,539750,시화주공4단지 제1어린이놀이터,20130418,주택단지,민간,실외,15033,,경기도 시흥시 정왕동 1843번지 주공4단지아파트,37.3509658442,126.7346060307
시흥시,539754,시화주공4단지 제4어린이놀이터,20130418,주택단지,민간,실외,15033,,경기도 시흥시 정왕동 1843번지 주공4단지아파트,37.3509658442,126.7346060307
시흥시,29821,실외놀이터(시화주공5단지 507동),20090213,주택단지,민간,실외,15033,,경기도 시흥시 정왕동 1844번지 주공5단지아파트,37.3493438009,126.73327892
시흥시,29818,실외놀이터(시화주공5단지 511동),20090213,주택단지,민간,실외,15033,,경기도 시흥시 정왕동 1844번지 주공5단지아파트,37.3493438009,126.73327892
시흥시,29820,시화주공5단지 509동 어린이놀이터,20090213,주택단지,민간,실외,15033,,경기도 시흥시 정왕동 1844번지 주공5단지아파트,37.3493438009,126.73327892
시흥시,29819,실외놀이터(시화주공5단지 516동),20090213,주택단지,민간,실외,15033,,경기도 시흥시 정왕동 1844번지 주공5단지아파트,37.3493438009,126.73327892
시흥시,527199,계룡1차아파트 112놀이터,20111208,주택단지,민간,실외,15037,,경기도 시흥시 정왕동 1846번지 계룡1차아파트,37.347735149,126.7312404386
시흥시,527197,계룡1차아파트 106동놀이터,20111208,주택단지,민간,실외,15037,,경기도 시흥시 정왕동 1846번지 계룡1차아파트,37.347735149,126.7312404386
시흥시,527196,계룡1차아파트 관리동놀이터,20111208,주택단지,민간,실외,15037,,경기도 시흥시 정왕동 1846번지 계룡1차아파트,37.347735149,126.7312404386
시흥시,20342,(108동)시화청솔아파트,19990820,주택단지,민간,실외,15037,,경기도 시흥시 정왕동 1847번지 청솔아파트,37.3470743073,126.7294181592
시흥시,20343,(107동)시화청솔아파트,19990820,주택단지,민간,실외,15037,,경기도 시흥시 정왕동 1847번지 청솔아파트,37.3470743073,126.7294181592
시흥시,20341,(112동)시화청솔아파트,19990820,주택단지,민간,실외,15037,,경기도 시흥시 정왕동 1847번지 청솔아파트,37.3470743073,126.7294181592
시흥시,20274,시화진로아파트 어린이 놀이터(관리동옆),20090922,주택단지,민간,실외,15038,,경기도 시흥시 정왕동 1848-4번지 진로아파트,37.3475419153,126.7278666092
시흥시,532774,정왕2동시립어린이집 놀이터,20111125,어린이집,공공,실외,15038,경기도 시흥시 정왕대로 122,경기도 시흥시 정왕동 1849-1번지 (동사무소옆),37.3510372668,126.7289486021
시흥시,535174,세종3차아파트 어린이놀이터(관리동앞),19980805,주택단지,민간,실외,15038,,경기도 시흥시 정왕동 1849-6번지 세종3차아파트,37.3496380317,126.7286241943
시흥시,20324,요진아파트(111동옆 놀이터),19970808,주택단지,민간,실외,15039,,경기도 시흥시 정왕동 1850번지 요진아파트,37.3505309393,126.7273279131
시흥시,20325,요진아파트(121동옆 놀이터),19970808,주택단지,민간,실외,15039,,경기도 시흥시 정왕동 1850번지 요진아파트,37.3505309393,126.7273279131
시흥시,20323,요진아파트(관리동 옆 놀이터),19970808,주택단지,민간,실외,15039,,경기도 시흥시 정왕동 1850번지 요진아파트,37.3505309393,126.7273279131
시흥시,20287,대림2단지 아파트 3놀이터,19980218,주택단지,민간,실외,15039,,경기도 시흥시 정왕동 1851번지 대림2차아파트,37.350628835,126.7257574941
시흥시,548414,대림2단지아파트4놀이터,20141024,주택단지,민간,실외,15039,,경기도 시흥시 정왕동 1851번지 대림2차아파트,37.34994495,126.7259338773
시흥시,548413,대림2단지아파트2놀이터,20141024,주택단지,민간,실외,15039,,경기도 시흥시 정왕동 1851번지 대림2차아파트,37.34994495,126.7259338773
시흥시,548416,대림2차아파트1놀이터,20141024,주택단지,민간,실외,15039,,경기도 시흥시 정왕동 1851번지 대림2차아파트,37.34994495,126.7259338773
시흥시,571688,늘봄가 실내놀이시설,20191205,식품접객업소,민간,실내,15040,경기도 시흥시 옥구상가4길 7,경기도 시흥시 정왕동 1852-5번지,37.3511451001,126.7220149254
시흥시,552224,뜨끈이감자탕,20150629,식품접객업소,민간,실내,15040,경기도 시흥시 중심상가로 40,경기도 시흥시 정왕동 1855-5번지,37.3525464296,126.722655344
시흥시,525052,시화동남아파트 110동 어린이놀이터,20100520,주택단지,민간,실외,15041,,경기도 시흥시 정왕동 1862번지 동남아파트,37.3540361537,126.720291398
시흥시,27391,시화동남아파트 관리동 어린이놀이터,20100520,주택단지,민간,실외,15041,,경기도 시흥시 정왕동 1862번지 동남아파트,37.3540361537,126.720291398
시흥시,20272,시화대림1단지 관리소앞놀이터,19980325,주택단지,민간,실외,15041,,경기도 시흥시 정왕동 1863번지 대림1차아파트,37.3547862461,126.7205885063
시흥시,20270,시화대림1단지 6303동 놀이터,19980325,주택단지,민간,실외,15041,,경기도 시흥시 정왕동 1863번지 대림1차아파트,37.3547862461,126.7205885063
시흥시,20271,시화대림1단지아파트(6309동) 놀이터,19980325,주택단지,민간,실외,15041,,경기도 시흥시 정왕동 1863번지 대림1차아파트,37.3547862461,126.7205885063
시흥시,540944,시화주공1단지관리동옆놀이터,20130723,주택단지,민간,실외,15029,,경기도 시흥시 정왕동 1864번지 주공1단지아파트,37.3569377915,126.7229149319
시흥시,540942,시화주공1단지유아용어린이놀이터,20130723,주택단지,민간,실외,15029,,경기도 시흥시 정왕동 1864번지 주공1단지아파트,37.3569377915,126.7229149319
시흥시,540943,시화주공1단지104동옆놀이터,20130723,주택단지,민간,실외,15029,,경기도 시흥시 정왕동 1864번지 주공1단지아파트,37.3569377915,126.7229149319
시흥시,20302,한일아파트 어린이 놀이터(관리동옆),19960730,주택단지,민간,실외,15029,,경기도 시흥시 정왕동 1865번지 한일아파트,37.3586642524,126.7236536927
시흥시,20301,한일아파트 어린이101동 놀이터,19960730,주택단지,민간,실외,15029,,경기도 시흥시 정왕동 1865번지 한일아파트,37.3586642524,126.7236536927
시흥시,20303,한일아파트 어린이108동 놀이터,19960730,주택단지,민간,실외,15029,,경기도 시흥시 정왕동 1865번지 한일아파트,37.3586642524,126.7236536927
시흥시,20265,(관리동)시화 영남5단지아파트,19960930,주택단지,민간,실외,15030,,경기도 시흥시 정왕동 1866-6번지 영남5차아파트,37.3555235897,126.7271864046
시흥시,20267,(507동)시화영남5단지아파트,19960930,주택단지,민간,실외,15030,,경기도 시흥시 정왕동 1866-6번지 영남5차아파트,37.3555235897,126.7271864046
시흥시,1515,건영7차아파트 관리실옆 놀이터,20091218,주택단지,민간,실외,15030,,경기도 시흥시 정왕동 1867-1번지 옥구마을건영아파트,37.3549741579,126.7244933906
시흥시,36070,시화신호아파트 102동 앞 놀이터,19970405,주택단지,민간,실외,15030,,경기도 시흥시 정왕동 1867-3번지 신호아파트,37.3545572017,126.7255139016
시흥시,37876,시화신호아파트 109동 뒤 놀이터,19970405,주택단지,민간,실외,15030,,경기도 시흥시 정왕동 1867-3번지 신호아파트,37.3545572017,126.7255139016
시흥시,20153,서해공원 어린이 놀이시설,19981015,도시공원,공공,실외,,,경기도 시흥시 정왕동 1867-4번지,37.3547626555,126.7247245843
시흥시,538746,시화주공2단지(212동 옆),19971014,주택단지,민간,실외,15031,,경기도 시흥시 정왕동 1868번지 주공2단지아파트,37.3535879667,126.7289225124
시흥시,538745,시화주공2단지(207동 옆),19971014,주택단지,민간,실외,15031,,경기도 시흥시 정왕동 1868번지 주공2단지아파트,37.3535879667,126.7289225124
시흥시,536370,시화주공2단지(219동),19971014,주택단지,민간,실외,15031,,경기도 시흥시 정왕동 1868번지 주공2단지아파트,37.3535879667,126.7289225124
시흥시,536368,시화주공2단지(216동옆),19971014,주택단지,민간,실외,15031,,경기도 시흥시 정왕동 1868번지 주공2단지아파트,37.3535879667,126.7289225124
시흥시,20320,시화주공2단지(203동 옆),19971014,주택단지,민간,실외,15031,,경기도 시흥시 정왕동 1868번지 주공2단지아파트,37.3535879667,126.7289225124
시흥시,20304,시화주공3단지 관리동 놀이터,19970901,주택단지,민간,실외,15031,,경기도 시흥시 정왕동 1869번지 주공3단지아파트,37.3551659473,126.7303968408
시흥시,20306,시화주공3단지 4놀이터(314동),19970901,주택단지,민간,실외,15031,,경기도 시흥시 정왕동 1869번지 주공3단지아파트,37.3551659473,126.7303968408
시흥시,20307,시화주공3단지 3놀이터(311동),19970901,주택단지,민간,실외,15031,,경기도 시흥시 정왕동 1869번지 주공3단지아파트,37.3551659473,126.7303968408
시흥시,20305,시화주공3단지 2 놀이터(308동),19970901,주택단지,민간,실외,15031,,경기도 시흥시 정왕동 1869번지 주공3단지아파트,37.3551659473,126.7303968408
시흥시,569627,신우아파트 106동 앞 어린이 놀이터,20130531,주택단지,민간,실외,15032,,경기도 시흥시 정왕동 1870-1번지 신우아파트,37.3531331043,126.7310498991
시흥시,20278,신우아파트 101동 옆 어린이 놀이터,20010101,주택단지,민간,실외,15032,,경기도 시흥시 정왕동 1870-1번지 신우아파트,37.3531331043,126.7310498991
시흥시,23100,시화영화하이닉스놀이터,20080421,주택단지,민간,실외,15032,,경기도 시흥시 정왕동 1870-3번지 영화아파트,37.3536319062,126.7329078612
시흥시,538531,시화 건영 3차 어린이 놀이터(303동 옆),20020619,주택단지,민간,실외,15032,,경기도 시흥시 정왕동 1871-1번지 건영3차아파트,37.3526595045,126.7302982286
시흥시,20283,시화 건영 3차 어린이 놀이터(305옆),20020626,주택단지,민간,실외,15032,,경기도 시흥시 정왕동 1871-1번지 건영3차아파트,37.3526595045,126.7302982286
시흥시,20147,시흥공원 어린이 놀이시설,19981015,도시공원,공공,실외,15032,,경기도 시흥시 정왕동 1871-2번지,37.3519795517,126.7303673582
시흥시,20261,시화서촌마을건영4차 어린이 놀이터,20001208,주택단지,민간,실외,15032,,경기도 시흥시 정왕동 1871-5번지 건영4차아파트,37.3516995845,126.730996776
시흥시,534594,시화영남3차아파트310동놀이터,20120817,주택단지,민간,실외,15026,,경기도 시흥시 정왕동 1872-4번지 영남3차아파트,37.3572256712,126.7352764306
시흥시,534593,시화영남3차아파트306동놀이터,20120817,주택단지,민간,실외,15026,,경기도 시흥시 정왕동 1872-4번지 영남3차아파트,37.3572256712,126.7352764306
시흥시,534592,시화영남3차아파트301동놀이터,20120817,주택단지,민간,실외,15026,,경기도 시흥시 정왕동 1872-4번지 영남3차아파트,37.3572256712,126.7352764306
시흥시,20292,삼성아파트 어린이 놀이터(107동),19941122,주택단지,민간,실외,15026,,경기도 시흥시 정왕동 1872-5번지 삼성아파트,37.3538087894,126.7337754868
시흥시,20290,삼성아파트 어린이 놀이터(103동),19941122,주택단지,민간,실외,15026,,경기도 시흥시 정왕동 1872-5번지 삼성아파트,37.3538087894,126.7337754868
시흥시,20255,시화한신아파트 104동 어린이놀이터,19941101,주택단지,민간,실외,15026,,경기도 시흥시 정왕동 1872-6번지 한신아파트,37.3560783299,126.7334814181
시흥시,20254,시화한신아파트 105동 어린이놀이터,19941101,주택단지,민간,실외,15026,,경기도 시흥시 정왕동 1872-6번지 한신아파트,37.3560783299,126.7334814181
시흥시,20146,사랑공원 어린이 놀이시설,19981015,도시공원,공공,실외,,,경기도 시흥시 정왕동 1872-7번지,37.3553967329,126.7338508126
시흥시,20256,영남아파트 2단지 어린이 놀이터(202동),20100425,주택단지,민간,실외,15027,,경기도 시흥시 정왕동 1873-2번지 영남2차아파트,37.3570869164,126.7333356603
시흥시,20258,영남아파트 2단지 어린이 놀이터(213동),20100425,주택단지,민간,실외,15027,,경기도 시흥시 정왕동 1873-2번지 영남2차아파트,37.3570869164,126.7333356603
시흥시,20257,영남아파트 2단지 어린이 놀이터(206동),20100425,주택단지,민간,실외,15027,,경기도 시흥시 정왕동 1873-2번지 영남2차아파트,37.3570869164,126.7333356603
시흥시,20315,월드메르디앙아파트103동 어린이 놀이터,19951210,주택단지,민간,실외,15027,,경기도 시흥시 정왕동 1873-3번지 월드아파트,37.3552565325,126.7318525139
시흥시,20314,월드메르디앙아파트109동 어린이 놀이터,19951210,주택단지,민간,실외,15027,,경기도 시흥시 정왕동 1873-3번지 월드아파트,37.3552565325,126.7318525139
시흥시,20310,신한아파트 어린이 놀이터-2,19970830,주택단지,민간,실외,15023,,경기도 시흥시 정왕동 1874-1번지 신한아파트,37.3609604002,126.7343577335
시흥시,20309,신한아파트 어린이 놀이터-1,19970830,주택단지,민간,실외,15023,,경기도 시흥시 정왕동 1874-1번지 신한아파트,37.3609604002,126.7343577335
시흥시,20327,화성아파트 어린이 놀이터-2,19970801,주택단지,민간,실외,15023,,경기도 시흥시 정왕동 1874-2번지 화성아파트,37.3594034768,126.7347348973
시흥시,538566,시화 영남1단지 어린이 놀이시설(4동 옆),19960228,주택단지,민간,실외,15028,,경기도 시흥시 정왕동 1875-1번지 영남1차아파트,37.3584424023,126.7283195453
시흥시,538565,시화 영남1단지 어린이 놀이시설(101동 앞),19960228,주택단지,민간,실외,15028,,경기도 시흥시 정왕동 1875-1번지 영남1차아파트,37.3584424023,126.7283195453
시흥시,20316,시화미주아파트 104동,19960101,주택단지,민간,실외,15028,,경기도 시흥시 정왕동 1875-2번지 미주아파트,37.3593261634,126.7297671727
시흥시,20317,시화미주아파트 112동,19960101,주택단지,민간,실외,15028,,경기도 시흥시 정왕동 1875-2번지 미주아파트,37.3593261634,126.7297671727
시흥시,540520,건영2차아파트 어린이 놀이시설(202동 앞),19970926,주택단지,민간,실외,15028,,경기도 시흥시 정왕동 1875-5번지 건영2차아파트,37.3584244389,126.7310975441
시흥시,540521,건영2차아파트 어린이 놀이시설(221동옆),19970926,주택단지,민간,실외,15028,,경기도 시흥시 정왕동 1875-5번지 건영2차아파트,37.3584244389,126.7310975441
시흥시,20152,풀잎사랑공원 어린이 놀이시설,19981015,도시공원,공공,실외,,,경기도 시흥시 정왕동 1875-6번지,37.3585126109,126.7293361535
시흥시,20263,시화 삼환아파트 어린이 놀이터(201동옆),19971128,주택단지,민간,실외,15022,,경기도 시흥시 정왕동 1876-1번지 삼환아파트,37.3605686681,126.7309401604
시흥시,27764,시화모아아파트 111동 앞 놀이터,20100525,주택단지,민간,실외,15022,,경기도 시흥시 정왕동 1876-2번지 모아아파트,37.3619824828,126.7321227333
시흥시,27765,시화모아아파트 104동 앞 놀이터,20100525,주택단지,민간,실외,15022,,경기도 시흥시 정왕동 1876-2번지 모아아파트,37.3619824828,126.7321227333
시흥시,20259,부성파스텔아파트 어린이 놀이터(경비3초소옆),19980218,주택단지,민간,실외,15022,,경기도 시흥시 정왕동 1876-3번지 부성파스텔아파트,37.3617521733,126.7327461638
시흥시,20151,온들녘공원 어린이놀이시설,19981015,도시공원,공공,실외,,,경기도 시흥시 정왕동 1876-5번지,37.3610482021,126.731451895
시흥시,20455,문영센스빌아파트어린이놀이터1,20020501,주택단지,민간,실외,15019,,경기도 시흥시 정왕동 1877-1번지 문영센스빌아파트,37.363852291,126.7327360734
시흥시,538656,시화 세종2차 어린이 놀이시설(205동 옆),19970829,주택단지,민간,실외,15019,,경기도 시흥시 정왕동 1877-2번지 세종2차아파트,37.3644360081,126.7337916561
시흥시,37171,세종1차아파트 117동 앞 놀이터,20090923,주택단지,민간,실외,15019,,경기도 시흥시 정왕동 1877-3번지 세종1차아파트,37.3641564335,126.7351609269
시흥시,37169,세종1차아파트 104동 앞 놀이터,20090923,주택단지,민간,실외,15019,,경기도 시흥시 정왕동 1877-3번지 세종1차아파트,37.3641564335,126.7351609269
시흥시,20336,시화보성아파트 110동 놀이터,19981226,주택단지,민간,실외,15019,,경기도 시흥시 정왕동 1877-5번지 보성아파트,37.3614171169,126.7352903611
시흥시,20335,시화보성아파트 104동 놀이터,19981226,주택단지,민간,실외,15019,,경기도 시흥시 정왕동 1877-5번지 보성아파트,37.3614171169,126.7352903611
시흥시,20337,시화보성아파트 115동 놀이터,19981226,주택단지,민간,실외,15019,,경기도 시흥시 정왕동 1877-5번지 보성아파트,37.3614171169,126.7352903611
시흥시,20150,함송공원 어린이 놀이시설,19981015,도시공원,공공,실외,,,경기도 시흥시 정왕동 1877-6번지,37.3634129896,126.7342507981
시흥시,20458,시화대림3차아파트 어린이놀이터-2,19980320,주택단지,민간,실외,15017,,경기도 시흥시 정왕동 1878-4번지 대림3차아파트,37.3655603539,126.7348191792
시흥시,20459,시화대림3차아파트 어린이놀이터-1,19980320,주택단지,민간,실외,15017,,경기도 시흥시 정왕동 1878-4번지 대림3차아파트,37.3655603539,126.7348191792
시흥시,547348,시화동원아파트놀이터2,20140801,주택단지,민간,실외,15017,,경기도 시흥시 정왕동 1878-5번지 동원아파트,37.3661230345,126.7354119986
시흥시,29575,시화동원아파트 어린이놀이터(104동앞),20090209,주택단지,민간,실외,15017,,경기도 시흥시 정왕동 1878-5번지 동원아파트,37.3661230345,126.7354119986
시흥시,20149,함현공원 어린이 놀이시설,19981015,도시공원,공공,실외,15017,,경기도 시흥시 정왕동 1878-6번지,37.3657973409,126.7357648478
시흥시,20275,대림4단지 어린이 놀이터(관리동옆),19970923,주택단지,민간,실외,15017,,경기도 시흥시 정왕동 1878-8번지 대림4차아파트,37.3662722268,126.737578762
시흥시,20276,대림4단지 어린이 놀이터(1303동옆)),19970923,주택단지,민간,실외,15017,,경기도 시흥시 정왕동 1878-8번지 대림4차아파트,37.3662722268,126.737578762
시흥시,543247,지혜와꿈의세상어린이집(옥상),20131202,어린이집,민간,실외,15020,경기도 시흥시 함송로13번길 10,경기도 시흥시 정왕동 1880-3번지,37.3644170255,126.730867006
시흥시,533407,서해1차아파트106동어린이놀이터,20120625,주택단지,민간,실외,15021,,경기도 시흥시 정왕동 1886-3번지 서해아파트,37.3625932955,126.7276446573
시흥시,20318,서해1차 아파트102동 어린이 놀이터,19971001,주택단지,민간,실외,15021,,경기도 시흥시 정왕동 1886-3번지 서해아파트,37.3625932955,126.7276446573
시흥시,20311,시화서해2차아파트 관리동놀이터,19980701,주택단지,민간,실외,15021,,경기도 시흥시 정왕동 1886-4번지 서해아파트,37.3602199113,126.7272172937
시흥시,20312,시화서해2차아파트 203동놀이터,19980701,주택단지,민간,실외,15021,,경기도 시흥시 정왕동 1886-4번지 서해아파트,37.3602199113,126.7272172937
시흥시,20313,시화서해2차아파트 205동놀이터,19980701,주택단지,민간,실외,15021,,경기도 시흥시 정왕동 1886-4번지 서해아파트,37.3602199113,126.7272172937
시흥시,20295,시흥 고합아파트 관리동 앞 어린이 놀이터,19980427,주택단지,민간,실외,15021,,경기도 시흥시 정왕동 1886-5번지 고합아파트,37.3595827905,126.7248976538
시흥시,544383,시화신동아(101동),19961001,주택단지,민간,실외,15029,,경기도 시흥시 정왕동 1940-1번지 신동아아파트,37.3590484351,126.7217639681
시흥시,544384,시화신동아(104동),19961001,주택단지,민간,실외,15029,,경기도 시흥시 정왕동 1940-1번지 신동아아파트,37.3590484351,126.7217639681
시흥시,20329,신동아아파트 어린이놀이시설(212동 옆),19961001,주택단지,민간,실외,15029,,경기도 시흥시 정왕동 1940-2번지 신동아아파트,37.3584091771,126.7218721963
시흥시,535144,시화계룡2차아파트 어린이놀이터(관리동),19980427,주택단지,민간,실외,15041,,경기도 시흥시 정왕동 1942-1번지 계룡2차아파트,37.3558327317,126.7193581994
시흥시,20284,시화계룡2차아파트 어린이놀이터(205동),19980427,주택단지,민간,실외,15041,,경기도 시흥시 정왕동 1942-1번지 계룡2차아파트,37.3558327317,126.7193581994
시흥시,20249,시화동보아파트 어린이 놀이터(1단지),19970531,주택단지,민간,실외,15041,,경기도 시흥시 정왕동 1942-2번지 동보아파트,37.355243082,126.7187884425
시흥시,20251,시화동보아파트 어린이 놀이터(2단지),19970531,주택단지,민간,실외,15041,,경기도 시흥시 정왕동 1942-2번지 동보아파트,37.355243082,126.7187884425
시흥시,20252,시화동보아파트 어린이 놀이터(3단지),19970531,주택단지,민간,실외,15041,,경기도 시흥시 정왕동 1942-2번지 동보아파트,37.355243082,126.7187884425
시흥시,613,스랍들어린이집 놀이터,20090519,어린이집,민간,실외,15015,경기도 시흥시 오이도중앙로6번길 5-9,경기도 시흥시 정왕동 1976-10번지 1층,37.3470713843,126.6898572747
시흥시,20144,옥터공원 어린이 놀이시설,19981015,도시공원,공공,실외,15015,,경기도 시흥시 정왕동 1998-5번지,37.3464459118,126.6896460072
시흥시,532833,큰숲어린이집 3층 실내놀이터,20111212,어린이집,민간,실내,15015,경기도 시흥시 오이도중앙로 24-10,경기도 시흥시 정왕동 1998-7번지,37.3464805891,126.6891410555
시흥시,532834,큰숲어린이집 4층 실내놀이터,20111212,어린이집,민간,실내,15015,경기도 시흥시 오이도중앙로 24-10,경기도 시흥시 정왕동 1998-7번지,37.3464805891,126.6891410555
시흥시,20145,오이도공원 어린이 놀이시설,19981015,도시공원,공공,실외,15015,경기도 시흥시 오이도1길 30,경기도 시흥시 정왕동 2040-1번지,37.3418544025,126.6901391116
시흥시,537012,시립정왕보듬이나눔이어린이집 놀이터,20121220,어린이집,공공,실외,15073,경기도 시흥시 경기과기대로 283,경기도 시흥시 정왕동 2132번지,37.3399572409,126.7355531659
시흥시,582852,옥구공원 유아숲체험원 놀이시설,20220603,도시공원,공공,실외,15013,,경기도 시흥시 정왕동 2138번지,37.3531400649,126.7102176891
시흥시,556744,옥구공원 어린이놀이시설,20160720,도시공원,공공,실외,15013,,경기도 시흥시 정왕동 2138번지,37.3531400649,126.7102176891
시흥시,558726,옥구공원 놀이마당,20170117,도시공원,공공,실외,15013,경기도 시흥시 서해안로 277,경기도 시흥시 정왕동 2138번지,37.3524477195,126.7104733452
시흥시,521968,체육공원 어린이 놀이시설,20110325,도시공원,공공,실외,15061,경기도 시흥시 역전로 2,경기도 시흥시 정왕동 2160번지,37.3387595179,126.7555129621
시흥시,569833,맑은물상상누리,20190711,도시공원,민간,실외,15099,경기도 시흥시 공단2대로 14,경기도 시흥시 정왕동 2163번지,37.3372572599,126.6967246521
시흥시,1000195,리틀치프놀이시설,20230905,놀이제공영업소,민간,실내,15081,경기도 시흥시 희망공원로 269,경기도 시흥시 정왕동 2166-4번지,37.3452082082,126.725237369
시흥시,538643,새예솔어린이집실내놀이터,20130401,어린이집,민간,실내,15047,경기도 시흥시 봉우순환로 117-7,경기도 시흥시 정왕동 2245-3번지,37.3572961193,126.7519310782
시흥시,538644,새예솔어린이집놀이터,20130401,어린이집,민간,실외,15047,경기도 시흥시 봉우순환로 117-7,경기도 시흥시 정왕동 2245-3번지,37.3572961193,126.7519310782
시흥시,20164,정왕1공원 어린이 놀이시설,19981015,도시공원,공공,실외,15047,,경기도 시흥시 정왕동 2246-1번지,37.357174612,126.7523445401
시흥시,550961,정왕2어린이공원,20150319,도시공원,공공,실외,15047,경기도 시흥시 봉우순환로3번길 20-8,경기도 시흥시 정왕동 2253-1번지,37.3591628366,126.7549275292
시흥시,28445,또래또래어린이집 놀이터,20100310,어린이집,민간,실외,15024,경기도 시흥시 마유로443번길 33,경기도 시흥시 정왕동 2293-7번지,37.3541284846,126.7386162011
시흥시,20166,정왕3공원 어린이 놀이시설,19981015,도시공원,공공,실외,15024,,경기도 시흥시 정왕동 2299-4번지,37.3530465739,126.7402756815
시흥시,529455,천사몬테소리어린이집 놀이터,20110616,어린이집,민간,실외,15024,경기도 시흥시 역전로302번길 8-1,경기도 시흥시 정왕동 2303-5번지,37.3523886572,126.7399886978
시흥시,20167,정왕4공원 어린이 놀이시설,19981015,도시공원,공공,실외,15049,,경기도 시흥시 정왕동 2307-3번지,37.3536625356,126.7430328011
시흥시,20169,정왕6공원 어린이 놀이시설,19981015,도시공원,공공,실외,15049,,경기도 시흥시 정왕동 2312-4번지,37.3526462062,126.7456673233
시흥시,35641,에트라움어린이집 놀이터,20101203,어린이집,민간,실외,15049,경기도 시흥시 오동마을로5번길 37,경기도 시흥시 정왕동 2315-13번지,37.3524098618,126.746119518
시흥시,534781,시립정왕본동어린이집,20080121,어린이집,공공,실외,15049,경기도 시흥시 오동마을로6번안길 17,경기도 시흥시 정왕동 2318-6번지,37.3522341513,126.7440098556
시흥시,20168,정왕5공원 어린이 놀이시설,19981015,도시공원,공공,실외,15049,,경기도 시흥시 정왕동 2322-3번지,37.3519805688,126.7438544029
시흥시,589874,브레드타운 키즈카페,20230331,놀이제공영업소,민간,실외,15119,경기도 시흥시 거북섬북로 54,경기도 시흥시 정왕동 2684번지,37.3294408545,126.6794250378
시흥시,1000105,뷰키즈 거북섬점,20231021,놀이제공영업소,민간,실내,15119,경기도 시흥시 거북섬둘레길 33,경기도 시흥시 정왕동 2700번지,37.3254219158,126.679592901
시흥시,585530,파라곤 오션 시티 유아놀이터(103동앞),20221118,주택단지,민간,실외,15119,,경기도 시흥시 정왕동 2711번지 파라곤센트럴오션시티,37.3241540995,126.6852613541
시흥시,585529,파라곤 오션 시티 어린이놀이터(101동앞),20221118,주택단지,민간,실외,15119,,경기도 시흥시 정왕동 2711번지 파라곤센트럴오션시티,37.3241540995,126.6852613541
시흥시,584051,호반써밋더퍼스트시흥아파트 아파트놀이터2,20211126,주택단지,민간,실외,15119,경기도 시흥시 거북섬남로 45,경기도 시흥시 정왕동 2712,37.3232943496,126.687381238
시흥시,584049,호반써밋더퍼스트시흥아파트 유아놀이터,20211126,주택단지,민간,실외,15119,경기도 시흥시 거북섬남로 45,경기도 시흥시 정왕동 2712,37.3232943496,126.687381238
시흥시,584050,호반써밋더퍼스트시흥아파트 아파트놀이터1,20211126,주택단지,민간,실외,15119,경기도 시흥시 거북섬남로 45,경기도 시흥시 정왕동 2712,37.3232943496,126.687381238
시흥시,585167,호반써밋더프라임 아파트 유아놀이터,20221125,주택단지,민간,실외,15119,경기도 시흥시 거북섬남로 77,경기도 시흥시 정왕동 2732번지 시화MTV 공동3BL(호반),37.3225892143,126.6883933327
시흥시,585165,호반써밋더프라임 아파트 어린이놀이터1,20221125,주택단지,민간,실외,15119,경기도 시흥시 거북섬남로 77,경기도 시흥시 정왕동 2732번지 시화MTV 공동3BL(호반),37.3225892143,126.6883933327
시흥시,585166,호반써밋더프라임 아파트 어린이놀이터2,20221125,주택단지,민간,실외,15119,경기도 시흥시 거북섬남로 77,경기도 시흥시 정왕동 2732번지 시화MTV 공동3BL(호반),37.3225892143,126.6883933327
시흥시,584422,시흥 금강펜테리움 오션베이 어린이놀이터(104동앞),20220827,주택단지,민간,실외,15119,경기도 시흥시 거북섬남로 90,경기도 시흥시 정왕동 2737,37.3209921907,126.6907919163
시흥시,585310,시흥 금강 펜테리움 오션베이 유아놀이터(105동 옆),20221028,주택단지,민간,실외,15119,경기도 시흥시 거북섬남로 90,경기도 시흥시 정왕동 2737,37.3209921907,126.6907919163
시흥시,561374,꿈누리공원 어린이 놀이시설(64호),20170920,도시공원,공공,실외,15118,,경기도 시흥시 정왕동 2759,37.3191120258,126.6976583565
시흥시,561375,꿈자람공원 어린이 놀이시설(66호),20170920,도시공원,공공,실외,15118,,경기도 시흥시 정왕동 2788,37.3166466047,126.7031619334
시흥시,561373,하늬공원(46호 근린공원),20170920,도시공원,공공,실외,15118,,경기도 시흥시 정왕동 2795,37.3163271589,126.69933999
시흥시,561376,꿈물결공원 어린이 놀이시설(73호),20170920,도시공원,공공,실외,15118,,경기도 시흥시 정왕동 2810,37.3178121521,126.6963997425
시흥시,569320,젊음과패기공원 물놀이터,20190525,도시공원,공공,실외,15055,경기도 시흥시 정왕대로233번길 21-1,경기도 시흥시 정왕동 젊음과패기공원(1800-5번지),37.347745532,126.7398209872
시흥시,572938,조남소공원,20200301,도시공원,공공,실외,,,경기도 시흥시 조남동,,
시흥시,554122,시흥목감 어린이공원 4호,20151207,도시공원,공공,실외,,,경기도 시흥시 조남동 152(조남동 722),,
시흥시,555967,네이처하임아파트 1606동 앞 유아놀이터,20160520,주택단지,공공,실외,,,경기도 시흥시 조남동 154,,
시흥시,555966,네이처하임아파트 1603동 앞 어린이놀이터,20160520,주택단지,공공,실외,,,경기도 시흥시 조남동 154,,
시흥시,555965,네이처하임아파트 1601동 앞 어린이놀이터,20160520,주택단지,공공,실외,,,경기도 시흥시 조남동 154,,
시흥시,20226,삼호가든 아파트 어린이 놀이터,19970510,주택단지,민간,실외,14984,,경기도 시흥시 조남동 169번지 삼호가든아파트,37.3833439896,126.8590946521
시흥시,20225,수정아파트 어린이 놀이터,19940912,주택단지,민간,실외,14984,,경기도 시흥시 조남동 171-20번지 수정아파트,37.3841481989,126.8578000778
시흥시,20218,세우아파트 어린이 놀이터,19861202,주택단지,민간,실외,14984,,경기도 시흥시 조남동 171번지 세우아파트,37.3844877576,126.8589154781
시흥시,570371,이바돔감자탕 시흥목감점 실내놀이시설,20190828,식품접객업소,민간,실내,14983,,"경기도 시흥시 조남동 366-14, 2층",,
시흥시,554117,시흥목감 근린공원 1호,20151207,도시공원,공공,실외,,,경기도 시흥시 조남동 413-2 (조남동 670),,
시흥시,561644,시흥목감 신안인스빌 어린이놀이터2,20171010,주택단지,민간,실외,,,경기도 시흥시 조남동 418 신안인스빌,,
시흥시,561643,시흥목감 신안인스빌 어린이놀이터1,20171010,주택단지,민간,실외,,,경기도 시흥시 조남동 418 신안인스빌,,
시흥시,555929,LH포레하임 904동 앞 어린이놀이터,20160519,주택단지,공공,실외,,,경기도 시흥시 조남동 427-2,,
시흥시,555928,LH포레하임 901동 뒤 유아놀이터,20160519,주택단지,공공,실외,,,경기도 시흥시 조남동 427-2,,
시흥시,554121,시흥목감 어린이공원 3호,20151207,도시공원,공공,실외,,,경기도 시흥시 조남동 430-9 (조남동 681),,
시흥시,557956,목감 한신더휴센트럴파크아파트 어린이놀이터1,20161103,주택단지,민간,실외,,,경기도 시흥시 조남동 648-115,,
시흥시,557957,목감 한신더휴센트럴파크아파트 어린이놀이터2,20161103,주택단지,민간,실외,,,경기도 시흥시 조남동 648-115,,
시흥시,557958,목감 한신더휴센트럴파크아파트 유아놀이터,20161103,주택단지,민간,실외,,,경기도 시흥시 조남동 648-115,,
시흥시,554385,문화2공원,20151030,도시공원,공공,실외,,,경기도 시흥시 조남동 649,37.37786757,126.8471648179
시흥시,1003546,광신프로그레스 어린이놀이터,20241101,주택단지,민간,실외,14988,경기도 시흥시 마산로 6,경기도 시흥시 조남동 655번지,37.3786046109,126.8544588397
시흥시,559300,목감 호반베르디움 더레이크 403동 앞 어린이놀이터3,20170318,주택단지,민간,실외,14989,경기도 시흥시 목감남서로 38,경기도 시흥시 조남동 660번지 호반베르디움 더 레이크,37.3767219475,126.8481047355
시흥시,559299,목감 호반베르디움 더레이크 401동 앞 어린이놀이터1,20170318,주택단지,민간,실외,14989,경기도 시흥시 목감남서로 38,경기도 시흥시 조남동 660번지 호반베르디움 더 레이크,37.3767219475,126.8481047355
시흥시,559397,목감 호반베르디움 더레이크 어린이집 앞 유아놀이터,20170328,주택단지,민간,실외,14989,경기도 시흥시 목감남서로 38,경기도 시흥시 조남동 660번지 호반베르디움 더 레이크,37.3767219475,126.8481047355
시흥시,559396,목감 호반베르디움 더레이크 405동 앞 어린이놀이터2,20170328,주택단지,민간,실외,14989,경기도 시흥시 목감남서로 38,경기도 시흥시 조남동 660번지 호반베르디움 더 레이크,37.3767219475,126.8481047355
시흥시,555709,목감LH7단지내 705동옆 어린이놀이터2호,20160502,주택단지,공공,실외,14988,,경기도 시흥시 조남동 662번지 시흥목감엘에이치7단지,37.3764694535,126.8530088268
시흥시,555710,목감LH7단지내 704동옆 유아놀이터,20160502,주택단지,공공,실외,14988,,경기도 시흥시 조남동 662번지 시흥목감엘에이치7단지,37.3764694535,126.8530088268
시흥시,555707,목감LH7단지내 중앙광장옆 어린이놀이터 1호,20160502,주택단지,공공,실외,14988,,경기도 시흥시 조남동 662번지 시흥목감엘에이치7단지,37.3764694535,126.8530088268
시흥시,564452,LH 가온수플 아파트 1003동앞 놀이시설,20180415,주택단지,공공,실외,14988,,경기도 시흥시 조남동 663번지 가온수플,37.3771299452,126.8551152836
시흥시,564451,LH 가온수플 아파트 1006동앞 놀이시설,20180415,주택단지,공공,실외,14988,,경기도 시흥시 조남동 663번지 가온수플,37.3771299452,126.8551152836
시흥시,564453,LH 가온수플 아파트 어린이집앞 놀이시설,20180415,주택단지,공공,실외,14988,,경기도 시흥시 조남동 663번지 가온수플,37.3771299452,126.8551152836
시흥시,562026,시흥목감 신안인스빌 키즈룸,20171101,주택단지,민간,실내,14988,경기도 시흥시 목감중앙로 36,경기도 시흥시 조남동 676번지,37.3736121196,126.8530107808
시흥시,559760,리벤티움아파트 1106동 앞 어린이놀이터2,20170501,주택단지,공공,실외,14988,경기도 시흥시 목감중앙로 45,경기도 시흥시 조남동 678번지,37.3737422431,126.8553814677
시흥시,559761,리벤티움아파트 1110동 앞 어린이놀이터3,20170501,주택단지,공공,실외,14988,경기도 시흥시 목감중앙로 45,경기도 시흥시 조남동 678번지,37.3737422431,126.8553814677
시흥시,559759,리벤티움아파트 1104동 앞 어린이놀이터1,20170501,주택단지,공공,실외,14988,경기도 시흥시 목감중앙로 45,경기도 시흥시 조남동 678번지,37.3737422431,126.8553814677
시흥시,559762,리벤티움아파트 보육시설 앞 유아놀이터,20170501,주택단지,공공,실외,14988,경기도 시흥시 목감중앙로 45,경기도 시흥시 조남동 678번지,37.3737422431,126.8553814677
시흥시,561402,목감 그레미움아파트 어린이집앞 놀이시설,20170915,주택단지,공공,실외,14988,,경기도 시흥시 조남동 682번지 그레미움,37.37154829,126.8563715239
시흥시,561403,목감 그레미움아파트 101동뒤 놀이시설,20170915,주택단지,공공,실외,14988,,경기도 시흥시 조남동 682번지 그레미움,37.37154829,126.8563715239
시흥시,575935,시립 목감 어울림 어린이집 놀이시설,20201109,어린이집,공공,실외,14985,경기도 시흥시 목감우회로 23,경기도 시흥시 조남동 697번지,37.3816476559,126.8587702245
시흥시,561404,목감LH13단지아파트 1301동 옆 어린이놀이터2,20170910,주택단지,공공,실외,14986,,경기도 시흥시 조남동 700번지 시흥목감엘에이치13단지,37.3791867233,126.8587347026
시흥시,561406,목감LH13단지아파트 1303동 옆 어린이놀이터1,20170910,주택단지,공공,실외,14986,,경기도 시흥시 조남동 700번지 시흥목감엘에이치13단지,37.3791867233,126.8587347026
시흥시,561405,목감LH13단지아파트 1302동 옆 유아놀이터,20170910,주택단지,공공,실외,14986,,경기도 시흥시 조남동 700번지 시흥목감엘에이치13단지,37.3791867233,126.8587347026
시흥시,552382,목감 퍼스트리움 유아놀이터,20150715,주택단지,민간,실외,14986,,경기도 시흥시 조남동 706번지 목감퍼스트리움아파트,37.3800985347,126.8589980249
시흥시,552381,목감 퍼스트리움 1407동앞 어린이놀이터,20150715,주택단지,민간,실외,14986,,경기도 시흥시 조남동 706번지 목감퍼스트리움아파트,37.3800985347,126.8589980249
시흥시,552380,목감 퍼스트리움 1404동앞 어린이놀이터,20150715,주택단지,민간,실외,14986,,경기도 시흥시 조남동 706번지 목감퍼스트리움아파트,37.3800985347,126.8589980249
시흥시,586652,한마음정육식당 목감역점,20230227,식품접객업소,민간,실내,14986,경기도 시흥시 수풀안길 14-22,경기도 시흥시 조남동 711번지,37.3812505775,126.8620153961
시흥시,562002,시흥 목감 호반 베르디움 1705동 뒤 어린이놀이터2,20171115,주택단지,민간,실외,14986,,경기도 시흥시 조남동 721번지 목감역호반써밋,37.3789267815,126.8640117225
시흥시,562381,호반베르디움 시흥목감3차 어린이놀이터1(1704동 앞),20171130,주택단지,민간,실외,14986,경기도 시흥시 수풀안길 19-30,경기도 시흥시 조남동 721번지 시흥목감C1BL 호반베르디움 더클래스,37.3789267815,126.8640117225
시흥시,572943,근로복지공단 시흥어린이집,20200311,어린이집,공공,실외,14986,경기도 시흥시 수풀안길 25,경기도 시흥시 조남동 725번지(수풀안길 25),37.3807208037,126.862392631
시흥시,558302,조남 숲체험장 2,20161212,도시공원,공공,실외,14936,경기도 시흥시 수인로2236번길 87,경기도 시흥시 조남동 산 1-4,37.3813642442,126.8782798952
시흥시,558301,조남 숲체험장 1,20161212,도시공원,공공,실외,14936,경기도 시흥시 수인로2236번길 87,경기도 시흥시 조남동 산 1-4,37.3813642442,126.8782798952
시흥시,566352,시흥조남산림욕장 1구역 어린이놀이터,20181127,도시공원,공공,실외,14936,경기도 시흥시 수인로2236번길 87,경기도 시흥시 조남동 산 1-4번지 일대,37.3813642442,126.8782798952
시흥시,32478,시립목감복지어린이집 놀이터(조합놀이대만 검사),20090409,어린이집,민간,실외,14984,경기도 시흥시 목감초등길 45,경기도 시흥시 조남동 산9-19번지,37.3856569106,126.8584310875
시흥시,580862,죽율체육공원 어린이놀이시설,20211214,도시공원,공공,실외,15050,경기도 시흥시 죽율로 45-15,경기도 시흥시 죽율동 615번지 일원,37.3492078264,126.7600502241
시흥시,550208,죽율어린이공원,20131022,도시공원,공공,실외,15050,경기도 시흥시 죽율로 40,경기도 시흥시 죽율동 752번지 시흥6차푸르지오2단지 보육시설,37.347786585,126.7619609527
시흥시,541620,시흥6차푸르지오아파트보육시설동앞놀이터,20130925,주택단지,민간,실외,15050,경기도 시흥시 죽율로 36,경기도 시흥시 죽율동 752번지 시흥6차푸르지오2단지 주거동,37.3470602473,126.7611212937
시흥시,541618,시흥6차푸르지오아파트204동놀이터,20130925,주택단지,민간,실외,15050,경기도 시흥시 죽율로 36,경기도 시흥시 죽율동 752번지 시흥6차푸르지오2단지 주거동,37.3470602473,126.7611212937
시흥시,541619,시흥6차푸르지오아파트207동놀이터,20130925,주택단지,민간,실외,15050,경기도 시흥시 죽율로 36,경기도 시흥시 죽율동 752번지 시흥6차푸르지오2단지 주거동,37.3470602473,126.7611212937
시흥시,545603,시흥6차푸르지오 117동앞 놀이터,20140530,주택단지,민간,실외,,,경기도 시흥시 죽율동 시흥6차푸르지오1단지,,
시흥시,545602,시흥6차푸르지오 113동앞,20140530,주택단지,민간,실외,,,경기도 시흥시 죽율동 시흥6차푸르지오1단지,,
시흥시,545601,시흥6차푸르지오 104동앞,20140530,주택단지,민간,실외,,,경기도 시흥시 죽율동 시흥6차푸르지오1단지,,
시흥시,545600,시흥6차푸르지오 101동앞 놀이터,20140530,주택단지,민간,실외,,,경기도 시흥시 죽율동 시흥6차푸르지오1단지,,
시흥시,540408,신관1차아파트 놀이터,20130610,주택단지,민간,실외,14957,,경기도 시흥시 포동 1-36번지 신관1차아파트,37.40769955,126.7867971567
시흥시,539038,서강아파트 어린이 놀이시설,19970110,주택단지,민간,실외,14957,,경기도 시흥시 포동 1-63번지 서강아파트,37.4085633118,126.7850488466
시흥시,20453,태헌3차 어린이 놀이터,19920502,주택단지,민간,실외,14957,,경기도 시흥시 포동 1-71번지 태헌아파트,37.4081562866,126.7863069514
시흥시,25208,"동진아파트 놀이터(그네,흔들3,조합놀이,모래검사)",20081006,주택단지,민간,실외,14957,,경기도 시흥시 포동 13-2번지 동진아파트,37.4080781634,126.7838218206
시흥시,36442,포동 태산아파트 놀이터,20090928,주택단지,민간,실외,14957,,경기도 시흥시 포동 13-3번지 태산아파트,37.4079003389,126.782738772
시흥시,543398,시립신현어린이집 놀이터,20131219,어린이집,공공,실외,14957,경기도 시흥시 신현로 52,경기도 시흥시 포동 20-33번지,37.4055127811,126.7843998928
시흥시,530629,연꽃마을대우삼호아파트 315동 후면 놀이터,20000403,주택단지,민간,실외,14977,,경기도 시흥시 하상동 368번지 연꽃마을대우삼호아파트,37.3963687812,126.8125615462
시흥시,530630,연꽃마을대우삼호아파트 321동 측면 놀이터,20000403,주택단지,민간,실외,14977,,경기도 시흥시 하상동 368번지 연꽃마을대우삼호아파트,37.3963687812,126.8125615462
시흥시,530628,연꽃마을대우삼호아파트 311동 후면 놀이터,20000403,주택단지,민간,실외,14977,,경기도 시흥시 하상동 368번지 연꽃마을대우삼호아파트,37.3963687812,126.8125615462
시흥시,541615,연꽃마을대우삼호아파트320동뒤놀이터,20130923,주택단지,민간,실외,14977,,경기도 시흥시 하상동 368번지 연꽃마을대우삼호아파트,37.3963687812,126.8125615462
시흥시,25957,연꽃마을금호타운 관리동 뒷편 놀이터,20100909,주택단지,민간,실외,14977,,경기도 시흥시 하상동 369번지 금호타운아파트,37.3931112614,126.8134950717
시흥시,25956,연꽃마을금호타운 301동 뒷편 놀이터,20100909,주택단지,민간,실외,14977,,경기도 시흥시 하상동 369번지 금호타운아파트,37.3931112614,126.8134950717
시흥시,541042,에이스어린이집,20130630,어린이집,민간,실외,14977,경기도 시흥시 하상로 12-2,경기도 시흥시 하상동 371-1번지,37.3918458072,126.8128852775
시흥시,20177,하상공원 어린이놀이시설,20011201,도시공원,공공,실외,14977,경기도 시흥시 하상로 14-9,경기도 시흥시 하상동 372번지,37.3918336187,126.8138908215
시흥시,20427,연꽃마을 태평아파트 어린이 놀이터(1단지),20040410,주택단지,민간,실외,14977,,경기도 시흥시 하상동 382번지 연꽃마을태평아파트2단지,37.3900110736,126.8120321762
시흥시,20430,연꽃마을 태평아파트 어린이 놀이터(2단지)-201동 앞,20030410,주택단지,민간,실외,14977,,경기도 시흥시 하상동 382번지 연꽃마을태평아파트2단지,37.3900110736,126.8120321762
시흥시,538716,연꽃마을 태평아파트 어린이 놀이터(2단지)-206동 옆,20030410,주택단지,민간,실외,14977,,경기도 시흥시 하상동 382번지 태평아파트,37.3900110736,126.8120321762
시흥시,539070,관곡마을 동아아파트 (102동 뒤),20000529,주택단지,민간,실외,14975,,경기도 시흥시 하중동 826-1번지 동아아파트,37.3993836571,126.8009986209
시흥시,539073,관곡마을 동아아파트(104동 뒤),20000529,주택단지,민간,실외,14975,,경기도 시흥시 하중동 826-1번지 동아아파트,37.3993836571,126.8009986209
시흥시,20172,관곡공원 어린이놀이시설,20090305,도시공원,공공,실외,14975,경기도 시흥시 관곡지로40번길 15,경기도 시흥시 하중동 826-2번지,37.399543756,126.8006355932
시흥시,25818,관곡마을성원아파트 118동 놀이터,20100906,주택단지,민간,실외,14974,,경기도 시흥시 하중동 827번지 성원아파트,37.3978321221,126.8023235867
시흥시,25817,관곡마을성원아파트 114동 놀이터,20100906,주택단지,민간,실외,14974,,경기도 시흥시 하중동 827번지 성원아파트,37.3978321221,126.8023235867
시흥시,533380,샛말공원 어린이놀이시설(1),20120621,도시공원,공공,실외,14976,경기도 시흥시 하중로173번길 23,경기도 시흥시 하중동 848번지,37.3950617613,126.8048460085
시흥시,521965,샛말공원 어린이 놀이시설(2),20110601,도시공원,공공,실외,14976,경기도 시흥시 하중로173번길 23,경기도 시흥시 하중동 848번지,37.3950617613,126.8048460085
시흥시,539000,참이슬 아파트 어린이 놀이터(204동 앞),19991030,주택단지,민간,실외,14976,,경기도 시흥시 하중동 855번지 참이슬아파트,37.3942478015,126.8059154771
시흥시,20447,참이슬 아파트 어린이 놀이터(211동 앞),19901030,주택단지,민간,실외,14976,,경기도 시흥시 하중동 855번지 참이슬아파트,37.3942478015,126.8059154771
시흥시,539002,참이슬 아파트 어린이 놀이터(202동 뒤),19991030,주택단지,민간,실외,14976,,경기도 시흥시 하중동 855번지 참이슬아파트,37.3942478015,126.8059154771
시흥시,20431,샛말대우아파트 어린이 놀이터,20020824,주택단지,민간,실외,14976,,경기도 시흥시 하중동 858번지 샛말대우아파트,37.3932297641,126.8044675254
시흥시,507823,하중소공원 어린이 놀이시설,20110415,도시공원,공공,실외,14976,,경기도 시흥시 하중동 872-2번지,37.39119143,126.8072863059
시흥시,577411,3호 숨쉬는 놀이터,20201026,아동복지시설,공공,실내,14976,경기도 시흥시 하중로 226,경기도 시흥시 하중동 880-1번지,37.3914950043,126.8052969338
시흥시,20173,성마루공원 어린이놀이시설,20090305,도시공원,공공,실외,,,경기도 시흥시 하중동 880-2번지,37.3909603271,126.805459834
