사업장명,인허가일자,인허가취소일자,영업상태구분코드,영업상태명,폐업일자,소재지시설전화번호,소재지면적정보,도로명우편번호,소재지도로명주소,소재지지번주소,소재지우편번호,WGS84위도,WGS84경도,업태구분명정보,X좌표값,Y좌표값,문화체육업종명,공사립구분명,보험가입여부코드,회원모집총인원
하움 피트니스 헬스 PT & 필라테스,20260213,,13,영업중,,,153.38,14940,"경기도 시흥시 매화1로 2, A동 3층 301호 (매화동)",경기도 시흥시 매화동 200-5,14940,37.4160292165,126.8144047009,,183488.1709056600,434914.6330164280,체력단련장업,사립,,
목감재활운동전문센터,20260213,,13,영업중,,,87.41,14988,"경기도 시흥시 목감남서로 9-33, 더클래스투 105호 (조남동)",경기도 시흥시 조남동 654 더클래스투,14988,37.3783369935,126.8533203389,,186939.8251810360,430705.3558634920,체력단련장업,사립,,
F45배곧,20260327,,13,영업중,,,,15011,"경기도 시흥시 서울대학로278번길 21, 502,503호 (배곧동)",경기도 시흥시 배곧동 193-3 새롬프라자2,15011,37.3695093281,126.7280367972,,175839.5469831310,429749.9891504180,체력단련장업,사립,,
핏 테라피 퍼스널 트레이닝,20231122,,13,영업중,,031-503-8277,279.8,14995,"경기도 시흥시 승지로60번길 17, 현대프라자 6층 601, 602호 (능곡동)",경기도 시흥시 능곡동 758 현대프라자,14995,37.3687417605,126.8125426628,,183330.1996627670,429662.4262836440,체력단련장업,사립,,
핏어스짐,20220119,,13,영업중,,,234.49,14996,"경기도 시흥시 장현장곡로 2, 8층 802호 (장곡동)",경기도 시흥시 장곡동 251,14996,37.3788529681,126.7893068390,,181256.9681689170,430769.6486721350,체력단련장업,사립,,
매드볼릭휘트니스,20220207,,13,영업중,,,375.93,15011,"경기도 시흥시 서울대학로278번길 19-8, 새롬프라자 3층 303~304호 (배곧동)",경기도 시흥시 배곧동 193-2 새롬프라자,15011,37.3698358612,126.7283496731,,175866.6491494710,429786.1300355010,체력단련장업,사립,,
머슬원핏 배곧신도시점,20220302,,13,영업중,,,72,15010,"경기도 시흥시 서울대학로278번길 19-14, 배곧프라자 3층 304-2호 (배곧동)",경기도 시흥시 배곧동 193-1 배곧프라자,15011,37.3701623935,126.7286625518,,175894.0792336290,429822.5526877700,체력단련장업,사립,,
123 Fitness,20220419,,13,영업중,,031-432-0123,345.56,15036,"경기도 시흥시 중심상가로 149, 진성프라자 5층 (정왕동)",경기도 시흥시 정왕동 1728-7 진성프라자,15036,37.3468250497,126.7326722825,,176245.1582510780,427233.1864302820,체력단련장업,사립,,
헬로우짐,20170316,,13,영업중,,,99,15066,"경기도 시흥시 정왕대로 230, 제일프라자 5층 (정왕동)",경기도 시흥시 정왕동 1734-7 제일프라자,15066,37.3449788088,126.7384940896,,176756.5870469820,427023.6990545530,체력단련장업,사립,,
두나미스 피트니스,20170524,,13,영업중,,,105.3,14964,"경기도 시흥시 월곶중앙로70번길 3, 풍림프라자 4층 405호 (월곶동)",경기도 시흥시 월곶동 1010-4 풍림프라자,14964,37.3896123363,126.7381671017,,176679.4631529380,432080.0279504860,체력단련장업,사립,,
슈퍼바디짐,20181210,,13,영업중,,,254.7,15011,"경기도 시흥시 서울대학로278번길 43-13, 5층 503호 (배곧동)",경기도 시흥시 배곧동 200-1,15011,37.3692258093,126.7301741831,,176030.2888009560,429720.0022413360,체력단련장업,사립,,
플라이휘트니스 대야점,20190618,,13,영업중,,031-312-7969,479,14912,"경기도 시흥시 비둘기공원5길 7, 4층 401호 (대야동)",경기도 시흥시 대야동 536,14912,37.4431020845,126.7908135554,,181414.7048748910,437905.3630521800,체력단련장업,사립,,
동네헬스장,20120501,,13,영업중,,031-311-0974,454.53,14949,경기도 시흥시 신천로 95 (신천동),경기도 시흥시 신천동 766-3 3층,429831,37.4389808910,126.7859917014,,180993.0042877260,437451.6015898080,체력단련장업,사립,,1000
네이처짐,20200331,,13,영업중,,,234.62,14923,"경기도 시흥시 은계번영길 23, 은계타운 508호 (은행동)",경기도 시흥시 은행동 646-10 은계타운,14922,37.4371409352,126.8039256944,,182573.8351544920,437236.3556637870,체력단련장업,사립,,
근뚜루 짐,20200611,,13,영업중,,,224.4,15011,"경기도 시흥시 서울대학로278번길 21, 새롬프라자2 6층 605~606호 (배곧동)",경기도 시흥시 배곧동 193-3 새롬프라자2,15011,37.3695093281,126.7280367972,,175839.5469831310,429749.9891504180,체력단련장업,사립,,
파인짐 휘트니스,20200924,,13,영업중,,,496.03,14922,"경기도 시흥시 은계번영길 1, 태산W타워 6층 609~615호 (은행동)",경기도 시흥시 은행동 646 태산W타워,14922,37.4365775346,126.8016249551,,182373.2758541020,437178.7382650290,체력단련장업,사립,,
MF 휘트니스&필라테스,20070315,,13,영업중,,031-315-7712,490.42,14957,"경기도 시흥시 신현로38번길 22, 시흥종교교회 3층 (포동)",경기도 시흥시 포동 13-9 시흥종교교회,14957,37.4075046773,126.7843809470,,180841.3700446090,433955.5318505360,체력단련장업,사립,,
남스짐 월곶점,20221101,,13,영업중,,,,14963,"경기도 시흥시 월곶중앙로 49, 2층 (월곶동)",경기도 시흥시 월곶동 1015-4,14963,37.3881702527,126.7395824479,,176867.1639381500,431818.4970962810,체력단련장업,사립,,
피트온,20221208,,13,영업중,,,178.82,14985,"경기도 시흥시 솔고개길 3-4, 303호 (목감동)",경기도 시흥시 목감동 402-2,14985,37.3823896542,126.8609665498,,187614.6093204720,431153.8543308390,체력단련장업,사립,,
맞춤운동센터 자이언트짐,20230111,,13,영업중,,,393.57,15020,"경기도 시흥시 함송로29번길 5, 2층 ,3층 301호 (정왕동)",경기도 시흥시 정왕동 1881-6 다나의원,15020,37.3637706546,126.7312688493,,176121.6701295300,429115.2494698610,체력단련장업,사립,,
올페이스짐,20230316,,13,영업중,,,482.4,15011,"경기도 시흥시 배곧3로 86, 센터프라자2 605~607호 (배곧동)",경기도 시흥시 배곧동 194-2 센터프라자2,15011,37.3702222869,126.7295541408,,175971.2337473930,429834.3118012040,체력단련장업,사립,,
밸런스 핏 PT 스튜디오,20240423,,13,영업중,,,136.38,14915,"경기도 시흥시 대은로103번길 7, 신화프라자 204호 (대야동)",경기도 시흥시 대야동 581-2 신화프라자,14915,37.4461863037,126.7986302192,,182104.5027196370,438252.5709096720,체력단련장업,사립,,
예일피티 YALE PT,20240610,,13,영업중,,,121.17,15002,"경기도 시흥시 진말로9번길 2, 부석프라자 306호 (장곡동)",경기도 시흥시 장곡동 820-3 부석프라자,15002,37.3784680740,126.7852668701,,180903.0895898950,430743.5609299670,체력단련장업,사립,,
리라핏 거모점,20241001,,13,영업중,,,496.12,15070,"경기도 시흥시 군자로504번길 1, 보성빌딩 지하1층 (거모동)",경기도 시흥시 거모동 1742-1 보성빌딩,15070,37.3449417984,126.7845460989,,180846.9724060200,427015.2044195400,체력단련장업,사립,,
샤랩 피트니스 헬스&피티 배곧점,20250110,,13,영업중,,,1019,15012,"경기도 시흥시 서울대학로 99, 801호 (배곧동)",경기도 시흥시 배곧동 271,15012,37.3592235848,126.7114638181,,174359.6888073920,428648.7529157520,체력단련장업,사립,,
일루와짐,20250310,,13,영업중,,,,15080,"경기도 시흥시 협력로 281, 메가폴리스 1층 B105~B107호 (정왕동)",경기도 시흥시 정왕동 2164-2 메가폴리스,15080,37.3518659383,126.7151538858,,174676.9329014930,427814.3396908030,체력단련장업,사립,,
라포르짐,20250430,,13,영업중,,,,14912,"경기도 시흥시 비둘기공원7길 54, 정민빌딩 5층 502호 (대야동)",경기도 시흥시 대야동 541-14 정민빌딩,14912,37.4416539648,126.7913246197,,181464.1944716770,437743.4689041080,체력단련장업,사립,,
마리오 짐,20140217,,13,영업중,,,315.4,15066,"경기도 시흥시 중심상가4길 30, 4층 (정왕동)",경기도 시흥시 정왕동 1744-5,429861,37.3430484691,126.7368765863,,176612.6956769020,426814.1820848410,체력단련장업,사립,,
라훔헬스&필라테스,20250708,,13,영업중,,031-315-7779,,14912,"경기도 시흥시 비둘기공원로 10, 4층 (대야동)",경기도 시흥시 대야동 532-1,14912,37.4439490409,126.7907603419,,181414.4019837700,437998.7637597010,체력단련장업,사립,,
피지오숲 필라테스 배곧점,20250722,,13,영업중,,031-365-4550,,15011,"경기도 시흥시 서울대학로264번길 44-4, 에스프라자 8층 806,807호 (배곧동)",경기도 시흥시 배곧동 231 에스프라자,15011,37.3671759068,126.7282075179,,175853.3255291810,429485.0779362570,체력단련장업,사립,,
크로스핏 삶의짐,20160223,,13,영업중,,,287.12,15066,"경기도 시흥시 중심상가4길 24-1, 나라빌딩 지하 1층 (정왕동)",경기도 시흥시 정왕동 1744-2 나라빌딩,15066,37.3433296956,126.7371559822,,176637.2850000000,426845.7710000000,체력단련장업,사립,,
정왕헬스,20160620,,13,영업중,,031-496-4514,352.8,15052,"경기도 시흥시 정왕시장길 52, 정왕시장 3층 301호 (정왕동)",경기도 시흥시 정왕동 1202 정왕시장,15052,37.3455685452,126.7489652672,,177684.9537522750,427088.4076865390,체력단련장업,사립,,
리에베 필라테스&PT,20230725,,13,영업중,,,246.92,14989,경기도 시흥시 산현마을길 52 (주)이안리치개발 301호 (산현동),경기도 시흥시 산현동 506-2 (주)이안리치개발,14989,37.3765292718,126.8458587537,,186277.9930321260,430503.9728414950,체력단련장업,사립,,
머슬리 짐 PT,20230822,,13,영업중,,031-404-4465,257.79,14999,"경기도 시흥시 능곡번영길 16, 602~603호 (능곡동)",경기도 시흥시 능곡동 898-11,14999,37.3691188314,126.8076490989,,182883.9428030770,429701.1674753080,체력단련장업,사립,,
다비드 핏,20200131,,13,영업중,,,168.47,15011,"경기도 시흥시 서울대학로278번길 19-8, 새롬프라자 4층 407호 (배곧동)",경기도 시흥시 배곧동 193-2 새롬프라자,15011,37.3698358612,126.7283496731,,175866.6491494710,429786.1300355010,체력단련장업,사립,,
머슬뷰티,19990311,,13,영업중,,031-433-4935,285.3,15066,"경기도 시흥시 중심상가로 197, 영창빌딩 5층 (정왕동)",경기도 시흥시 정왕동 1737-20 영창빌딩,15066,37.3441221935,126.7370463570,,176630.2967308070,426933.6893306050,체력단련장업,사립,,
어게인핏,20011115,,13,영업중,,,687.2,15002,"경기도 시흥시 진말로9번길 2, 부석프라자 501~505호 (장곡동)",경기도 시흥시 장곡동 820-3 부석프라자,15002,37.3784680740,126.7852668701,,180903.0895898950,430743.5609299670,체력단련장업,사립,,
체인지핏(배곧점),20200331,,13,영업중,,070-7763-3333,220.76,15011,"경기도 시흥시 서울대학로264번길 26-32, 배곧중앙프라자 5층 519~520호 (배곧동)",경기도 시흥시 배곧동 230 배곧중앙프라자,15011,37.3666139281,126.7277276688,,175810.8486508670,429428.5379440570,체력단련장업,사립,,
매드볼릭,20231020,,13,영업중,,,375.92,15011,"경기도 시흥시 서울대학로278번길 19-8, 새롬프라자 3층 307, 308호 (배곧동)",경기도 시흥시 배곧동 193-2 새롬프라자,15011,37.3698358612,126.7283496731,,175866.6491494710,429786.1300355010,체력단련장업,사립,,
글로리 짐,20210119,,13,영업중,,,54.08,15011,"경기도 시흥시 서울대학로278번길 26, 시흥배곧 아브뉴프랑 센트럴 오렌지 4층 435호 (배곧동)",경기도 시흥시 배곧동 215 시흥배곧 아브뉴프랑 센트럴 오렌지,15011,37.3689041270,126.7278397154,,175820.4213305170,429682.1352987070,체력단련장업,사립,,
바나나 짐,20210226,,13,영업중,,031-431-1188,322.74,15040,"경기도 시흥시 중심상가로 49, 5층 (정왕동)",경기도 시흥시 정왕동 1859-20,15040,37.3523288135,126.7238318533,,175459.6994211740,427844.9672536080,체력단련장업,사립,Y,
MUSCLE GYM(머슬짐),20210504,,13,영업중,,070-8116-8117,470.55,14914,"경기도 시흥시 은행로167번길 3, 대원빌딩 5층 501호 (대야동)",경기도 시흥시 대야동 578-3 대원빌딩,14914,37.4454446818,126.7982075509,,182071.7225068410,438163.2761234350,체력단련장업,사립,,
머슬원핏 월곶점,20240118,,13,영업중,,,88.33,14963,"경기도 시흥시 월곶중앙로 59, 월곶프라자 402호 (월곶동)",경기도 시흥시 월곶동 1014-3 월곶프라자,14963,37.3885516352,126.7386183971,,176782.5193722570,431860.9012501680,체력단련장업,사립,,
파인짐(FINE GYM),20191126,,13,영업중,,,231.27,14923,"경기도 시흥시 은계번영길 25, 미림프라자 4층 405~407호 (은행동)",경기도 시흥시 은행동 646-11 미림프라자,14922,37.4367806110,126.8039629429,,182581.5577890380,437200.2685954530,체력단련장업,사립,,
시흥 하중동 헬스장 짐 메종그랑조,20260128,,13,영업중,,,,14976,"경기도 시흥시 하중로 213-1, 2층 (하중동)",경기도 시흥시 하중동 861-4 육일빌딩,14976,37.3926517416,126.8058059258,,182732.9616000530,432302.8687983910,체력단련장업,사립,,
크로스핏 졸리,20231019,,13,영업중,,,224.2,14992,"경기도 시흥시 시흥대로268번길 12, 3동 (능곡동)",경기도 시흥시 능곡동 807,14992,37.3639286757,126.8079452309,,182922.1265203070,429115.2270594620,체력단련장업,사립,,
배곧멀티짐,20201223,,13,영업중,,031-365-5199,150.46,15010,"경기도 시흥시 배곧4로 22, 배곧타운2 5층 511호 (배곧동)",경기도 시흥시 배곧동 122 배곧타운2,15010,37.3775785190,126.7269601551,,175732.4991347580,430659.5337635310,체력단련장업,사립,,
남스짐 PT전문 &투게더짐 그룹PT전문,20210114,,13,영업중,,031-317-7377,284.64,14995,"경기도 시흥시 승지로60번길 12, 광장프라자 3층 301~303호 (능곡동)",경기도 시흥시 능곡동 747 광장프라자,14995,37.3687817033,126.8116614024,,183247.3689694680,429651.8774554610,체력단련장업,사립,,
로얄바디짐 은계점 헬스PT,20210204,,13,영업중,,031-312-9679,178.84,14923,"경기도 시흥시 은계번영길 21, 은계 유테라스 4층 402~403호 (은행동)",경기도 시흥시 은행동 646-9 은계 유테라스,14922,37.4372099101,126.8033937765,,182530.6484195370,437247.0100066350,체력단련장업,사립,,
버프짐,20210215,,13,영업중,,031-488-9679,188.41,15011,"경기도 시흥시 서울대학로278번길 61, 서영베니스스퀘어 4층 413호 (배곧동)",경기도 시흥시 배곧동 204 서영베니스스퀘어,15011,37.3681926149,126.7306929431,,176072.6007249400,429602.8439967730,체력단련장업,사립,,
짐무드 시흥점,20210222,,13,영업중,,,610.51,15011,"경기도 시흥시 서울대학로278번길 61, 서영베니스스퀘어 7층 703~707호 (배곧동)",경기도 시흥시 배곧동 204 서영베니스스퀘어,15011,37.3681926149,126.7306929431,,176072.6007249400,429602.8439967730,체력단련장업,사립,,
위블휘트니스,20210226,,13,영업중,,031-509-8886,403.72,14995,"경기도 시흥시 승지로60번길 20, 영 프라자 5층 (능곡동)",경기도 시흥시 능곡동 748 영 프라자,14995,37.3686934767,126.8119897207,,183276.9983334050,429642.2549591710,체력단련장업,사립,,
헬스 DUNAMIS,20210412,,13,영업중,,,150.17,14966,"경기도 시흥시 월곶중앙로 64, 풍산프라자 4층 402호 (월곶동)",경기도 시흥시 월곶동 1009-1 풍산프라자,14966,37.3891728802,126.7385104453,,176774.6675847330,431931.3551057600,체력단련장업,사립,,
ARK GYM,20210630,,13,영업중,,031-506-5060,165.6,14985,"경기도 시흥시 목감우회로 51, 동한메티컬프라자 5층 501호 (목감동)",경기도 시흥시 목감동 408 동한메티컬프라자,14985,37.3822598219,126.8619616634,,187687.0298453830,431135.2698730780,체력단련장업,사립,,
알유짐 장현동 pt&헬스 시흥시청점,20210811,,13,영업중,,,289,14998,"경기도 시흥시 시청로68번길 25, 삼하빌딩 5층 501호 (장현동)",경기도 시흥시 장현동 530-3 삼하빌딩,14998,37.3822263343,126.8017904655,,182375.6405073440,431145.8669633430,체력단련장업,사립,,
라이프원오원헬스피티,20231020,,13,영업중,,,296.87,15011,"경기도 시흥시 배곧3로 80, 센터프라자 306,604호 (배곧동)",경기도 시흥시 배곧동 194-1 센터프라자,15011,37.3705347264,126.7290879019,,175930.2890050030,429864.6127945220,체력단련장업,사립,,
엠에스 짐(MS GYM),20231030,,13,영업중,,,395.76,14907,"경기도 시흥시 서해안로 1668-2, 3, 4층 (대야동)",경기도 시흥시 대야동 289-1,14907,37.4508125790,126.7929680175,,181614.3063861650,438761.4875833080,체력단련장업,사립,,
브라운 짐,20231102,,13,영업중,,,172.27,14940,"경기도 시흥시 매화2로 34, 4층 (매화동)",경기도 시흥시 매화동 368-6,14940,37.4172360855,126.8111390656,,183201.4379923990,435025.7365360040,체력단련장업,사립,,
퍼센트짐 헬스장,20231121,,13,영업중,,031-311-8007,466.65,14923,"경기도 시흥시 은계중앙로 256, 리버시티 4층 402~404호 (은행동)",경기도 시흥시 은행동 608 리버시티,14923,37.4470560646,126.8039581957,,182581.3583304190,438336.8883109800,체력단련장업,사립,,
올찬 피트니스,20241205,,13,영업중,,,464.4,14917,"경기도 시흥시 대은로 94, 우진빌딩 6층, 7층 701호 (은행동)",경기도 시흥시 은행동 531-1 우진빌딩,14917,37.4450518639,126.7988442993,,182129.1754351400,438121.6437581100,체력단련장업,사립,,
테스휘트니스센타,20081013,,13,영업중,,031-435-5665,121.7,14916,"경기도 시흥시 은행로 86, 경동프라자 10층 (은행동)",경기도 시흥시 은행동 547-4 경동프라자,14916,37.4392911141,126.7971459146,,181977.3517956710,437476.2029596020,체력단련장업,사립,,
스파리스 휘트니스,20090511,,13,영업중,,031-431-3339,478.5,15052,"경기도 시흥시 정왕시장길 51, 정왕시장 4층 401호 (정왕동)",경기도 시흥시 정왕동 1203 정왕시장,15052,37.3458093904,126.7485677164,,177650.3600531840,427115.3414833010,체력단련장업,사립,,
고구마짐,20120830,,13,영업중,,031-433-6308,171.2,15066,"경기도 시흥시 중심상가3길 13, 명동하우스 (정왕동)",경기도 시흥시 정왕동 1737-15 명동하우스,15066,37.3447243966,126.7367805966,,176607.9650604820,426995.3901611550,체력단련장업,사립,,
빠나따스포츠클럽,20120904,,13,영업중,,,272.61,15036,경기도 시흥시 정왕대로 174 (정왕동),경기도 시흥시 정왕동 1726-1,429862,37.3481553901,126.7334942325,,176313.2851564840,427368.5408059430,체력단련장업,사립,,
언더짐,20220811,,13,영업중,,,292.62,14977,"경기도 시흥시 연성로 86, 송옥빌딩 4층 (하상동)",경기도 시흥시 하상동 380-3 송옥빌딩,14977,37.3906293556,126.8129528648,,183365.3333514120,432075.3133804760,체력단련장업,사립,,
원피트니스,20220908,,13,영업중,,,,14910,"경기도 시흥시 수인로 3372, 신천프라자 10층 1001호 (신천동)",경기도 시흥시 신천동 712-9 신천프라자,14910,37.4411251667,126.7843434953,,180846.3235963690,437687.8502397160,체력단련장업,사립,,
웰피트니스 배곧점,20221125,,13,영업중,,,387.4,15011,"경기도 시흥시 서울대학로278번길 19-14, 배곧프라자 202,203호 (배곧동)",경기도 시흥시 배곧동 193-1 배곧프라자,15011,37.3701623935,126.7286625518,,175894.0792336290,429822.5526877700,체력단련장업,사립,,
플레이짐,20221205,,13,영업중,,,304.29,14912,"경기도 시흥시 비둘기공원1길 23, 유영빌딩 4층 (대야동)",경기도 시흥시 대야동 541-16 유영빌딩,14912,37.4415533975,126.7910881747,,181441.1304890320,437732.2010145370,체력단련장업,사립,,
머슬원핏 시화점,20221216,,13,영업중,,,85,15036,"경기도 시흥시 중심상가로 158, 시화하나프라자 4층 404호 (정왕동)",경기도 시흥시 정왕동 1731-12 시화하나프라자,15036,37.3461334576,126.7330518936,,176276.5259165310,427150.6720649410,체력단련장업,사립,,
아리테휘트니스,20230112,,13,영업중,,031-317-8144,486.86,14999,"경기도 시흥시 능곡번영길 33, 7층 (능곡동)",경기도 시흥시 능곡동 211-1,14999,37.3694565706,126.8068328533,,182797.6028155960,429736.6121727130,체력단련장업,사립,,
후필라테스 & 피티,20230222,,13,영업중,,,127.27,14985,"경기도 시흥시 목감우회로 39, 목감 시티프라자 4층 403호 (목감동)",경기도 시흥시 목감동 403-1 목감 시티프라자,14985,37.3819082861,126.8602929025,,187567.9724462800,431106.3503046990,체력단련장업,사립,,
코리아 헬스,20230526,,13,영업중,,031-404-8520,291.4,14948,"경기도 시흥시 삼미시장2길 29, 3층 1호 (신천동)",경기도 시흥시 신천동 738-3 구세군교회,14948,37.4406230103,126.7832856727,,180752.5591944900,437631.9161641210,체력단련장업,사립,,
피지오숲 필라테스&PT 장현점,20230608,,13,영업중,,070-4006-1348,417.43,14996,"경기도 시흥시 황고개로 536, 603~606호 (장곡동)",경기도 시흥시 장곡동 932-3,14996,37.3785371682,126.7892533441,,181297.0532971350,430741.8837103860,체력단련장업,사립,,
아리스 휘트니스,20230705,,13,영업중,,032-434-9682,1376.77,15011,"경기도 시흥시 서울대학로264번길 26-16, 해든메디컬센터 9층 (배곧동)",경기도 시흥시 배곧동 224-1 해든메디컬센터,15011,37.3669339731,126.7256690253,,175629.8613518060,429465.9516468810,체력단련장업,사립,,
대로 GYM,20240227,,13,영업중,,,198.64,14984,경기도 시흥시 수인로2421번길 87-6 (논곡동),경기도 시흥시 논곡동 160-82,14984,37.3880839930,126.8588735605,,187433.8473521040,431779.6372123310,체력단련장업,사립,,
독보짐,20240524,,13,영업중,,,,15015,"경기도 시흥시 오이도로157번길 3, 1,2층 (정왕동)",경기도 시흥시 정왕동 1973-12,15015,37.3469735173,126.6887293077,,172350.0564762010,427261.0999983570,체력단련장업,사립,,
핏좋아짐,20240531,,13,영업중,,,816.7,15119,"경기도 시흥시 거북섬중앙로 1, 시화MTV 보니타가 2동 2층 246~251, 205~208호 (정왕동)",경기도 시흥시 정왕동 2709 시화MTV 보니타가,15119,37.3255247468,126.6827295604,,171864.1576442140,424996.2271246140,체력단련장업,사립,,
웨이브짐(거북섬점),20240805,,13,영업중,,,176,15119,"경기도 시흥시 거북섬5길 4, 센터프라자 1동 303,304호 (정왕동)",경기도 시흥시 정왕동 2720-8 센터프라자,15119,37.3221490732,126.6833755881,,171867.0510159330,424506.8615926830,체력단련장업,사립,,
모데라 스포츠랩,20240902,,13,영업중,,,167.45,15011,"경기도 시흥시 서울대학로278번길 61, 서영베니스스퀘어 708호 (배곧동)",경기도 시흥시 배곧동 204 서영베니스스퀘어,15011,37.3681926149,126.7306929431,,176072.6007249400,429602.8439967730,체력단련장업,사립,,
에이엠지 피트니스 목감점,20241023,,13,영업중,,031-401-4011,450.52,14988,"경기도 시흥시 목감남서로 9-7, 더 드림 7층 (조남동)",경기도 시흥시 조남동 659 더 드림,14988,37.3775973944,126.8515872770,,186784.4576511830,430625.6923336270,체력단련장업,사립,,
시흥 장현헬스 피트니스가치,20241120,,13,영업중,,,291.56,14998,"경기도 시흥시 시청로 74, 4층 403호 (장현동)",경기도 시흥시 장현동 538-3,14998,37.3809067342,126.7996565841,,182187.7862459290,430999.3349752800,체력단련장업,사립,,
라이프 크로스핏,20241121,,13,영업중,,,197.83,14992,경기도 시흥시 능곡로81번길 2-6 (능곡동),경기도 시흥시 능곡동 832,14992,37.3624541683,126.8163378738,,183658.9662131970,428948.0887409140,체력단련장업,사립,,
하이본 헬스&PT,20250207,,13,영업중,,031-434-8144,296.12,15020,"경기도 시흥시 함송로14번길 13-5, 정왕프라자 4층 (정왕동)",경기도 시흥시 정왕동 1883-3 정왕프라자,15020,37.3630793865,126.7289270346,,175919.6935685680,429039.9380833710,체력단련장업,사립,,
바디101헬스PT배곧점,20250227,,13,영업중,,,104,15011,"경기도 시흥시 배곧3로 80, 센터프라자 602호 (배곧동)",경기도 시흥시 배곧동 194-1 센터프라자,15011,37.3705347264,126.7290879019,,175930.2890050030,429864.6127945220,체력단련장업,사립,,
피크폼 트레이닝,20250418,,13,영업중,,,,14963,"경기도 시흥시 월곶해안로 147, 301호 (월곶동)",경기도 시흥시 월곶동 1013-17,14963,37.3880683896,126.7363640080,,176581.5317088010,431811.0522183360,체력단련장업,사립,,
크로스핏 알피 시흥,20250418,,13,영업중,,,,15020,"경기도 시흥시 함송로29번길 7, 현대프라자 B01,B02호 (정왕동)",경기도 시흥시 정왕동 1881-5 JK학원,15020,37.3638977181,126.7314030660,,176132.7338205530,429129.4570883410,체력단련장업,사립,,
크로스핏 원더,20250501,,13,영업중,,,,15000,"경기도 시흥시 황고개로352번길 3, 창고 1동 (군자동)",경기도 시흥시 군자동 405-8 백두상사,15000,37.3628531468,126.7877186974,,181122.7523383100,428995.2654988770,체력단련장업,사립,,
크로스핏 재규어,20250508,,13,영업중,,,,14950,"경기도 시흥시 신천로68번길 27, 지하 1층 (신천동)",경기도 시흥시 신천동 856-14,14950,37.4369309717,126.7898431510,,181331.8684988850,437222.6795385750,체력단련장업,사립,,
PITBULL GYM,20130705,,13,영업중,,,635.58,15068,"경기도 시흥시 군자로 507, 401, 402, 403호 (거모동, 군자프라자)","경기도 시흥시 거모동 1757-1 군자프라자 401, 402, 403호",15068,37.3447661065,126.7853041907,,180908.2285853480,426991.2194272690,체력단련장업,사립,,
S-FIT 휘트니스,20140113,,13,영업중,,031-318-7382,259.85,14910,"경기도 시흥시 호현로10번길 17, 4층 (신천동)",경기도 시흥시 신천동 708-13 4층동,429828,37.4411296133,126.7850782381,,180911.3940126480,437690.2893867440,체력단련장업,사립,,
맞춤운동센터 자이언트짐,20140303,,13,영업중,,,380.62,15066,"경기도 시흥시 중심상가로 181, 4층 (정왕동)",경기도 시흥시 정왕동 1737-10 삼화빌딩,429861,37.3450589490,126.7355466077,,176498.3003761140,427036.5259190640,체력단련장업,사립,,
크로스핏슈팅스타,20250514,,13,영업중,,,,15120,"경기도 시흥시 은계중앙로306번길 58, 월드기어 1층 102호 (대야동)",경기도 시흥시 대야동 661-4 월드기어,15120,37.4530344298,126.7967459812,,181948.6446643260,439003.8104354010,체력단련장업,사립,,
쿨짐,20250604,,13,영업중,,,,14988,"경기도 시흥시 목감남서로 9-33, 더클래스투 801호 (조남동)",경기도 시흥시 조남동 654 더클래스투,14988,37.3783369935,126.8533203389,,186939.8251810360,430705.3558634920,체력단련장업,사립,,
바라 트레이닝 랩,20250620,,13,영업중,,,,15002,"경기도 시흥시 진살미길 10, 1층 101호 (장곡동)",경기도 시흥시 장곡동 866-6,15002,37.3824312501,126.7833090090,,180739.6100000000,431171.2750000000,체력단련장업,사립,,
갓짐,20250627,,13,영업중,,,,15066,"경기도 시흥시 정왕대로 210, 성담스퀘어 지하 1,3,4호 (정왕동)",경기도 시흥시 정왕동 1734-2 성담스퀘어,15066,37.3459328804,126.7368812651,,,,체력단련장업,사립,,
짐캐슬 헬스&필라테스 은행점,20250716,,13,영업중,,031-313-3111,,14923,"경기도 시흥시 은행고길 24, 4층 401~403호 (은행동)",경기도 시흥시 은행동 616-1,14923,37.4405381221,126.7991916347,,182172.9655653650,437630.0920911900,체력단련장업,사립,,
ONEMOVE,20251024,,13,영업중,,,,15011,"경기도 시흥시 서울대학로278번길 61, 베니스스퀘어 C동 328,329호 (배곧동)",경기도 시흥시 배곧동 204 서영베니스스퀘어,15011,37.3681926149,126.7306929431,,176072.6007249400,429602.8439967730,체력단련장업,사립,,
올굿 교정운동센터,20251031,,13,영업중,,,,14923,"경기도 시흥시 은계호수로 31, 그린타워 4층 410호 (은행동)",경기도 시흥시 은행동 611-1 그린타워,14923,37.4445110454,126.8034165283,,182534.5229181380,438060.2683255180,체력단련장업,사립,,
라비다 퀸즈서클,20251217,,13,영업중,,,241.28,15010,"경기도 시흥시 배곧4로 87, 베스트프라자 307,308,309호 (배곧동)",경기도 시흥시 배곧동 73 베스트프라자,15010,37.3746009077,126.7334059093,,176318.6727124520,430310.8795802200,체력단련장업,사립,,
프렌드짐,20140610,,13,영업중,,031-432-9688,250,15066,"경기도 시흥시 중심상가2길 20-5, 5층 (정왕동)",경기도 시흥시 정왕동 1738-6,429861,37.3446738855,126.7373343117,,176656.5036631830,426991.7838206390,체력단련장업,사립,,
펄스짐,20140829,,13,영업중,,,402.22,14963,"경기도 시흥시 월곶해안로 165, 광명빌딩 4층 401호 (월곶동)",경기도 시흥시 월곶동 1014-7 광명빌딩,14963,37.3884680444,126.7382351635,,176748.0792379020,431854.6631952530,체력단련장업,사립,,
레드휘트니스,20141024,,13,영업중,,,244,14910,"경기도 시흥시 호현로22번길 27, 2층 (신천동)",경기도 시흥시 신천동 709-10 2층,429828,37.4406190777,126.7871065669,,181089.1836142310,437631.2924755630,체력단련장업,사립,,
바디 트랜스짐 장곡점,20150408,,13,영업중,,,293.85,15002,"경기도 시흥시 진말로 7, 중앙프라자 5층 505~507호 (장곡동)",경기도 시흥시 장곡동 819-2 중앙프라자,15002,37.3780534691,126.7852708047,,180899.5650055420,430686.2149502380,체력단련장업,사립,,
설레임휘트니스,20150828,,13,영업중,,031-431-5006,785.4,15040,"경기도 시흥시 정왕대로 64, 4층 401호 (정왕동, 메가쇼핑몰)",경기도 시흥시 정왕동 1861-2 메가쇼핑몰 401호,15040,37.3542557561,126.7235297297,,175417.6567193790,428065.9363357030,체력단련장업,사립,,
바디원오원,20160421,,13,영업중,,,195,15011,"경기도 시흥시 배곧3로 80, 센터프라자 603호 (배곧동)",경기도 시흥시 배곧동 194-1 센터프라자,15011,37.3705347264,126.7290879019,,175930.2890050030,429864.6127945220,체력단련장업,사립,,
DN 휘트니스,20160516,,13,영업중,,,458,14910,"경기도 시흥시 수인로 3378, 5~6층 전체호 (신천동, 반석프라자)",경기도 시흥시 신천동 712-3,14910,37.4413651639,126.7837872929,,180795.2562591240,437713.8186734920,체력단련장업,사립,,
바디트랜스짐 은행점 헬스PT,20160704,,13,영업중,,,409.29,14916,"경기도 시흥시 은행로 130, 정철어학원 4층 401,403호 (은행동)",경기도 시흥시 은행동 539-4 정철어학원,14916,37.4427062854,126.8000192604,,182244.3191372510,437834.9225082490,체력단련장업,사립,,
휘트니스GQ,20161117,,13,영업중,,031-431-3389,546,15040,"경기도 시흥시 옥구상가2길 4, 4층 402~405호 (정왕동, 로얄타운)",경기도 시흥시 정왕동 1861-4 로얄타운,15040,37.3539162976,126.7239961677,,175472.9157814360,428022.9289844830,체력단련장업,사립,,
골든헬스클럽,19970318,,13,영업중,,034-584-1022,204.64,14984,"경기도 시흥시 동서로 1086, 목감열린치과 지하층 101호 (목감동)",경기도 시흥시 목감동 240-5 목감열린치과,14984,37.3857658481,126.8602375375,,187551.9903404570,431530.3431096660,체력단련장업,사립,,
짐리치 대야역점,20010310,,13,영업중,,031-503-7770,600.7,14908,"경기도 시흥시 복지로 96, A&C빌딩 7층 (대야동)",경기도 시흥시 대야동 568-2 A&C빌딩,14908,37.4472633410,126.7918143639,,181510.0017214310,438365.4790979050,체력단련장업,사립,,
오성헬스,20010904,,13,영업중,,031-431-5033,272,15062,"경기도 시흥시 중심상가로 312, 이림프라자 5층 (정왕동)",경기도 시흥시 정왕동 1782-1 이림프라자,15062,37.3375063282,126.7469232568,,177501.7085727640,426194.1594767460,체력단련장업,사립,,
재정헬스,20020705,,13,영업중,,031-494-3445,264.4,15068,"경기도 시흥시 군자로 475, 재정빌딩 3층 (거모동)",경기도 시흥시 거모동 1724-9 재정빌딩,15068,37.3474771650,126.7834720411,,180749.4684541660,427288.8365899160,체력단련장업,사립,,
피트니스 갤러리,20020607,,13,영업중,,,239.42,15040,"경기도 시흥시 정왕대로 56, 세종월드 빌딩 5층 503호 (정왕동)",경기도 시흥시 정왕동 1861-1 세종월드 빌딩,15040,37.3545138727,126.7230302519,,175389.3949341010,428088.1941360140,체력단련장업,사립,,
주식회사 거북섬휘트니스앤골프,20251230,,13,영업중,,,,15119,"경기도 시흥시 거북섬2길 25, 퍼스트에비뉴2차 406호 (정왕동)",경기도 시흥시 정왕동 2703 퍼스트에비뉴2차,15119,37.3273135449,126.6768182482,,171280.4608113420,425101.5743857900,체력단련장업,사립,,
언바운드짐 헬스 PT 목감 3호점,20211208,,13,영업중,,031-410-9679,277.9,14985,"경기도 시흥시 남왕길 30, 프라미스 콤플렉스 4층 (목감동)",경기도 시흥시 목감동 402-1 프라미스 콤플렉스,14985,37.3826236944,126.8609080854,,187611.0565734020,431180.8350474160,체력단련장업,사립,,
이루어짐,20211213,,13,영업중,,,238.93,15120,"경기도 시흥시 은계중앙로 358, 501,502호 (대야동)",경기도 시흥시 대야동 653-5,15120,37.4517597522,126.7961134740,,181889.8219307720,438863.7994096390,체력단련장업,사립,,
나인원 피트니스,20220105,,13,영업중,,,387.24,14907,"경기도 시흥시 복지로 126, 2층 201~203호 (대야동)",경기도 시흥시 대야동 290-5,14907,37.4500163856,126.7924667538,,181582.0843419810,438686.4367039690,체력단련장업,사립,,
매드볼릭 휘트니스,20220207,,13,영업중,,,375.93,15011,"경기도 시흥시 서울대학로278번길 19-8, 새롬프라자 3층 301~302호 (배곧동)",경기도 시흥시 배곧동 193-2 새롬프라자,15011,37.3698358612,126.7283496731,,175866.6491494710,429786.1300355010,체력단련장업,사립,,
데이원 PT,20220216,,13,영업중,,,125.4,14985,"경기도 시흥시 솔고개길 4-3, M 테라스 7층 702~703호 (목감동)",경기도 시흥시 목감동 407 M 테라스,14985,37.3826180368,126.8615293938,,187662.8832482690,431192.7041707370,체력단련장업,사립,,
머슬원핏,20220314,,13,영업중,,,133.7,15020,"경기도 시흥시 정왕신길로49번길 61, 신도빌딩 4층 (정왕동)",경기도 시흥시 정왕동 1882-8 신도빌딩,15020,37.3627455692,126.7302629746,,176033.1300671050,429001.5413482700,체력단련장업,사립,,
수아름 필라테스 정왕점,20220405,,13,영업중,,031-319-5098,189,15020,"경기도 시흥시 함송로 21, 굿모닝프라자 4층 401호 (정왕동)",경기도 시흥시 정왕동 1881-9 굿모닝프라자,15020,37.3637669836,126.7307042501,,176076.9680560650,429112.6306358930,체력단련장업,사립,,
에이엠지 헬스,20220405,,13,영업중,,,774.87,14996,"경기도 시흥시 진말1로 18, 6층 602~610호 (장곡동)",경기도 시흥시 장곡동 260-21,14996,37.3778277752,126.7897005390,,181268.8752210920,430651.7765517470,체력단련장업,사립,,
나는필라테스 장곡역점,20220422,,13,영업중,,031-492-8136,267.54,14996,"경기도 시흥시 황고개로 528, 8층 801~803호 (장곡동)",경기도 시흥시 장곡동 260-21,14996,37.3779241378,126.7892365395,,181268.8752210920,430651.7765517470,체력단련장업,사립,,
라인에 미치다,20220503,,13,영업중,,031-8042-4454,316,15066,"경기도 시흥시 중심상가4길 26, 삼우빌딩 2층 201호 (정왕동)",경기도 시흥시 정왕동 1744-3 삼우빌딩,15066,37.3432206647,126.7370216093,,176626.2050672750,426831.5406586810,체력단련장업,사립,,
배곧 품 태권도장,20161223,,13,영업중,,031-431-0110,631.73,15010,"경기도 시흥시 배곧4로 32-17, 배곧 로자벨 5층 504~507호 (배곧동)",경기도 시흥시 배곧동 127 배곧 로자벨,15010,37.3771523958,126.7265805077,,175710.1446997740,430595.3264203980,체력단련장업,사립,,
Muscle Attack,20170210,,13,영업중,,,201.45,14988,"경기도 시흥시 목감남서로 9-27, 5층 505~506호 (조남동)",경기도 시흥시 조남동 657,14988,37.3779410886,126.8534479825,,186947.5589834750,430662.2312008190,체력단련장업,사립,,
퓨어필라테스,20170213,,13,영업중,,,137.8,15010,"경기도 시흥시 배곧3로 86, 센터프라자2 6층 603호 (배곧동)",경기도 시흥시 배곧동 194-2 센터프라자2,15011,37.3702222869,126.7295541408,,175971.2337473930,429834.3118012040,체력단련장업,사립,,
부부짐 휘트니스,20170329,,13,영업중,,,267.5,15036,"경기도 시흥시 정왕대로 174, 광개토빌딩1 2층 201호 (정왕동)",경기도 시흥시 정왕동 1726-1 광개토빌딩1,15036,37.3481553901,126.7334942325,,176313.2851564840,427368.5408059430,체력단련장업,사립,,
헬스보이짐앤필라걸 배곧점,20170427,,13,영업중,,031-431-2722,1252,15011,"경기도 시흥시 배곧3로 96, M-플러스 609호 (배곧동)",경기도 시흥시 배곧동 199-1 M-플러스,15011,37.3697764139,126.7302927867,,176020.2675773410,429797.3948219870,체력단련장업,사립,,
엠투짐,20171018,,13,영업중,,031-496-9683,230.72,15010,"경기도 시흥시 배곧4로 81-52, 현대프라자 4층 402호 (배곧동)",경기도 시흥시 배곧동 69 현대프라자,15010,37.3749545391,126.7337298482,,176345.6598724830,430354.1488838700,체력단련장업,사립,,
클린바디짐,20181114,,13,영업중,,,205.73,14998,"경기도 시흥시 새재로 13, 새오름빌딩 2층 (장현동)",경기도 시흥시 장현동 543-3 새오름빌딩,14998,37.3808569315,126.8019048202,,182386.5115488420,430993.1662048100,체력단련장업,사립,,
주)아세코,20181226,,13,영업중,,031-488-8000,84.5,15003,"경기도 시흥시 마전로 307, 시흥아세코밸리골프장 (거모동)",경기도 시흥시 거모동 121-1 시흥아세코밸리골프장,15003,37.3678102711,126.7713755012,,,,체력단련장업,사립,,
짐리치 은계호수점,20190123,,13,영업중,,,686.28,14923,"경기도 시흥시 은계로 260, 우평 라비엔빌딩 6층 604~609호 (은행동)",경기도 시흥시 은행동 611 우평 라비엔빌딩,14923,37.4448429301,126.8031421323,,182509.8411435390,438098.2217887950,체력단련장업,사립,,
무브 365 기능 운동 아카데미,20190724,,13,영업중,,,124,14923,"경기도 시흥시 은계번영길 11, 7층 704호 (은행동)",경기도 시흥시 은행동 34,14922,37.4374281699,126.8021935463,,182424.4430297330,437272.2733548340,체력단련장업,사립,,
피트니스온 은계점,20191014,,13,영업중,,031-404-4004,874.9,14923,"경기도 시흥시 은계번영길 13, 아리테타워 6층 (은행동)",경기도 시흥시 은행동 646-6 아리테타워,14922,37.4373401072,126.8025447826,,182455.7240425050,437264.7933295200,체력단련장업,사립,,
삼성 JOY 헬스,20030329,,13,영업중,,031-313-7005,231.4,14940,"경기도 시흥시 매화2로 35, 영재사관학원 2층 (매화동)",경기도 시흥시 매화동 224-4 영재사관학원,14940,37.4169649669,126.8110172404,,183202.5225508330,434995.6164177030,체력단련장업,사립,,
(주)화인골프클럽,20030620,,13,영업중,,031-434-4567,,15081,경기도 시흥시 산기대학로 105 (정왕동),경기도 시흥시 정왕동 2166-1,429921,37.3479730957,126.7221379802,,175261.1670793690,427301.2383540670,체력단련장업,사립,,
서해그린스포렉스,20041213,,13,영업중,,031-431-7555,405.9,15040,"경기도 시흥시 옥구상가1길 37, 2층 (정왕동)",경기도 시흥시 정왕동 1852-1,15040,37.3518777067,126.7210250527,,175185.2610583970,427812.8962400810,체력단련장업,사립,,
프렌드짐 더프리미엄,20220525,,13,영업중,,,,15040,"경기도 시흥시 옥구상가2길 3, 뉴스타프라자 지하층 101~104호 (정왕동)",경기도 시흥시 정왕동 1861-6 뉴스타프라자,15040,37.3536757588,126.7244277101,,175513.9550762150,427990.9846224040,체력단련장업,사립,,
머슬비치짐 휘트니스,20220727,,13,영업중,,,427.44,14999,"경기도 시흥시 능곡번영길 26, 801,802,803호 (능곡동)",경기도 시흥시 능곡동 214,14999,37.3700984271,126.8071544659,,182849.1408496860,429811.2977179930,체력단련장업,사립,,
남스짐 은행점,20220727,,13,영업중,,,353.01,14917,"경기도 시흥시 대은로 80, 하이런빌딩 501호 (은행동)",경기도 시흥시 은행동 536-3 하이런빌딩,14917,37.4442501877,126.7974160629,,182000.9710716200,438031.0627651330,체력단련장업,사립,,
줄리엣짐,20191120,,13,영업중,,031-495-6497,179.89,15068,"경기도 시흥시 군자로 523, 거모탑클래스학원 4층 (거모동)",경기도 시흥시 거모동 1761-14 거모탑클래스학원,15068,37.3434876638,126.7855533918,,180929.0885710470,426849.6522085620,체력단련장업,사립,,
두두 스튜디오:PT,20200611,,13,영업중,,,49.51,15011,"경기도 시흥시 서울대학로278번길 19-13, 107동 a-250호 (배곧동, 시흥배곧 C1 호반 써밋플레이스)",경기도 시흥시 배곧동 191 시흥배곧 C1 호반 써밋플레이스,15011,37.3703857466,126.7269775004,,175778.5000484560,429887.8478261160,체력단련장업,사립,,
언바운드짐 헬스 PT 목감 2호점,20200701,,13,영업중,,,334.83,14986,"경기도 시흥시 목감둘레로 253-35, 701~704호 (조남동)",경기도 시흥시 조남동 710-1,14986,37.3809857171,126.8613738022,,187652.7947844830,430998.9281751870,체력단련장업,사립,,
오아시스24,20201014,,13,영업중,,031-498-9683,327.36,15020,"경기도 시흥시 함송로13번길 16-8, 고려빌딩 (정왕동)",경기도 시흥시 정왕동 1881-1 고려빌딩,15020,37.3643510855,126.7318162760,,176169.7876988360,429177.0444942800,체력단련장업,사립,,
로프짐,20201103,,13,영업중,,031-362-6161,408.48,14923,"경기도 시흥시 은계로 353, 에이스프라자 5층 (대야동)",경기도 시흥시 대야동 645,14907,37.4503080231,126.7945103518,,181748.6589126980,438705.2715276490,체력단련장업,사립,Y,
매화휘트니스,20050221,,13,영업중,,031-313-1552,143.96,14940,경기도 시흥시 매화2로 17-1 (매화동),경기도 시흥시 매화동 221-66 3층,14940,37.4165695704,126.8127724727,,183358.8770324240,434954.3956721030,체력단련장업,사립,,
바디트랜스짐 정왕점 헬스 PT,20050415,,13,영업중,,,300,15036,"경기도 시흥시 정왕대로 184, 4층 401,409~411호 (정왕동, 한성타운)",경기도 시흥시 정왕동 1726-4 한성타운,15036,37.3474673039,126.7344157414,,176399.9200609540,427300.9591842840,체력단련장업,사립,,
FIT D GYM(핏디짐),20050915,,13,영업중,,,492.69,14948,"경기도 시흥시 삼미시장2길 24, 3층 (신천동)",경기도 시흥시 신천동 742-2,14948,37.4406010068,126.7826302328,,180687.3794545360,437630.3110405440,체력단련장업,사립,,
목감골프존앤헬스,20060829,,13,영업중,,031-403-1741,340.61,14984,"경기도 시흥시 목감초등길 14-22, 가야상가 지하층 (조남동)",경기도 시흥시 조남동 171-18 가야상가,14984,37.3852378798,126.8592818605,,187468.4613782830,431470.6703422240,체력단련장업,사립,,
파워짐스포츠과학,20080522,,13,영업중,,,230,15020,"경기도 시흥시 함송로14번길 5-4, 쌍용프라자 3층 301호 (정왕동)",경기도 시흥시 정왕동 1883-1 쌍용프라자,15020,37.3634869613,126.7292277666,,175941.9249055260,429080.7247944570,체력단련장업,사립,,
크로스핏 배곧,20210826,,13,영업중,,,263.32,15010,"경기도 시흥시 서울대학로278번길 19-13, 1층 145~146호 (배곧동, 시흥배곧 C1 호반 써밋플레이스)",경기도 시흥시 배곧동 191 시흥배곧 C1 호반 써밋플레이스,15011,37.3709989287,126.7270163836,,175778.5000484560,429887.8478261160,체력단련장업,사립,,
MOVE&FIT,20210826,,13,영업중,,,263.32,14912,"경기도 시흥시 비둘기공원5길 16, 대야 프라자 3층 306호 (대야동)",경기도 시흥시 대야동 530-2 대야 프라자,14912,37.4428182006,126.7900701283,,181353.3450237220,437872.1180357210,체력단련장업,사립,,
에이스무브 PT&필라테스,20230719,,13,영업중,,,238.07,15002,"경기도 시흥시 진말로9번길 2, 부석프라자 401호 (장곡동)",경기도 시흥시 장곡동 820-3 부석프라자,15002,37.3784680740,126.7852668701,,180903.0895898950,430743.5609299670,체력단련장업,사립,,
헬스 PT 런앤짐 월곶점,20230804,,13,영업중,,,390.8,14963,"경기도 시흥시 월곶해안로 169, 2층 201호 (월곶동)",경기도 시흥시 월곶동 1014-6,14963,37.3883617795,126.7385299458,,176773.1150000000,431842.1150000000,체력단련장업,사립,,
지와이 피티,20230821,,13,영업중,,,169.34,14988,"경기도 시흥시 목감남서로 9-7, 더 드림 504호 (조남동)",경기도 시흥시 조남동 659 더 드림,14988,37.3775973944,126.8515872770,,186784.4576511830,430625.6923336270,체력단련장업,사립,,
단단해짐,20230830,,13,영업중,,,417.92,14912,"경기도 시흥시 비둘기공원6길 8, 이산프라자 6층 (대야동)",경기도 시흥시 대야동 534-3 이산프라자,14912,37.4432858715,126.7913996659,,181468.4584466940,437924.4088455170,체력단련장업,사립,,
로얄헬스다이어트타운,19980918,,35,직권말소,20180913,,,,"경기도 시흥시 옥구상가2길 4 (정왕동,로얄타운 5층)",경기도 시흥시 정왕동 1861-4 로얄타운 5층,429864,37.3539162976,126.7239961677,,175472.9157814360,428022.9289844830,체력단련장업,사립,,
JJ스포렛츠(헬스),19991223,,35,직권말소,20180919,,,,"경기도 시흥시 중심상가로 43 (정왕동,골드프라지 2층)",경기도 시흥시 정왕동 1859-17 골드프라지 2층,429864,37.3525867833,126.7233098088,,175418.5326759630,427874.1043268420,체력단련장업,사립,,
B&B 휘트니스,20110818,,35,직권말소,20180112,,807.44,,"경기도 시흥시 승지로60번길 20 (능곡동,영프라자 5, 6층)","경기도 시흥시 능곡동 748 영프라자 5, 6층",429240,37.3686934767,126.8119897207,,183276.9983334050,429642.2549591710,체력단련장업,사립,,
위너트레이닝센타(헬스),19980214,,35,직권말소,20180207,,,,경기도 시흥시 삼미시장2길 29 (신천동),경기도 시흥시 신천동 738-3,429830,37.4406230103,126.7832856727,,180752.5591944900,437631.9161641210,체력단련장업,사립,,
세종헬스크럽,19981223,,35,직권말소,20180308,,,,"경기도 시흥시 함송로 24 (정왕동,세종프라자 3층)",경기도 시흥시 정왕동 1882-4 세종프라자 3층,429866,37.3632151301,126.7303936899,,176034.1460091850,429060.8606738410,체력단련장업,사립,,
윈스포츠센타,19991202,,35,직권말소,20100512,,,,,경기도 시흥시 대야동 545 트윈프라자,429874,,,,,,체력단련장업,사립,,
대한헬스,19920129,,35,직권말소,20180321,,,,경기도 시흥시 동서로 1080 (목감동),경기도 시흥시 목감동 242-1,429820,37.3852520301,126.8602306072,,187550.5964181470,431472.3547530880,체력단련장업,사립,,
인다헬스클럽,19940914,,35,직권말소,20180831,,,,경기도 시흥시 매화1로 12 (매화동),경기도 시흥시 매화동 249-1,429817,37.4156376517,126.8137189354,,183437.8765860680,434854.5353041810,체력단련장업,사립,,
시화헬스클럽,19960918,,35,직권말소,20180913,,132,,경기도 시흥시 봉우재로 14 (정왕동),경기도 시흥시 정왕동 1593-4,429856,37.3444242497,126.7433769014,,177189.7850549550,426961.9686559030,체력단련장업,사립,,
태광헬스크럽,19971209,,35,직권말소,20181017,,,,경기도 시흥시 신천3길 46 (신천동),경기도 시흥시 신천동 758-16,429830,37.4388174705,126.7813359906,,180579.5706268320,437432.2909527170,체력단련장업,사립,,
레온휘트니스,20150727,,35,직권말소,20191202,,373.29,14966,경기도 시흥시 월곶중앙로 64 (월곶동),경기도 시흥시 월곶동 1009-1 풍산프라자,429834,37.3891728802,126.7385104453,,176774.6675847330,431931.3551057600,체력단련장업,사립,,
FIT 60+,20180608,,35,직권말소,20211123,,158.4,15010,"경기도 시흥시 배곧4로 22, 배곧타운2 3층 306, 307호 (배곧동)",경기도 시흥시 배곧동 122 배곧타운2,15010,37.3775785190,126.7269601551,,175732.4991347580,430659.5337635310,체력단련장업,사립,,
주식회사 본스포츠,20230417,,35,직권말소,20250110,,442.04,14922,"경기도 시흥시 수인로3247번길 19, 은계에듀타운 302~305호 (은행동)",경기도 시흥시 은행동 113-11,14922,37.4367274237,126.7980176712,,182052.3516763770,437184.1041871870,체력단련장업,사립,,
골든헬스센타,20010526,,35,직권말소,20180328,,,,경기도 시흥시 신천로104번길 24 (신천동),경기도 시흥시 신천동 779,429831,37.4386385617,126.7890131256,,181255.9253553540,437407.0181130710,체력단련장업,사립,,
제이투스포츠클럽,20010406,,35,직권말소,20180207,,,,"경기도 시흥시 삼미시장3길 20-1 (신천동,지층)",경기도 시흥시 신천동 739-12 지층,429830,37.4402249964,126.7830520796,,180730.7224370760,437589.5673781480,체력단련장업,사립,,
연성헬스타운,20011010,,35,직권말소,20181001,,,,,경기도 시흥시 하중동 30브럭 1롯트,429250,,,,,,체력단련장업,사립,,
선라이즈여성전용헬스,20011216,,35,직권말소,20181001,,,,,경기도 시흥시 하중동 19브럭 1롯트 301호,429250,,,,,,체력단련장업,사립,,
월드스포츠클럽,20021112,,35,직권말소,20200121,40488012,,,경기도 시흥시 연성로 95 (하상동),경기도 시흥시 하상동 377-2,429270,37.3909698602,126.8141585219,,183464.1215010320,432114.1251435800,체력단련장업,사립,,
(주)나이스(헬스),20021015,,35,직권말소,20200206,,,,경기도 시흥시 정왕대로 64 (정왕동),경기도 시흥시 정왕동 1861-2,429864,37.3542557561,126.7235297297,,175417.6567193790,428065.9363357030,체력단련장업,사립,,
열린헬스,20030102,,35,직권말소,20191115,,,,경기도 시흥시 군자로 514 (거모동),경기도 시흥시 거모동 1742-4,429873,37.3443304026,126.7848002767,,180862.5927038580,426954.7459599980,체력단련장업,사립,,
함현헬스,20030404,,35,직권말소,20180308,,,,"경기도 시흥시 함송로29번길 9 (정왕동,월드프라자 401호)",경기도 시흥시 정왕동 1881-4 월드프라자 401호,429865,37.3640335010,126.7314920232,,176143.7947258800,429143.6661797590,체력단련장업,사립,,
정영준 스포츠 클럽,20040311,,35,직권말소,20180308,031-319-8717,,,"경기도 시흥시 함송로14번길 5-4 (정왕동,301호 일부)",경기도 시흥시 정왕동 1883-1 301호 일부,429866,37.3634869613,126.7292277666,,175941.9249055260,429080.7247944570,체력단련장업,사립,,
서철훈헬스크럽,20070329,,35,직권말소,20180228,,275,,"경기도 시흥시 비둘기공원5길 12 (대야동,3층)",경기도 시흥시 대야동 531-2 3층,429874,37.4432524568,126.7903373383,,181376.7811019150,437920.7832710080,체력단련장업,사립,,
용인대아주태권도장,20070723,,35,직권말소,20180226,,94,15071,경기도 시흥시 군자로492번길 7 (거모동),경기도 시흥시 거모동 1734-2번지,429873,37.3459008132,126.7836450822,,180771.0584880010,427071.0070000390,체력단련장업,사립,,
로얄스포츠영상랜드,20120307,,35,직권말소,20191202,,245.75,,"경기도 시흥시 중심상가로 151, 301호 (정왕동)",경기도 시흥시 정왕동 1728-6 301호,429862,37.3466554117,126.7329223926,,176263.7828380790,427215.7645558150,체력단련장업,사립,,
피지컬 피트니스,20140912,,35,직권말소,20211123,,288.6,14912,경기도 시흥시 비둘기공원5길 16 (대야동),경기도 시흥시 대야동 530-2,429874,37.4428182006,126.7900701283,,181353.3450237220,437872.1180357210,체력단련장업,사립,,
이루어짐 목감1호점,20161117,,35,직권말소,20210518,,698.49,14985,경기도 시흥시 목감우회로 51 (목감동),경기도 시흥시 목감동 408번지,14985,37.3822598219,126.8619616634,,187687.0298453830,431135.2698730780,체력단련장업,사립,,
더 바디 핏(The Body Fit),20170202,,35,직권말소,20200206,,,14917,"경기도 시흥시 은행로155번길 17, 204~205호 (은행동, 은행프라자)",경기도 시흥시 은행동 537-1번지 은행프라자 204~205호,14917,37.4440621226,126.7976213085,,182028.9228475590,438014.8298611920,체력단련장업,사립,,
유니온 휘트니스,20040202,,35,직권말소,20180328,031-312-5593,,,"경기도 시흥시 비둘기공원7길 33 (대야동,,2,3,4 호 시흥디아망상가 6층)","경기도 시흥시 대야동 543-1 ,2,3,4 호 시흥디아망상가 6층",429010,37.4430055784,126.7927588701,,181596.5776774840,437913.2683075030,체력단련장업,사립,,
형제헬스크럽,19950804,,35,직권말소,20180308,,,,경기도 시흥시 대골안길 64 (대야동),경기도 시흥시 대야동 486-3,429811,37.4443513007,126.7872068143,,181093.4763213950,438046.3849020780,체력단련장업,사립,,
PT AN STUDIO,20190725,,03,폐업,20230316,,172.62,14985,"경기도 시흥시 솔고개길 4-3, M Terrace 7층 702~703호 (목감동)",경기도 시흥시 목감동 407 M Terrace,14985,37.3826180368,126.8615293938,,187662.8832482690,431192.7041707370,체력단련장업,사립,,
국가대표 송기석휘트니스,20200319,,03,폐업,20221129,,304.29,14912,"경기도 시흥시 비둘기공원1길 23, 유영빌딩 4층 (대야동)",경기도 시흥시 대야동 541-16 유영빌딩,14912,37.4415533975,126.7910881747,,181441.1304890320,437732.2010145370,체력단련장업,사립,,
배곧 라이프짐,20210420,,03,폐업,20230509,,261.35,15010,"경기도 시흥시 서울대학로278번길 19-13, 108동 1층 116~118호 (배곧동, 시흥배곧 C1 호반 써밋플레이스)",경기도 시흥시 배곧동 191 시흥배곧 C1 호반 써밋플레이스,15011,37.3711662538,126.7277939416,,175778.5000484560,429887.8478261160,체력단련장업,사립,,
위하이어 피트니스,20230116,,03,폐업,20250124,,417.92,14912,"경기도 시흥시 비둘기공원6길 8, 이산프라자 6층 (대야동)",경기도 시흥시 대야동 534-3 이산프라자,14912,37.4432858715,126.7913996659,,181468.4584466940,437924.4088455170,체력단련장업,사립,,
이지휘트니스센터,20020614,,03,폐업,20050721,031-311-8466,,,"경기도 시흥시 은행로155번길 6,  402호 (은행동)",경기도 시흥시 은행동 531-4 402호,429837,37.4447719891,126.7987677766,,182122.1020817720,438087.4558283330,체력단련장업,사립,0,
정왕헬스,20030121,,03,폐업,20210316,,,15052,"경기도 시흥시 정왕시장길 52, 정왕시장 (정왕동)",경기도 시흥시 정왕동 1202 정왕시장,15052,37.3455685452,126.7489652672,,177684.9537522750,427088.4076865390,체력단련장업,사립,,
코리아헬스,20030320,,03,폐업,20240131,,291,14948,"경기도 시흥시 삼미시장2길 29, 구세군교회 3층 1호 (신천동)",경기도 시흥시 신천동 738-3 구세군교회,14948,37.4406230103,126.7832856727,,180752.5591944900,437631.9161641210,체력단련장업,사립,,
21세기스포츠센타(2),20030407,,03,폐업,20050607,,,,"경기도 시흥시 평안상가3길 16  (정왕동,인영코아 3층)",경기도 시흥시 정왕동 1627-5 인영코아 3층,429858,37.3366570635,126.7494491124,,177724.3509073380,426103.4336308210,체력단련장업,사립,0,
"아이원헬스,골프클럽",20030620,,03,폐업,20150723,,,,경기도 시흥시 월곶중앙로 64  (월곶동),경기도 시흥시 월곶동 1009-1,429834,37.3891728802,126.7385104453,,176774.6675847330,431931.3551057600,체력단련장업,사립,0,
죠이휘트니스,20030808,,03,폐업,20070214,,,,"경기도 시흥시 신현로38번길 22  (포동,3층)",경기도 시흥시 포동 13-9 3층,429871,37.4075046773,126.7843809470,,180841.3700446090,433955.5318505360,체력단련장업,사립,0,
두성휘트니스센타,20031226,,03,폐업,20090728,,,,"경기도 시흥시 신천로 95  (신천동,두성빌딩 5층)",경기도 시흥시 신천동 766-3 두성빌딩 5층,429831,37.4389808910,126.7859917014,,180993.0042877260,437451.6015898080,체력단련장업,사립,,
헤라휘트니스,20040319,,03,폐업,20121010,031-491-6547,,,"경기도 시흥시 군자로 507  (거모동,군자프라자 401호, 402호)","경기도 시흥시 거모동 1757-1 군자프라자 401호, 402호",429873,37.3447661065,126.7853041907,,180908.2285853480,426991.2194272690,체력단련장업,사립,,
오성헬스클럽,20040723,,03,폐업,20091013,031-434-6502,,,,경기도 시흥시 정왕동 10블럭 1-6롯트 오성빌딩 301호(2304-9),429450,,,,,,체력단련장업,사립,,
21세기스포츠센타,20050608,,03,폐업,20150803,,344.42,,"경기도 시흥시 평안상가3길 16 (정왕동,3층)",경기도 시흥시 정왕동 1627-5 3층,429858,37.3366570635,126.7494491124,,177724.3509073380,426103.4336308210,체력단련장업,사립,,
스카이 휘트니스 클럽,20050726,,03,폐업,20200204,031-311-8466,327.02,,"경기도 시흥시 은행로167번길 3  (대야동,대원빌딩 5층)",경기도 시흥시 대야동 578-3 대원빌딩 5층,429874,37.4454446818,126.7982075509,,182071.7225068410,438163.2761234350,체력단련장업,사립,0,
월곶J&B스포츠클럽,20050912,,03,폐업,20100909,,,,"경기도 시흥시 월곶중앙로 61  (월곶동,영진빌딩 3층)",경기도 시흥시 월곶동 1014-2 영진빌딩 3층,429834,37.3886669861,126.7383348187,,176757.4907620970,431873.4468047470,체력단련장업,사립,,
태왕스페이스스포츠클럽,20060314,,03,폐업,20231220,,372.24,14921,"경기도 시흥시 시흥대로1074번길 5, 스페이스타워 7층 701호 (은행동)",경기도 시흥시 은행동 288-1 스페이스타워,14921,37.4320543214,126.7936643149,,181674.3825881850,436674.0542252840,체력단련장업,사립,,
함현휘트니스,20071107,,03,폐업,20071220,,210,,"경기도 시흥시 군서로18번길 25  (정왕동,2층)",경기도 시흥시 정왕동 1180-11 2층,429847,37.3463307337,126.7511818317,,177882.7520921230,427172.3598527310,체력단련장업,사립,0,
매직짐,20110422,,03,폐업,20150407,031-505-9800,371.44,,"경기도 시흥시 진말로 7 (장곡동,501~506호)",경기도 시흥시 장곡동 819-2 501~506호,429842,37.3780534691,126.7852708047,,180899.5650055420,430686.2149502380,체력단련장업,사립,,
시화휘트니스,20110509,,03,폐업,20150115,031-431-8800,230.59,,"경기도 시흥시 봉우재로23번길 1  (정왕동,지하)",경기도 시흥시 정왕동 1618 지하,429857,37.3451001612,126.7433588293,,177187.4465397430,427038.7368908170,체력단련장업,사립,,
영바디짐,20151023,,03,폐업,20170623,,,14917,"경기도 시흥시 대은로 94, 4층 (은행동, 우진빌딩)",경기도 시흥시 은행동 531-1 우진빌딩 4층,14917,37.4450518639,126.7988442993,,182129.1754351400,438121.6437581100,체력단련장업,사립,,
커브스 은행클럽,20160331,,03,폐업,20180312,031-404-1030,103.82,14917,"경기도 시흥시 대은로 82, 3층 301호 (은행동, 아슈레빌딩)",경기도 시흥시 은행동 536-1번지 아슈레빌딩 3층 301호,14917,37.4444043506,126.7975728897,,182017.8491094760,438048.8140867600,체력단련장업,사립,,
JNGYM(제이앤짐),20160509,,03,폐업,20230126,031-314-9696,435.77,14912,"경기도 시흥시 비둘기공원6길 8, 이산프라자 6층 601~603호 (대야동)",경기도 시흥시 대야동 534-3 이산프라자,14912,37.4432858715,126.7913996659,,181468.4584466940,437924.4088455170,체력단련장업,사립,,
스타트업 GYM,20170210,,03,폐업,20230310,,264.9,15010,"경기도 시흥시 배곧3로 86, 센터프라자2 6층 605~607호 (배곧동)",경기도 시흥시 배곧동 194-2 센터프라자2,15011,37.3702222869,126.7295541408,,175971.2337473930,429834.3118012040,체력단련장업,사립,,
K바디GYM,20170825,,03,폐업,20200902,031-499-2557,292.56,15040,"경기도 시흥시 중심상가로 38, 5층 (정왕동, 해진빌딩)",경기도 시흥시 정왕동 1855-4번지 해진빌딩 5층,15040,37.3526707572,126.7223717853,,175332.0096501010,427883.5853757570,체력단련장업,사립,,
아임짐,20170830,,03,폐업,20190909,,138.6,15010,"경기도 시흥시 배곧4로 32-13, 4층 407호 (정왕동)",경기도 시흥시 배곧동 126번지 4층 407호,15010,37.3769561030,126.7268874805,,175737.7395057910,430574.6496204040,체력단련장업,사립,,
브이스타짐,20170927,,03,폐업,20230711,031-475-5757,450.52,14988,"경기도 시흥시 목감남서로 9-7, 더 드림 7층 701~706호 (조남동)",경기도 시흥시 조남동 659 더 드림,14988,37.3775973944,126.8515872770,,186784.4576511830,430625.6923336270,체력단련장업,사립,,
우리동네 GYM,20180822,,03,폐업,20221129,031-311-8588,226.3,14915,"경기도 시흥시 대은로103번길 7, 신화프라자 204,303호 (대야동)",경기도 시흥시 대야동 581-2 신화프라자,14915,37.4461863037,126.7986302192,,182104.5027196370,438252.5709096720,체력단련장업,사립,,
핏 테라피 퍼스널트레이닝,20190129,,03,폐업,20240125,,245.27,14995,"경기도 시흥시 승지로60번길 17, 현대프라자 6층 601~602호 (능곡동)",경기도 시흥시 능곡동 758 현대프라자,14995,37.3687417605,126.8125426628,,183330.1996627670,429662.4262836440,체력단련장업,사립,,
1%,20190523,,03,폐업,20250313,,129.1,15010,"경기도 시흥시 서울대학로278번길 19-14, 배곧프라자 4층 402호 (배곧동)",경기도 시흥시 배곧동 193-1 배곧프라자,15011,37.3701623935,126.7286625518,,175894.0792336290,429822.5526877700,체력단련장업,사립,,
아임짐,20200113,,03,폐업,20230731,031-433-0217,183.33,15010,"경기도 시흥시 배곧4로 32-13, 4층 407호 (배곧동)",경기도 시흥시 배곧동 126,15010,37.3769561030,126.7268874805,,175737.7395057910,430574.6496204040,체력단련장업,사립,,
동네헬스장,20200220,,03,폐업,20220803,,292.6,14977,"경기도 시흥시 연성로 86, 송옥빌딩 4층 (하상동)",경기도 시흥시 하상동 380-3 송옥빌딩,14977,37.3906293556,126.8129528648,,183365.3333514120,432075.3133804760,체력단련장업,사립,,
메이크 더 무브,20200514,,03,폐업,20240409,,254.26,15011,"경기도 시흥시 서울대학로264번길 25, 시흥배곧 아브뉴프랑 센트럴 블루 322~324호 (배곧동)",경기도 시흥시 배곧동 219 시흥배곧 아브뉴프랑 센트럴 블루,15011,37.3683599517,126.7273257955,,175777.7283511000,429625.4711535810,체력단련장업,사립,,
BAO FIT PT STUDIO,20211109,,03,폐업,20240610,,121.17,15002,"경기도 시흥시 진말로9번길 2, 부석프라자 3층 306호 (장곡동)",경기도 시흥시 장곡동 820-3 부석프라자,15002,37.3784680740,126.7852668701,,180903.0895898950,430743.5609299670,체력단련장업,사립,,
스튜디오 디,20220506,,03,폐업,20250122,,193.23,14909,"경기도 시흥시 호현로 42-6, 지하1층 (대야동)",경기도 시흥시 대야동 495-1,14909,37.4440606324,126.7853442752,,180931.9205602900,438013.9848955240,체력단련장업,사립,,
ATNER(아트너),20220819,,03,폐업,20241202,,173,15011,"경기도 시흥시 서울대학로278번길 19-8, 새롬프라자 2층 202호 (배곧동)",경기도 시흥시 배곧동 193-2 새롬프라자,15011,37.3698358612,126.7283496731,,175866.6491494710,429786.1300355010,체력단련장업,사립,,
마돈나 휘트니스 클럽,19930205,,03,폐업,20050430,,,,"경기도 시흥시 뱀내장터로 5  (대야동,지층)",경기도 시흥시 대야동 498-23 지층,429812,37.4425294390,126.7855284078,,180951.5599343260,437844.6557935740,체력단련장업,사립,0,
국원헬스,19961216,,03,폐업,20050825,,,,경기도 시흥시 복지로91번길 7  (대야동),경기도 시흥시 대야동 453-2,429809,37.4474904939,126.7906138557,,181400.0356940410,438392.5772165410,체력단련장업,사립,0,
파워헬스클럽,19970911,,03,폐업,20021017,,,,,경기도 시흥시 신천동 75-23,429882,,,,,,체력단련장업,사립,0,
원헬스클럽,19980928,,03,폐업,20120326,,,,,경기도 시흥시 거모동 1572,429881,,,,,,체력단련장업,사립,0,
금강헬스클럽,19991011,,03,폐업,20060807,,,,"경기도 시흥시 장곡로 74,  501호 (장곡동,금강빌딩)",경기도 시흥시 장곡동 802-1 금강빌딩 501호,429842,37.3797651344,126.7806574278,,180484.8664454330,430878.0508449620,체력단련장업,사립,0,
한창헬스클럽,19990824,,03,폐업,20031011,,,,"경기도 시흥시 은행로 180  (대야동,은계빌딩 4층)",경기도 시흥시 대야동 582-7 은계빌딩 4층,429874,37.4466315869,126.7977216444,,182029.2904066710,438293.9139663030,체력단련장업,사립,0,
에이스스포츠센타,20000705,,03,폐업,20080307,,,,"경기도 시흥시 장곡로 17  (장곡동,,7 호 403,404,501,502,503호)","경기도 시흥시 장곡동 823-6 ,7 호 403,404,501,502,503호",429430,37.3790542572,126.7868087306,,181038.8151051950,430797.1339775850,체력단련장업,사립,0,
21C헬스,20011010,,03,폐업,20181204,,,,,"경기도 시흥시 장현동 16브럭 4,5롯트",429420,,,,,,체력단련장업,사립,0,
21C스포츠센타,20010508,,03,폐업,20050530,,,,"경기도 시흥시 서촌상가4길 10  (정왕동,3층)",경기도 시흥시 정왕동 1731-21 3층,429862,37.3454344700,126.7322912842,,176212.9057398370,427077.1549404400,체력단련장업,사립,0,
파워짐스포츠과학,20010627,,03,폐업,20080522,,,,"경기도 시흥시 함송로14번길 5-4  (정왕동,쌍용프라자 3층)",경기도 시흥시 정왕동 1883-1 쌍용프라자 3층,429866,37.3634869613,126.7292277666,,175941.9249055260,429080.7247944570,체력단련장업,사립,0,
21C골든헬스클럽,20011010,,03,폐업,20030320,,,,,"경기도 시흥시 장현동 16브럭 4,5롯트",429420,,,,,,체력단련장업,사립,0,
목감슈퍼짐헬스클럽,20011004,,03,폐업,20030811,,,,,경기도 시흥시 목감동 산 26-2,429320,37.3947590685,126.8739125523,,188765.0154580500,432526.1198370740,체력단련장업,사립,0,
타미나스포츠센타,20020419,,03,폐업,20080611,,,,경기도 시흥시 장곡로 23  (장곡동),경기도 시흥시 장곡동 823-2,429842,37.3790954387,126.7861645217,,180974.6326325340,430802.0785454950,체력단련장업,사립,0,
스트롱거 짐,20230315,,03,폐업,20260130,031-314-9690,318.49,15002,"경기도 시흥시 황고개로 531, 401~403호 (장곡동)",경기도 시흥시 장곡동 895-5,15002,37.3781636221,126.7885904684,,181169.7401022570,430726.1621955210,체력단련장업,사립,,
달무브 피티,20250220,,03,폐업,20260112,,59.28,14996,"경기도 시흥시 진말1로 18, 에스엠타워 502호 (장곡동)",경기도 시흥시 장곡동 934-4 에스엠타워,14996,37.3778277752,126.7897005390,,181268.8752210920,430651.7765517470,체력단련장업,사립,,
씨앤씨휘트니스센타,20030120,,03,폐업,,,,,경기도 시흥시 정왕대로 230  (정왕동),경기도 시흥시 정왕동 1734-7,429861,37.3449788088,126.7384940896,,176756.5870469820,427023.6990545530,체력단련장업,사립,,
영헬스클럽,20030317,,03,폐업,20131129,,,,경기도 시흥시 호현로10번길 17  (신천동),경기도 시흥시 신천동 708-13,429828,37.4411296133,126.7850782381,,180911.3940126480,437690.2893867440,체력단련장업,사립,0,
24시헬스크럽,20030407,,03,폐업,20061023,,,,"경기도 시흥시 은행로 164  (대야동,7층)",경기도 시흥시 대야동 580-3 7층,429874,37.4456659599,126.7990420597,,182148.8851376200,438187.1366504320,체력단련장업,사립,0,
한창헬스센타,20031011,,03,폐업,20220531,031-318-2244,322.6,14917,"경기도 시흥시 대은로 80, 하이런빌딩 5층 501호 (은행동)",경기도 시흥시 은행동 536-3 하이런빌딩,14917,37.4442501877,126.7974160629,,182000.9710716200,438031.0627651330,체력단련장업,사립,,
테크노헬스,20040412,,03,폐업,20090908,031-405-0449,,,,경기도 시흥시 논곡동 160-7 상가건물 3층,429804,37.3878848235,126.8603776820,,187564.3635334600,431760.8027194520,체력단련장업,사립,,
시화휘트니스,20070921,,03,폐업,20110616,,198.37,,"경기도 시흥시 봉우재로 14  (정왕동,2층)",경기도 시흥시 정왕동 1593-4 2층,429856,37.3444242497,126.7433769014,,177189.7850549550,426961.9686559030,체력단련장업,사립,,
레벨업휘트니스,20150727,,03,폐업,20170329,031-488-9796,,15036,"경기도 시흥시 정왕대로 174, 207호 (정왕동, 광개토빌딩1)",경기도 시흥시 정왕동 -207 광개토빌딩1,429862,37.3481553901,126.7334942325,,176313.2851564840,427368.5408059430,체력단련장업,사립,,
VIP스포츠센터,19980827,,03,폐업,20110304,,,,"경기도 시흥시 은행로 154  (은행동,반도빌딩 7층)",경기도 시흥시 은행동 529-6 반도빌딩 7층,429837,37.4447408301,126.7995933280,,182195.5383531510,438084.7016113690,체력단련장업,사립,,
영바디짐,20170626,,03,폐업,20241204,031-317-9259,464.31,14917,"경기도 시흥시 대은로 94, 우진빌딩 6,7층 (은행동)",경기도 시흥시 은행동 531-1 우진빌딩,14917,37.4450518639,126.7988442993,,182129.1754351400,438121.6437581100,체력단련장업,사립,,
신천헬스클럽,20010322,,03,폐업,20201228,,,,"경기도 시흥시 시흥대로1073번길 33 (신천동,2층(구번지 119-1번지))",경기도 시흥시 신천동 874-1 2층(구번지 119-1번지),429824,37.4320488519,126.7888833092,,181255.1645198710,436676.8047360310,체력단련장업,사립,,
G&G,20220119,,03,폐업,20251215,031-315-0203,466,14923,"경기도 시흥시 은계중앙로 250, 5층 504호 (은행동)",경기도 시흥시 은행동 608-3,14923,37.4461820620,126.8040115137,,182586.5736219810,438222.3590486310,체력단련장업,사립,,
레몬헬스,20020424,,03,폐업,20061211,,,,경기도 시흥시 연성로29번길 19  (하중동),경기도 시흥시 하중동 865-2,429252,37.3922919443,126.8059335115,,182744.3409833880,432269.1568685950,체력단련장업,사립,0,
