bizplc_nm,licensg_ymd,licensg_rtrcn_ymd,bsn_state_div,bsn_state_nm,clsbiz_ymd,locplc_faclt_telno_dtls,roadnm_zipno,refine_road_nm_addr,refine_lotno_addr,refine_zipno,refine_wgs84_lat,refine_wgs84_logt,bizcond_div_nm_info,xcrd_vl,ycrd_vl,cultur_phstrn_indutype_nm,plvtinst_div_nm,insrnc_join_yn,buldng_tot_ar,mber_recrut_tot_psncnt,detls_indutype_nm
목감 휘트니스,20060829,,32,신고취소,,,,"경기도 시흥시 목감초등길 14-22  (조남동,지하1)",경기도 시흥시 조남동 171-18 지하1,429869,37.3852378798,126.8592818605,,187468.461378283,431470.670342224,골프연습장업,사립,0,,,
이루다골프,20220422,,13,영업중,,031-365-4136,14922,"경기도 시흥시 은계번영길 1, 태산W타워 6층 601~602호 (은행동)",경기도 시흥시 은행동 646 태산W타워,14922,37.4365775346,126.8016249551,,182373.275854102,437178.738265029,골프연습장업,사립,,,,
태영스크린 골프존,20100305,,13,영업중,,031-318-3366,14995,"경기도 시흥시 승지로 58, 태영프라자 3층 301~304호 (능곡동)",경기도 시흥시 능곡동 741 태영프라자,14995,37.3690282853,126.810665315,,183158.752737336,429679.870178966,골프연습장업,사립,,6086.0,,
골프존파크 정왕 시화점,20100511,,13,영업중,,031-433-6049,15040,경기도 시흥시 중심상가로 52 (정왕동),경기도 시흥시 정왕동 1855-16 4층,429864,37.351859171,126.7236899065,,175448.341656662,427792.857000756,골프연습장업,사립,,2645.0,,
US골프연습장,20100630,,13,영업중,,031-499-1119,15036,경기도 시흥시 서촌상가2길 38 (정왕동),경기도 시흥시 정왕동 1733-2 청송코아 206~211호,429862,37.3453574542,126.73153564,,176140.983071078,427069.452054038,골프연습장업,사립,,,,
버디버디스크린골프아카테미,20100826,,13,영업중,,,15062,경기도 시흥시 중심상가로 317 (정왕동),경기도 시흥시 정왕동 1624-8 401호,429858,37.3375831016,126.7476562636,,177567.91003372,426203.674175809,골프연습장업,사립,,,,
오토반 골프 실내연습장,20101110,,13,영업중,,031-314-8181,14905,경기도 시흥시 복지로 87 (대야동),경기도 시흥시 대야동 454-6 은수빌딩 4층,429809,37.4469246388,126.7909470515,,181431.859770655,438331.999836621,골프연습장업,사립,,,,
정왕그린스크린골프장,20101222,,13,영업중,,031-432-0543,15062,경기도 시흥시 옥구공원로 361 (정왕동),경기도 시흥시 정왕동 1784-6 103호,429861,37.3352047815,126.7478606008,,177585.706969372,425944.159242914,골프연습장업,사립,,,,
월곶위너스,20220524,,13,영업중,,031-404-0753,14968,"경기도 시흥시 월곶중앙로14번길 68, 3층 303~306-1호 (월곶동, 나보나시티)",경기도 시흥시 월곶동 991-28 나보나시티,14968,37.3921319647,126.7417227491,,177058.514988114,432258.455022987,골프연습장업,사립,,,,
아우라 골프 스튜디오,20220628,,13,영업중,,031-434-0721,15040,"경기도 시흥시 옥구상가4길 24-1, 하나빌딩 2층 (정왕동)",경기도 시흥시 정왕동 1853-7 하나빌딩,15040,37.3524634067,126.7209964184,,175207.979203737,427860.147745374,골프연습장업,사립,,,,
시화골프연습장,19980611,,13,영업중,,031-433-2000,15066,경기도 시흥시 마유로 308 (정왕동),경기도 시흥시 정왕동 1745-1,429861,37.3439030383,126.7338197032,,176353.135985419,426903.536296332,골프연습장업,사립,,,,
대일골프랜드,20000605,,13,영업중,,031-492-4456,15068,경기도 시흥시 황고개로206번길 33 (거모동),경기도 시흥시 거모동 거모동 1714-1번지,429801,37.3489650968,126.7850724491,,180873.824171653,427478.392240344,골프연습장업,사립,,1613.0,,
킹&퀸 골프파크,20020207,,13,영업중,,,15062,"경기도 시흥시 중심상가로 312, 이림프라자 지하층 B01~B04호 (정왕동)",경기도 시흥시 정왕동 1782-1 이림프라자,15062,37.3375063282,126.7469232568,,177501.708572764,426194.159476746,골프연습장업,사립,,,,
메이저골프아카데미,20030103,,13,영업중,,031-313-3183,14912,"경기도 시흥시 비둘기공원5길 24, 호경프라자 10층 1001호 (대야동)",경기도 시흥시 대야동 529-3 호경프라자,14912,37.4421126689,126.7896585264,,181315.63470891,437793.807149925,골프연습장업,사립,,5356.0,,
골프존스크린파크,20110125,,13,영업중,,031-316-8787,14902,경기도 시흥시 서해안로 1575 (대야동),경기도 시흥시 대야동 산 170-60,429010,37.4465935528,126.7838731146,,180804.519467937,438290.922360204,골프연습장업,사립,,,,
골프존에이스,20120423,,13,영업중,,031-314-7470,14910,경기도 시흥시 복지로 15 (신천동),경기도 시흥시 신천동 709-32 B120호,429828,37.4414133175,126.7872799027,,181072.038040894,437733.801613505,골프연습장업,사립,,91858.0,,
서해,20121105,,13,영업중,,02-514-9015,15040,경기도 시흥시 옥구상가1길 37 (정왕동),경기도 시흥시 정왕동 1852-1,429864,37.3518777067,126.7210250527,,175185.261058397,427812.896240081,골프연습장업,사립,,,,
K스크린골프,20140526,,13,영업중,,,15002,"경기도 시흥시 장곡로 17, 에이스프라자 지하층 1,2,3호 (장곡동)",경기도 시흥시 장곡동 823-7 에이스프라자,15002,37.3790542572,126.7868087306,,181056.54975171,430796.136491845,골프연습장업,사립,,,,
(주)아세코,20150624,,13,영업중,,031-319-5566,15003,"경기도 시흥시 마전로 307, 시흥아세코밸리골프장 (거모동)",경기도 시흥시 거모동 121-1 시흥아세코밸리골프장,15003,37.3678102711,126.7713755012,,,,골프연습장업,사립,,,,
대일골프랜드,20151230,,13,영업중,,,15068,"경기도 시흥시 황고개로206번길 33, 1층 (거모동)",경기도 시흥시 거모동 1714-1 1층,15068,37.3489650968,126.7850724491,,180828.552434609,427488.505994013,골프연습장업,사립,,2042.0,,
클라우드 골프클럽,20170126,,13,영업중,,,14950,"경기도 시흥시 수인로3325번길 10, 지하층 101~103호 (신천동, 우명프라자)",경기도 시흥시 신천동 774 우명프라자,14950,37.4382099813,126.788191992,,181187.399332234,437363.989567101,골프연습장업,공립,Y,,,
싱글 골프존,20170627,,13,영업중,,031-312-0753,14932,"경기도 시흥시 금오로238번길 5, 2층 (무지내동)",경기도 시흥시 무지내동 21-8,14932,37.4247124572,126.8370763423,,185509.088868656,435853.005739948,골프연습장업,사립,,698.0,,
Kclub골프아카데미,20171027,,13,영업중,,031-431-5677,15010,"경기도 시흥시 배곧4로 22, 5층 507,508,509호 (배곧동)",경기도 시흥시 배곧동 122 배곧타운2,15010,37.377578519,126.7269601551,,175732.499134758,430659.533763531,골프연습장업,공립,,14719.0,,
핀포인트 스크린골프 연습장,20180502,,13,영업중,,031-413-0753,14985,"경기도 시흥시 배미골길 24 (주)아이지디 2층 206,207,208호 (목감동)",경기도 시흥시 목감동 414-2 (주)아이지디,14985,37.3844407276,126.8635585,,187843.54733723,431383.527319576,골프연습장업,사립,Y,,,
브라보 퍼블릭 스크린골프,20180809,,13,영업중,,,15011,"경기도 시흥시 서울대학로264번길 26-32, 배곧중앙프라자 7층 716~721호 (정왕동)",경기도 시흥시 정왕동 1771-24 배곧중앙프라자,15011,37.3666139281,126.7277276688,,175810.848650867,429428.537944057,골프연습장업,사립,,34644.0,,
에이엠지 골프연습장,20220405,,13,영업중,,,14996,"경기도 시흥시 진말1로 18, 7층 702~710호 (장곡동)",경기도 시흥시 장곡동 260-21,14996,37.3778277752,126.789700539,,181268.875221092,430651.776551747,골프연습장업,사립,,,,
TRUE GOLF,20220412,,13,영업중,,,15011,"경기도 시흥시 서울대학로278번길 61, 서영베니스스퀘어 4층 418호 (배곧동)",경기도 시흥시 배곧동 204 서영베니스스퀘어,15011,37.3681926149,126.7306929431,,176072.60072494,429602.843996773,골프연습장업,사립,,,,
비발디 골프연습장,20220513,,13,영업중,,,14976,"경기도 시흥시 하중로 175, 태양빌딩 6층 601호 (하중동)",경기도 시흥시 하중동 851-2 태양빌딩,14976,37.3955840958,126.8032369317,,182506.284100329,432627.937729428,골프연습장업,사립,,,,
(주)화인골프클럽,20030616,,13,영업중,,,15081,경기도 시흥시 산기대학로 105 (정왕동),경기도 시흥시 정왕동 2166-1,429921,37.3479730957,126.7221379802,,175261.167079369,427301.238354067,골프연습장업,사립,,,,
대가골프연습장,20110927,,13,영업중,,,14987,경기도 시흥시 조남길 149-25 (조남동),경기도 시흥시 조남동 514-1 2층,429870,37.3692748226,126.8609874583,,187610.83691764,429693.957032217,골프연습장업,사립,,298.0,,
솔트베이골프클럽 골프연습장,20140225,,13,영업중,,031-400-0022,14970,경기도 시흥시 마유로 987 (장곡동),경기도 시흥시 장곡동 724-2,429842,37.3910929635,126.7773182936,,180144.893028429,432039.41927254,골프연습장업,사립,Y,,,
서해그린골프연습장,20020426,,13,영업중,,031-431-7555,15040,경기도 시흥시 옥구상가1길 37 (정왕동),경기도 시흥시 정왕동 1852-1,429864,37.3518777067,126.7210250527,,175185.261058397,427812.896240081,골프연습장업,사립,,2813.0,,
대양스크린골프,20071022,,13,영업중,,031-435-5518,14916,"경기도 시흥시 은행로 86, 601호 (은행동)",경기도 시흥시 은행동 547-4 경동프라자 601호,429839,37.4392911141,126.7971459146,,181977.351795671,437476.202959602,골프연습장업,사립,,14042.0,,
시흥 파라다이스 인도어스크린,20090907,,13,영업중,,,15081,"경기도 시흥시 산기대학로 105, 화인골프 4,5층 (정왕동)",경기도 시흥시 정왕동 2166-1 화인골프,15081,37.3479730957,126.7221379802,,175261.167079369,427301.238354067,골프연습장업,사립,,,,
메이저 골프아카데미,20171228,,13,영업중,,031-434-8200,15010,"경기도 시흥시 배곧4로 32-29, 파크뷰 3층 301,302,303,304,305호 (배곧동)",경기도 시흥시 배곧동 132 파크뷰,15010,37.3778825929,126.7252176279,,175593.647090052,430683.038860811,골프연습장업,사립,Y,6864.0,,
(주)아세코,20181205,,13,영업중,,031-488-8000,15003,"경기도 시흥시 마전로 307, 시흥아세코밸리골프장 2층 (거모동)",경기도 시흥시 거모동 121-1 시흥아세코밸리골프장,15003,37.3678102711,126.7713755012,,,,골프연습장업,사립,,,,
대양골프연습장,20031205,,13,영업중,,031-404-5536,14916,"경기도 시흥시 은행로 86, 602호 (은행동)",경기도 시흥시 은행동 547-4 6층 602호,429839,37.4392911141,126.7971459146,,181977.351795671,437476.202959602,골프연습장업,사립,,,,
스카이골프스쿨,20070502,,13,영업중,,,15036,경기도 시흥시 중심상가로 160 (정왕동),경기도 시흥시 정왕동 1731-13 5층,429862,37.3459366332,126.7332796968,,176295.313485731,427133.33769346,골프연습장업,사립,,,,
탑골프연습장,20071017,,13,영업중,,,14912,"경기도 시흥시 비둘기공원4길 9, 국민은행시흥 3층 301~303,306호 (대야동)",경기도 시흥시 대야동 531-1 국민은행시흥,14912,37.4433587805,126.7900311065,,181348.672550524,437934.440929474,골프연습장업,사립,,9924.0,,
평화스크린골프,20080222,,13,영업중,,031-435-4747,14976,경기도 시흥시 연성로13번길 3 (하중동),경기도 시흥시 하중동 875-1 2층,429252,37.39044629,126.804764366,,182638.097770638,432067.305202698,골프연습장업,사립,,,,
대양스크린골프장,20080319,,13,영업중,,031-405-3800,14983,경기도 시흥시 동서로857번길 28-30 (물왕동),경기도 시흥시 물왕동 121-1,429280,37.3865272513,126.8396945352,,185731.84677284,431616.476243124,골프연습장업,사립,,,,
1박2일 스크린골프,20090402,,13,영업중,,031-434-7421,15040,경기도 시흥시 중심상가로 39 (정왕동),경기도 시흥시 정왕동 1859-6 신우프라자 5층,429864,37.3528545057,126.7229005711,,175378.879627625,427904.982190266,골프연습장업,사립,,2726.0,,
인필드,20090923,,13,영업중,,031-431-7552,15036,경기도 시흥시 정왕대로 184 (정왕동),"경기도 시흥시 정왕동 1726-4 한성타운 502,503호",429862,37.3474673039,126.7344157414,,176399.920060954,427300.959184284,골프연습장업,사립,,9946.0,,
굿샷스크린골프연습장,20090929,,13,영업중,,031-311-0047,14949,경기도 시흥시 신천로 95 (신천동),경기도 시흥시 신천동 766-3 두성빌딩 5층,429831,37.438980891,126.7859917014,,180993.004287726,437451.601589808,골프연습장업,사립,,,,
더 골프존,20101216,,13,영업중,,031-498-0753,15020,"경기도 시흥시 함송로14번길 5-4, 쌍용프라자 2층 201,202,205호 (정왕동)",경기도 시흥시 정왕동 1883-1 쌍용프라자,15020,37.3634869613,126.7292277666,,175941.924905526,429080.724794457,골프연습장업,사립,,,,
SBS스크린골프,20081118,,35,직권말소,20181107,,15066,경기도 시흥시 중심상가4길 12 (정왕동),경기도 시흥시 정왕동 1739-3,429861,37.3442183639,126.737982438,,176712.167121655,426941.976979816,골프연습장업,사립,,,,
장곡스크린골프,20090213,,35,직권말소,20180220,,15002,경기도 시흥시 진말로 7 (장곡동),경기도 시흥시 장곡동 819-2 중앙프라자 207호,429842,37.3780534691,126.7852708047,,180899.565005542,430686.214950238,골프연습장업,사립,,,,
그랜드 슬램 골프연습장,20020718,,35,직권말소,20181001,,,,경기도 시흥시 정왕동 101 지원상가 B-138호,429845,,,,,,골프연습장업,사립,,125.0,,
에이스,20070921,,35,직권말소,20200121,031-434-7958,15080,경기도 시흥시 협력로 281 (정왕동),경기도 시흥시 정왕동 2164-2 메가폴리스 C동 201호,429450,37.3516251323,126.7155402835,,174676.932901493,427814.339690803,골프연습장업,사립,,,,
이글스크린골프,20070411,,35,직권말소,20180226,,15070,경기도 시흥시 군자로 526 (거모동),"경기도 시흥시 거모동 1756-4 그랜드프라자 201,202호",429873,37.3433773231,126.7851931663,,180892.180106344,426863.042899512,골프연습장업,사립,,,,
스카이스크린골프,20070423,,35,직권말소,20181017,031-315-9691,14912,경기도 시흥시 비둘기공원6길 13-1 (대야동),경기도 시흥시 대야동 541-2 월드프라자 1001호,429874,37.4422499113,126.7914998721,,181477.928219942,437808.8059647,골프연습장업,사립,,,,
월드스크린골프,20080227,,35,직권말소,20200121,,15040,경기도 시흥시 옥구상가1길 29 (정왕동),경기도 시흥시 정왕동 1853-5,429864,37.3527263466,126.7212308137,,175230.965185326,427889.993814623,골프연습장업,사립,,,,
강남스크린골프,20080822,,35,직권말소,20191202,,15062,경기도 시흥시 평안상가3길 12 (정왕동),경기도 시흥시 정왕동 1627-2 광영빌딩 201호,429858,37.3369562156,126.7497170651,,177748.929090835,426135.007370798,골프연습장업,사립,,,,
연성스크린골프,20081111,,35,직권말소,20180207,,14998,경기도 시흥시 시청로68번길 25 (장현동),경기도 시흥시 장현동 530-3 삼하빌딩 4층,429844,37.3822263343,126.8017904655,,182375.640507344,431145.866963343,골프연습장업,사립,,,,
오성스크린골프,20091014,,35,직권말소,20200121,,15024,경기도 시흥시 역전로 304 (정왕동),경기도 시흥시 정왕동 2304-9,429450,37.3524540837,126.7389492622,,176797.114512556,427858.09788094,골프연습장업,사립,,,,
와이스크린골프장,20100427,,35,직권말소,20191202,,14910,경기도 시흥시 수인로 3362 (신천동),경기도 시흥시 신천동 711-2 태종빌딩 8층,429828,37.4406453692,126.7854898005,,180947.061934192,437633.954293419,골프연습장업,사립,,,,
윈골프연습장,20110725,,35,직권말소,20211123,031-316-9595,14912,경기도 시흥시 비둘기공원7길 45 (대야동),"경기도 시흥시 대야동 545-1 트윈스빌딩 B동 403, 404호",429874,37.4420193646,126.7921350993,,181538.331499407,437792.872576114,골프연습장업,사립,,,,
태화골프,20001223,,35,직권말소,20180228,,14912,경기도 시흥시 비둘기공원7길 46 (대야동),경기도 시흥시 대야동 541-3,429874,37.442161068,126.7917154962,,181496.707399738,437799.755836763,골프연습장업,사립,,128.0,,
코포모 스크린골프,20060117,,35,직권말소,20191202,,15078,경기도 시흥시 공단1대로 341 (정왕동),경기도 시흥시 정왕동 1289-5 코포모테크로센터 제713호,429850,37.3316162113,126.7378275507,,176711.425350698,425538.248952077,골프연습장업,사립,,,,
씨엔지골프클럽,20030610,,35,직권말소,20180319,,14976,경기도 시흥시 하중로 195 (하중동),경기도 시흥시 하중동 856-3 하중랜드 4층,429252,37.3942322182,126.804797183,,182640.789336207,432482.929989648,골프연습장업,사립,,402.0,,
홀인원 골프연습장,20040203,,35,직권말소,20181017,031-315-0202,14912,경기도 시흥시 비둘기공원6길 19 (대야동),경기도 시흥시 대야동 541-19 701호,429874,37.4419679306,126.7910729593,,181441.089864589,437780.105280215,골프연습장업,사립,,2996.0,,
탑스크린골프,20050118,,35,직권말소,20200121,,15054,경기도 시흥시 다솜마을2길 4 (정왕동),"경기도 시흥시 정왕동 1801 301호, 302호",429863,37.3500382689,126.7403285317,,176922.46342989,427591.938288481,골프연습장업,사립,,,,
함현골프연습장,20050419,,35,직권말소,20180308,,15020,경기도 시흥시 함송로29번길 9 (정왕동),경기도 시흥시 정왕동 1881-4 3층,429865,37.364033501,126.7314920232,,176143.79472588,429143.666179759,골프연습장업,사립,,,,
로얄 스크린 골프,20050601,,35,직권말소,20180226,031-491-6660,15068,경기도 시흥시 군자로 507 (거모동),경기도 시흥시 거모동 1757-1 3층,429873,37.3447661065,126.7853041907,,180908.228585348,426991.219427269,골프연습장업,사립,,86.0,,
이글스크린골프,20060501,,35,직권말소,20180314,,15066,경기도 시흥시 중심상가3길 22 (정왕동),"경기도 시흥시 정왕동 1742-5 월드프라자 402, 403",429861,37.3443667638,126.7358358707,,176522.799819026,426959.360452141,골프연습장업,사립,,,,
JJ골프아카데미,20060510,,35,직권말소,20181107,,15066,경기도 시흥시 중심상가4길 30 (정왕동),경기도 시흥시 정왕동 1744-5 정인빌딩 2층,429861,37.3430484691,126.7368765863,,176612.695676902,426814.182084841,골프연습장업,사립,,,,
플러스,20100413,,35,직권말소,20200206,,15049,경기도 시흥시 오동마을로 41 (정왕동),경기도 시흥시 정왕동 2316-4 2층,429450,37.3519424031,126.7463161393,,177451.035723874,427797.750095391,골프연습장업,사립,,,,
최선생 골프아카데미,20180516,,35,직권말소,20210518,031-431-5677,15010,"경기도 시흥시 배곧4로 22, 배곧타운2 5층 511, 512호 (배곧동)",경기도 시흥시 배곧동 122 배곧타운2,15010,37.377578519,126.7269601551,,175732.499134758,430659.533763531,골프연습장업,사립,,14719.0,,
우림골프,20061031,,35,직권말소,20180308,,15020,경기도 시흥시 함송로 15 (정왕동),경기도 시흥시 정왕동 1881-11 3층,429865,37.3640347307,126.7302949768,,176035.535074099,429144.230146749,골프연습장업,사립,,,,
세종골프스쿨,20011018,,03,폐업,20100630,,,경기도 시흥시 함송로 24 (정왕동),경기도 시흥시 정왕동 1882-4 세종프라자 501,429866,37.3632151301,126.7303936899,,176034.146009185,429060.860673841,골프연습장업,사립,,316.0,,
굿샷스크린골프,20021015,,03,폐업,20201113,,15040,경기도 시흥시 정왕대로 64 (정왕동),경기도 시흥시 정왕동 1861-2,429451,37.3542557561,126.7235297297,,175417.656719379,428065.936335703,골프연습장업,사립,,430.0,,
SK스크린골프,20140623,,03,폐업,20160509,,14912,"경기도 시흥시 비둘기공원5길 23-1, 4층 401(일부)호 (대야동)",경기도 시흥시 대야동 540-3,429874,37.4419441374,126.7901123002,,181354.534585169,437775.194121622,골프연습장업,사립,,,,
Gv스크린골프,20150703,,03,폐업,20210831,,14984,"경기도 시흥시 수인로 2323, 3층 (목감동)",경기도 시흥시 목감동 235-2,429820,37.3866531893,126.8626473949,,187769.784491336,431626.799467535,골프연습장업,사립,,,,
㈜아세코,20170428,,03,폐업,20210329,031-488-8000,15003,"경기도 시흥시 마전로 307 (거모동, 시흥아세코밸리골프장)",경기도 시흥시 거모동 121-1번지 시흥아세코밸리골프장,15003,37.3678102711,126.7713755012,,,,골프연습장업,사립,,,,
세망 스크린골프클럽,20171228,,03,폐업,20210831,031-318-4063,14998,"경기도 시흥시 시청로68번길 10, 봉빈빌딩 7층 701,702,703,704호 (장현동)",경기도 시흥시 장현동 545-5 봉빈빌딩,14998,37.3809407911,126.8008422795,,182297.095277797,431009.132142731,골프연습장업,사립,Y,4106.0,,
씨앤씨골프연습장,20050915,,03,폐업,,,,"경기도 시흥시 정왕대로 230  (정왕동,제일프라자 5층)",경기도 시흥시 정왕동 1734-7 제일프라자 5층,429861,37.3449788088,126.7384940896,,176756.587046982,427023.699054553,골프연습장업,사립,,,,
골프존파크 은행삼은스쿨점,20030415,,03,폐업,20211008,031-316-0079,14916,"경기도 시흥시 대은로 100, 5층 502,503호 (은행동, 삼은넥스타운)",경기도 시흥시 은행동 528-1 삼은넥스타운,14916,37.4452894217,126.7993847234,,182175.782377755,438146.160649937,골프연습장업,사립,,310.0,,
디아망골프아카데미,20030821,,03,폐업,20171030,,14912,경기도 시흥시 비둘기공원7길 33 (대야동),경기도 시흥시 대야동 543-1번지 7층,429874,37.4430055784,126.7927588701,,181596.577677484,437913.268307503,골프연습장업,사립,,,,
준골프아카데미,20031128,,03,폐업,20171214,,14917,경기도 시흥시 은행로 157 (은행동),경기도 시흥시 은행동 531-2 4층,429837,37.4448904333,126.7989814654,,182137.699308626,438108.547088769,골프연습장업,사립,,,,
오성골프클럽,20040813,,03,폐업,20050412,031-434-6501,,,경기도 시흥시 정왕동 10블럭 1-6롯트 2층,429450,,,,,,골프연습장업,사립,0,,,
한성스크린골프,20050104,,03,폐업,20080121,031-499-9629,,"경기도 시흥시 산기대학로 105  (정왕동,한성스포츠센타 3층)",경기도 시흥시 정왕동 2166-1 한성스포츠센타 3층,429450,37.3479730957,126.7221379802,,175261.167079369,427301.238354067,골프연습장업,사립,0,,,
파인힐스크린골프,20050325,,03,폐업,20210928,032-251-5185,15079,경기도 시흥시 마유로 226 (정왕동),"경기도 시흥시 정왕동 1366-14 117, 118, 120, 121호",429887,37.337676488,126.7285659225,,175875.780062189,426217.270224591,골프연습장업,사립,,,,
월곶J&B스포츠클럽,20050912,,03,폐업,20100909,,,"경기도 시흥시 월곶중앙로 61  (월곶동,영진빌딩 3층)",경기도 시흥시 월곶동 1014-2 영진빌딩 3층,429834,37.3886669861,126.7383348187,,176757.490762097,431873.446804747,골프연습장업,사립,,2337.0,,
오성골프클럽,20060203,,03,폐업,20150209,,,경기도 시흥시 역전로 304 (정왕동),경기도 시흥시 정왕동 2304-9 2층,429450,37.3524540837,126.7389492622,,176797.114512556,427858.09788094,골프연습장업,사립,,,,
정왕 골드 스크린,20200807,,03,폐업,20210310,031-433-9222,15092,"경기도 시흥시 옥구천동로 114, 이경타워 2층 (정왕동)",경기도 시흥시 정왕동 1359-10,15092,37.3362058326,126.7105869422,,174309.204491191,426035.837428681,골프연습장업,사립,Y,,,
디오엠,20200813,,03,폐업,20210402,031-365-3251,14923,"경기도 시흥시 은계번영길 13, 아리테타워 5층 507~510호 (은행동)",경기도 시흥시 은행동 646-6 아리테타워,14922,37.4373401072,126.8025447826,,182455.724042505,437264.79332952,골프연습장업,사립,Y,,,
브라보 골프,20201210,,03,폐업,20250207,031-413-0072,14989,"경기도 시흥시 목감남서로 94, 4층 401~402호 (산현동)",경기도 시흥시 산현동 497,14989,37.3731063557,126.8430197505,,186024.737496311,430127.171238792,골프연습장업,사립,Y,,,
베스트 스크린골프클럽,20060219,,03,폐업,20210831,031-314-9898,14912,경기도 시흥시 비둘기공원5길 23 (대야동),경기도 시흥시 대야동 540-1 베스트프라자 7층,429874,37.4421973177,126.7902455628,,181373.545645908,437814.66885875,골프연습장업,사립,,,,
PGA골프아카데미,20060404,,03,폐업,20251113,031-319-1513,15062,경기도 시흥시 정왕대로 350 (정왕동),경기도 시흥시 정왕동 1622-4 2층,429858,37.3382607578,126.7493315537,,177719.486938064,426273.804706589,골프연습장업,사립,,,,
장현골프클럽,20060410,,03,폐업,20210831,,14998,"경기도 시흥시 시청로 61, 지하1층 101, 107호 (장현동, 새재마을대동아파트)","경기도 시흥시 장현동 540 대동아파트 상가동 지하 101, 107호",,,,,182156.656283955,430870.820736321,골프연습장업,사립,,,,
목감휘트니스,20060829,,03,폐업,20180220,,,"경기도 시흥시 목감초등길 14-22  (조남동,지하1)",경기도 시흥시 조남동 171-18 지하1,429869,37.3852378798,126.8592818605,,187468.461378283,431470.670342224,골프연습장업,사립,0,,,
한성스크린,20070704,,03,폐업,20090828,,,경기도 시흥시 산기대학로 105  (정왕동),경기도 시흥시 정왕동 2166-1,429450,37.3479730957,126.7221379802,,175261.167079369,427301.238354067,골프연습장업,사립,,,,
경희어린이골프,20070726,,03,폐업,20100909,,,"경기도 시흥시 월곶중앙로 61  (월곶동,영진빌딩 3층)",경기도 시흥시 월곶동 1014-2 영진빌딩 3층,429834,37.3886669861,126.7383348187,,176757.490762097,431873.446804747,골프연습장업,사립,,,,
명품스크린골프,20070921,,03,폐업,20210928,031-433-5335,15040,경기도 시흥시 옥구상가1길 25 (정왕동),경기도 시흥시 정왕동 1853-2 2층,429864,37.3530345742,126.7214986162,,175255.5435,427921.562,골프연습장업,사립,,,,
함현스크린골프연습장,20071022,,03,폐업,20210831,031-431-0576,15020,경기도 시흥시 함송로13번길 6-7 (정왕동),"경기도 시흥시 정왕동 1880-11 3층, 4층",429865,37.3640658099,126.7309157621,,176095.955239421,429144.284078992,골프연습장업,사립,,,,
대야 GDR 골프연습장,20210723,,03,폐업,20210831,031-404-3005,14912,"경기도 시흥시 비둘기공원5길 23-1, SK프라자 4층 401호 (대야동)",경기도 시흥시 대야동 540-3 SK프라자,14912,37.4419441374,126.7901123002,,181354.534585169,437775.194121622,골프연습장업,사립,,,,
AM골프연습장,20210803,,03,폐업,20210831,031-314-4000,14923,"경기도 시흥시 은계중앙로 358, 7층 701호 (대야동)",경기도 시흥시 대야동 653-5,15120,37.4517597522,126.796113474,,181889.821930772,438863.799409639,골프연습장업,사립,,,,
케이골프스튜디오,20211224,,03,폐업,20231227,,14923,"경기도 시흥시 은계호수로 49, 시흥 센트럴돔 그랑트리 캐슬 2층 2112호 (은행동)",경기도 시흥시 은행동 601-302 시흥 센트럴돔 그랑트리 캐슬,14923,37.4458457243,126.8020023203,,182412.013839023,438208.757043569,골프연습장업,사립,,,,
지디 아카데미,20220322,,03,폐업,20240627,,15086,"경기도 시흥시 공단1대로 13, 1층 108호 (정왕동)",경기도 시흥시 정왕동 1234-12,15086,37.349346768,126.7077396341,,174036.552627639,427524.100343172,골프연습장업,사립,,,,
윈스포츠센타,19991202,,03,폐업,20100512,,,,경기도 시흥시 대야동 545 트윈빌딩 4층,429874,,,,,,골프연습장업,사립,,330.0,,
마스터골프클럽,20010522,,03,폐업,20151012,,14908,경기도 시흥시 복지로 96 (대야동),"경기도 시흥시 대야동 568-2 803호, 804호",429874,37.447263341,126.7918143639,,181510.001721431,438365.479097905,골프연습장업,사립,,813.0,,
나이스 골프,20010811,,03,폐업,20110207,,,"경기도 시흥시 진말로 7  (장곡동,중앙프라자 5층)",경기도 시흥시 장곡동 819-2 중앙프라자 5층,429842,37.3780534691,126.7852708047,,180899.565005542,430686.214950238,골프연습장업,사립,,257.0,,
싱싱골프스쿨,20020403,,03,폐업,20210831,,15036,"경기도 시흥시 중심상가로 150, 세은프라자 4층 401호 (정왕동)",경기도 시흥시 정왕동 1731-4 세은프라자,15036,37.346489661,126.7323821519,,176215.725023367,427195.259339524,골프연습장업,사립,,1661.0,,
주영골프클리닉,20021009,,03,폐업,20040116,,,"경기도 시흥시 하중로 235  (하중동,법조타운 5층)",경기도 시흥시 하중동 873-3 법조타운 5층,429252,37.390826509,126.8065796459,,182798.796432034,432106.758582994,골프연습장업,사립,0,264.0,,
월드스포츠센타(골프),20021112,,03,폐업,20140401,40488012,,경기도 시흥시 연성로 95 (하상동),경기도 시흥시 하상동 377-2,429270,37.3909698602,126.8141585219,,183464.121501032,432114.12514358,골프연습장업,사립,,264.0,,
(주)화인골프클럽,20121004,,03,폐업,20130114,,,경기도 시흥시 산기대학로 105 (정왕동),경기도 시흥시 정왕동 2166-1,429921,37.3479730957,126.7221379802,,175261.167079369,427301.238354067,골프연습장업,사립,,,,
그린골프연습장,20130321,,03,폐업,20170612,,14912,경기도 시흥시 비둘기공원6길 8 (대야동),"경기도 시흥시 대야동 534-3 이산프라자 402,403호",429874,37.4432858715,126.7913996659,,181468.458446694,437924.408845517,골프연습장업,사립,,,,
드림스크린골프,20130828,,03,폐업,20241018,,14912,경기도 시흥시 비둘기공원6길 19 (대야동),경기도 시흥시 대야동 541-19 601호,429874,37.4419679306,126.7910729593,,181441.089864589,437780.105280215,골프연습장업,사립,,,,
라이브스크린골프,20140808,,03,폐업,20200724,031-499-5979,15040,"경기도 시흥시 옥구상가2길 4, 5층 504,505호 (정왕동)","경기도 시흥시 정왕동 1861-4 504,5호",429865,37.3539162976,126.7239961677,,175472.915781436,428022.928984483,골프연습장업,사립,,,,
타임스크린골프,20150427,,03,폐업,20211008,031-432-1417,15066,"경기도 시흥시 중심상가4길 32, 지하1층 (정왕동, 제일빌딩)",경기도 시흥시 정왕동 1744-7 제일빌딩,429861,37.3428034401,126.7366194052,,176589.455060778,426784.652164851,골프연습장업,사립,,2763.0,,
24시 골프,20160126,,03,폐업,20211008,,14902,"경기도 시흥시 서해안로 1613, 2층 (대야동)",경기도 시흥시 대야동 333-19,14902,37.4484977806,126.7872466111,,181105.331013932,438503.156591043,골프연습장업,사립,,866.0,,
킹골프존,20161026,,03,폐업,20211008,,15010,"경기도 시흥시 배곧3로 86, 센터프라자2 7층 701,702,703-1,703-2호 (배곧동)",경기도 시흥시 배곧동 194-2 센터프라자2,15011,37.3702222869,126.7295541408,,175971.233747393,429834.311801204,골프연습장업,사립,,1741.0,,
GV골프 아카데미,20170517,,03,폐업,20210831,031-439-2323,14984,"경기도 시흥시 수인로 2323, 3층 (목감동)",경기도 시흥시 목감동 235-2,14984,37.3866531893,126.8626473949,,187769.784491336,431626.799467535,골프연습장업,사립,,15176.0,,
드림골프,20171107,,03,폐업,20210329,031-475-5599,14988,"경기도 시흥시 목감남서로 9-7, 6층 601,602,603,604호 (조남동)",경기도 시흥시 조남동 659 더 드림,14988,37.3775973944,126.851587277,,186784.457651183,430625.692333627,골프연습장업,사립,,5840.0,,
목감골프앤헬스,20180412,,03,폐업,20210831,031-405-1741,14984,"경기도 시흥시 목감초등길 14-22, 가야상가 지층 (조남동)",경기도 시흥시 조남동 171-18 가야상가,14984,37.3852378798,126.8592818605,,187468.461378283,431470.670342224,골프연습장업,사립,Y,1997.0,,
골프존파크 정왕 중앙 배곧점,20180718,,03,폐업,20210831,031-319-0708,15011,"경기도 시흥시 서울대학로264번길 26-32, 배곧중앙프라자 7층 725~730호 (정왕동)",경기도 시흥시 정왕동 1771-24 배곧중앙프라자,15011,37.3666139281,126.7277276688,,175810.848650867,429428.537944057,골프연습장업,사립,Y,,,
타미나골프크럽,20020419,,03,폐업,20210831,,15002,"경기도 시흥시 장곡로 23, 4층 402,403,406,407,405일부호 (장곡동)",경기도 시흥시 장곡동 823-3,15002,37.3790954387,126.7861645217,,180990.945,430801.077,골프연습장업,사립,,,,
그린골프연습장,20020403,,03,폐업,20040219,,,"경기도 시흥시 은행로 151  (은행동,드림빌딩 2층)",경기도 시흥시 은행동 530-2 드림빌딩 2층,429837,37.4445221709,126.7991996946,,182160.736922267,438060.818115298,골프연습장업,사립,0,218.0,,
포인트 골프 아카데미,20180828,,03,폐업,20210831,,14995,"경기도 시흥시 승지로60번길 17, 현대프라자 4층 402~404호 (능곡동)",경기도 시흥시 능곡동 758 현대프라자,14995,37.3687417605,126.8125426628,,183330.199662767,429662.426283644,골프연습장업,사립,,,,
GDR아카데미 시흥점,20181220,,03,폐업,20210208,,14910,"경기도 시흥시 복지로 15, 상가동 지하층 B116~117호 (신천동, 시흥5차푸르지오)",경기도 시흥시 신천동 709-32 시흥5차푸르지오,14910,37.4416793445,126.7865538933,,181072.038040894,437733.801613505,골프연습장업,사립,,,,
싱싱골프연습장,20190513,,03,폐업,20210928,031-497-2427,15036,"경기도 시흥시 중심상가로 150, 세은프라자 5층 (정왕동)",경기도 시흥시 정왕동 1731-4 세은프라자,15036,37.346489661,126.7323821519,,176215.725023367,427195.259339524,골프연습장업,사립,,1661.0,,
은계골프아카데미,20191105,,03,폐업,20211008,031-404-7774,14923,"경기도 시흥시 은계번영길 23, 은계타운 7층 701~707호 (은행동)",경기도 시흥시 은행동 646-10 은계타운,14922,37.4371409352,126.8039256944,,182573.835154492,437236.355663787,골프연습장업,사립,,,,
골프타임,20191227,,03,폐업,20220207,031-498-0011,15062,"경기도 시흥시 평안상가4길 21, 시흥관광호텔 지하2층 (정왕동)",경기도 시흥시 정왕동 1622-6 시흥관광호텔,15062,37.3377771272,126.7498217877,,177773.535192366,426231.72750915,골프연습장업,사립,,,,
길산 스크린골프,20200608,,03,폐업,20210310,031-498-9994,15079,"경기도 시흥시 경기과기대로 219, 9층 910호 (정왕동)",경기도 시흥시 정왕동 1277-14,15079,37.3344491118,126.7326514434,,176235.489714091,425857.068686951,골프연습장업,사립,,,,
메가스크린골프,20080226,,03,폐업,20180405,,15080,경기도 시흥시 협력로 281 (정왕동),경기도 시흥시 정왕동 2164-2 메가폴리스 B동 129호,429450,37.3516251323,126.7155402835,,174676.932901493,427814.339690803,골프연습장업,사립,,,,
노블리스,20080305,,03,폐업,20150406,,,경기도 시흥시 중심상가로 34 (정왕동),경기도 시흥시 정왕동 1855-2 2층,429864,37.3527956038,126.722167258,,175313.468693189,427898.023614759,골프연습장업,사립,,,,
오토반스크린골프,20080401,,03,폐업,20210928,031-318-1122,14905,경기도 시흥시 복지로 87 (대야동),경기도 시흥시 대야동 454-6 은수빌딩 3층,429809,37.4469246388,126.7909470515,,181431.859770655,438331.999836621,골프연습장업,사립,,,,
디온스크린골프,20080708,,03,폐업,20171226,,14998,경기도 시흥시 시청로68번길 30 (장현동),"경기도 시흥시 장현동 548-3 이주라이프 104,106,107호",429844,37.3820403906,126.8023569656,,182415.491870149,431131.442819099,골프연습장업,사립,,,,
해비치골프클럽,20080811,,03,폐업,20240105,,14921,경기도 시흥시 시흥대로1074번길 5 (은행동),경기도 시흥시 은행동 288-1 스페이스타워 601호,429836,37.4320543214,126.7936643149,,181674.382588185,436674.054225284,골프연습장업,사립,,,,
테스골프연습장,20081013,,03,폐업,20140203,,,경기도 시흥시 은행로 86 (은행동),경기도 시흥시 은행동 547-4 1002호,429839,37.4392911141,126.7971459146,,181977.351795671,437476.202959602,골프연습장업,사립,,,,
방산스크린,20090313,,03,폐업,20110411,,,"경기도 시흥시 신현로 450  (방산동,1층)",경기도 시흥시 방산동 281-2 1층,429030,37.4204728257,126.7677915991,,179376.611031167,435397.169932341,골프연습장업,사립,,,,
리더스스크린골프,20090427,,03,폐업,20171205,,14950,경기도 시흥시 시흥대로 1114 (신천동),경기도 시흥시 신천동 83-59 4층,429882,,,,181531.015084676,437019.820481721,골프연습장업,사립,,,,
능곡스크린골프,20090629,,03,폐업,20210831,031-317-8597,14995,경기도 시흥시 승지로60번길 12 (능곡동),경기도 시흥시 능곡동 747 6층 601호 602호,429240,37.3687817033,126.8116614024,,183247.368969468,429651.877455461,골프연습장업,사립,,,,
탱크스크린골프,20090709,,03,폐업,20171211,,14998,경기도 시흥시 새재로7번길 6 (장현동),경기도 시흥시 장현동 544-6 4층,429844,37.3807344228,126.80100233,,182306.469682906,430980.262578437,골프연습장업,사립,,,,
블랙홀스크린골프,20100310,,03,폐업,20191223,,14995,경기도 시흥시 장현능곡로 178 (능곡동),"경기도 시흥시 능곡동 719 능곡타운 601호, 602호",429240,37.3696097976,126.8099146126,,183094.315546217,429741.225241601,골프연습장업,사립,,,,
귀빈골프스크린,20100316,,03,폐업,20171207,,15070,경기도 시흥시 도일로 119 (거모동),경기도 시흥시 거모동 1545-1 501호,429873,37.3411140523,126.7835663699,,180746.105554783,426585.253937887,골프연습장업,사립,,,,
홀인원스크린 골프,20101104,,03,폐업,20180412,,15036,경기도 시흥시 서촌상가4길 10 (정왕동),"경기도 시흥시 정왕동 1731-21 한솔빌딩301,302,303,304호",429862,37.34543447,126.7322912842,,176212.905739837,427077.15494044,골프연습장업,사립,,1339.0,,
인골프,20101222,,03,폐업,20140728,,,경기도 시흥시 장곡로 17 (장곡동),"경기도 시흥시 장곡동 823-6 B02,B03호",429842,37.3790542572,126.7868087306,,181038.815105195,430797.133977585,골프연습장업,사립,,,,
조인스크린골프,20110525,,03,폐업,20250523,031-496-0753,15062,"경기도 시흥시 평안상가5길 7-4, 2층 (정왕동)",경기도 시흥시 정왕동 1782-9,15062,37.3365340591,126.7471135827,,177516.4720659,426087.849581176,골프연습장업,사립,,590.0,,
정왕 리얼 골프존,20110610,,03,폐업,20220707,031-319-1872,15066,경기도 시흥시 마유로 320 (정왕동),경기도 시흥시 정왕동 1740-2 5층,429861,37.344755531,126.734623913,,176417.689594759,427000.138154803,골프연습장업,사립,,,,
골프존 세븐 스크린,20110630,,03,폐업,20240320,031-316-0753,14910,경기도 시흥시 호현로22번길 6 (신천동),경기도 시흥시 신천동 707-10 5층,429828,37.4416783838,126.7849034498,,180894.055110561,437747.254976061,골프연습장업,사립,,,,
we 스크린골프존,20111108,,03,폐업,20250725,031-311-0064,14950,"경기도 시흥시 수인로 3299, 3층 (신천동)",경기도 시흥시 신천동 83-81,14950,37.4383417619,126.7921245255,,181525.156881214,437377.828704985,골프연습장업,사립,,4869.0,,
브라보퍼블릭스크린골프장 시흥정왕점,20220531,,03,폐업,20260203,031-434-0709,15036,"경기도 시흥시 정왕대로 178, 광개토빌딩2 3층 301~301-1호 (정왕동)",경기도 시흥시 정왕동 1726-2 광개토빌딩2,15036,37.3478159641,126.7339718777,,176352.574988974,427337.809330146,골프연습장업,사립,,,,
TIP스크린골프,20110712,,03,폐업,20260422,,15073,"경기도 시흥시 산기대학로 237, TIP 6층 (정왕동)",경기도 시흥시 정왕동 2121-1 한국공학대학교,15073,37.3397369385,126.7335459329,,176322.519491451,426494.047049911,골프연습장업,사립,,,,
프렌즈 스크린 시흥센터,20171013,,03,폐업,20260422,031-498-8023,15066,"경기도 시흥시 중심상가1길 9, 지하1층 (정왕동)",경기도 시흥시 정왕동 1741-4,15066,37.3438827941,126.7348698561,,176438.124351869,426906.808118059,골프연습장업,사립,,,,
해원골프연습장,20190625,,03,폐업,20210928,,15011,"경기도 시흥시 서해안로 529, 배곧두손지젤타워  A동 2층 214~216호 (배곧동)",경기도 시흥시 배곧동 252 배곧두손지젤타워,15011,37.3680122208,126.7320612827,,175775.542,429261.157666667,골프연습장업,사립,,,,
진주스크린,20200414,,03,폐업,20210329,031-411-0755,14988,"경기도 시흥시 목감둘레로 59-9, 4층 (조남동)",경기도 시흥시 조남동 666,14988,37.3736670705,126.8482441168,,186489.462537687,430188.815394757,골프연습장업,사립,,,,
"아이원헬스,골프클럽",20030619,,03,폐업,20150727,,,경기도 시흥시 월곶중앙로 64 (월곶동),경기도 시흥시 월곶동 1009-1,429834,37.3891728802,126.7385104453,,176774.667584733,431931.35510576,골프연습장업,사립,,,,
오리진골프휘트니스,20040319,,03,폐업,20130625,031-497-6548,,경기도 시흥시 군자로 507 (거모동),경기도 시흥시 거모동 1757-1 군자프라자 403호,429873,37.3447661065,126.7853041907,,180908.228585348,426991.219427269,골프연습장업,사립,Y,,,
필스크린골프,20050401,,03,폐업,20151105,031-503-9221,14912,경기도 시흥시 비둘기공원5길 23-1 (대야동),경기도 시흥시 대야동 540-3 SK프라자 7층,429874,37.4419441374,126.7901123002,,181354.534585169,437775.194121622,골프연습장업,사립,,,,
아지트 스크린골프,20200729,,03,폐업,20211008,031-499-2989,15049,"경기도 시흥시 마유로418번길 10, 롯데시네마 시화점 3층 301,302호 (정왕동)",경기도 시흥시 정왕동 2327-2 롯데시네마 시화점,15049,37.3514000851,126.7418503694,,177047.288867388,427744.556498783,골프연습장업,사립,Y,,,
PGS 골프 스튜디오,20210406,,03,폐업,20240325,,15010,"경기도 시흥시 서울대학로278번길 19-14, 배곧프라자 4층 405호 (배곧동)",경기도 시흥시 배곧동 193-1 배곧프라자,15011,37.3701623935,126.7286625518,,175894.079233629,429822.55268777,골프연습장업,사립,,,,
스크린골프투어(시화점),20080613,,03,폐업,20140804,,,경기도 시흥시 옥구상가2길 4 (정왕동),경기도 시흥시 정왕동 1861-4 504호,429864,37.3539162976,126.7239961677,,175472.915781436,428022.928984483,골프연습장업,사립,,,,
필드스크린,20070213,,03,폐업,20140228,,,경기도 시흥시 월곶중앙로70번길 11 (월곶동),"경기도 시흥시 월곶동 1010-4 풍림1차상가 203호, 204호, 205호",429901,37.3902457487,126.735754493,,176679.463152938,432080.027950486,골프연습장업,사립,,,,
클럽하우스스크린골프,20070830,,03,폐업,20220511,,15040,경기도 시흥시 정왕대로 64 (정왕동),경기도 시흥시 정왕동 1861-2 메가쇼핑몰 504호,429864,37.3542557561,126.7235297297,,175417.656719379,428065.936335703,골프연습장업,사립,,,,
이글스크린,20080201,,03,폐업,20171207,,,경기도 시흥시 마유로 416 (정왕동),경기도 시흥시 정왕동 2327-1 월드프라자 201호호,429450,37.3515947539,126.7412838659,,177008.290220172,427759.661440291,골프연습장업,사립,,,,
정원스크린골프,20090508,,03,폐업,20210831,,15020,경기도 시흥시 함송로14번길 13-4 (정왕동),경기도 시흥시 정왕동 1885-2,429866,37.3629506265,126.7285331108,,175886.130969903,429020.96066529,골프연습장업,사립,,,,
홀인원스크린골프연습장,20090923,,03,폐업,20120125,,,경기도 시흥시 중심상가4길 24-1 (정왕동),경기도 시흥시 정왕동 1744-2 4층,429861,37.3433296956,126.7371559822,,176637.285,426845.771,골프연습장업,사립,,,,
시네마골프아카데미,20100408,,03,폐업,20150423,,,경기도 시흥시 복지로 90 (대야동),"경기도 시흥시 대야동 568-1 502호, 503호, 504호, 506호",429874,37.4470010817,126.7916698675,,181498.496061507,438335.225716623,골프연습장업,사립,,9126.0,,
오이도스크린골프,20110413,,03,폐업,20180126,,15015,경기도 시흥시 오이도로 225 (정왕동),"경기도 시흥시 정왕동 2031-12 1층, 2층",429867,37.3413529379,126.6866786684,,172165.321839871,426637.044037,골프연습장업,사립,,474.0,,
필드로스크린,20111006,,03,폐업,20171226,031-433-7024,15040,경기도 시흥시 옥구상가2길 4 (정왕동),경기도 시흥시 정왕동 1861-4 지하1층,429864,37.3539162976,126.7239961677,,175472.915781436,428022.928984483,골프연습장업,사립,,673.0,,
