indutype_nm,cmpnm_nm,signgu_nm,emd_nm,roadnm_addr,lotno_addr,detail_addr,rprs_telno_info,opr_hr_info,sat_opr_hr,sun_opr_hr,restday_info,image_nm,dat_crtr_ymd,refine_wgs84_lat,refine_wgs84_logt
동물미용업,와와리 애견미용,시흥시,배곧동,"경기도 시흥시 배곧4로 106-25, 정문상가동 102호 (배곧동, 호반베르디움 센트로하임아파트)",경기도 시흥시 배곧동 174번지,,***-****-****,10:00~17:00,10:00~17:00,10:00~17:00,수요일,313115073030_1.jpeg,20221123,37.3710666931,126.7332724678
동물미용업,미래애견,시흥시,신천동,"경기도 시흥시 시흥대로 1069-1, 염광교회 (신천동)",경기도 시흥시 신천동 888-7번지,1층,031-312-2625,,,,,313115052048_1.jpeg,20221109,37.4315756478,126.7926403664
동물위탁관리업,위드독,시흥시,정왕동,"경기도 시흥시 마유로418번길 10, 롯데시네마 시화점 (정왕동)",경기도 시흥시 정왕동 2327-2번지,2층,0507-1432-2272,10:00~19:00,10:00~19:00,10:00~19:00,연중무휴,323115064005_1.jpeg,20221118,37.3514000851,126.7418503694
동물위탁관리업,잘놀개잘자개,시흥시,배곧동,"경기도 시흥시 서울대학로278번길 61, 서영베니스스퀘어 T동 348,349호 (배곧동)",경기도 시흥시 배곧동 204번지,3층,***-****-****,08:00~19:30,08:00~19:30,08:00~19:30,연중무휴,323115073029_1.jpeg,20221124,37.3681926149,126.7306929431
동물미용업,배곧코코동물병원,시흥시,정왕동,"경기도 시흥시 함송로 15, 화신프라자 (정왕동)",경기도 시흥시 정왕동 1881-11번지,,031-434-0863,10:00~19:30,10:00~17:30,,일요일,313115072010_1.jpeg,20221122,37.3640347307,126.7302949768
동물미용업,우주개스타,시흥시,정왕동,"경기도 시흥시 봉우재로69번길 14, 104호 (정왕동)",경기도 시흥시 정왕동 1819-7번지,,0507-1383-2514,09:00~20:00,09:00~20:00,,"화요일,일요일",313115064080_1.jpeg,20221118,37.3490536732,126.745633714
동물미용업,멍크러쉬,시흥시,배곧동,"경기도 시흥시 서울대학로264번길 25, 시흥배곧 아브뉴프랑 센트럴 블루 (배곧동)",경기도 시흥시 배곧동 219번지,3층 위치,0507-1347-5981,10:00~19:00,10:00~19:00,10:00~19:00,금요일,313115073087_1.jpeg,20221122,37.3683599517,126.7273257955
동물위탁관리업,개편한세상,시흥시,은행동,"경기도 시흥시 은계번영길 40, 샤르망프라자 202호 (은행동)",경기도 시흥시 은행동 645-2번지,2층,***-****-****,10:00~19:00,10:00~19:00,10:00~19:00,연중무휴,323115054056_1.jpeg,20221111,37.4365649144,126.8025406729
동물미용업,윤슬동물병원,시흥시,월곶동,경기도 시흥시 월곶중앙로 87-1 (월곶동),경기도 시흥시 월곶동 1011-6번지,,031-404-8566,10:00~19:00,10:00~19:00,,일요일,313115069036_1.jpeg,20221123,37.3897044558,126.7356809117
동물미용업,펫츠나라동물병원,시흥시,신천동,경기도 시흥시 수인로 3376-1 (신천동),경기도 시흥시 신천동 712-6번지,1층,031-314-0706,10:00~20:00,10:00~20:00,,일요일,313115052006_1.jpeg,20221108,37.4412846629,126.7838897999
동물위탁관리업,RARERANG,시흥시,배곧동,"경기도 시흥시 배곧4로 32-27, 광장프라자 2층 207호 ",경기도 시흥시 배곧동 131번지,,***-****-****,"13:00~21:00,금 13:00~18:00",11:00~21:00,11:00~21:00,목요일,323115073036_1.jpeg,20221123,37.3776954647,126.7255471026
동물미용업,센트럴 독,시흥시,은행동,"경기도 시흥시 은계호수로 49 1층 1064호(은행동, 시흥 센트럴돔 그 랑트리 캐슬)",경기도 시흥시 은행동 605번지,1층,***-****-****,10:00~19:00,10:00~19:00,10:00~19:00,연중무휴,313115054002_1.jpeg,20221103,37.4458457243,126.8020023203
동물위탁관리업,박한준종합동물병원,시흥시,대야동,"경기도 시흥시 복지로 47, 박한준동물병원 (대야동)",경기도 시흥시 대야동 490-2번지,1층,031-315-7582,09:00~20:00,09:00~18:00,10:00~18:00,연중무휴,323115051019_1.jpeg,20221104,37.4438221596,126.7891449539
동물미용업,애니온동물병원,시흥시,정왕동,"경기도 시흥시 군자천로 335, 그린프라자 (정왕동)",경기도 시흥시 정왕동 1729-2번지,2층,031-499-7991,10:00~20:00,10:00~20:00,10:00~20:00,,313115061009_1.jpeg,20221118,37.3467024328,126.7346154408
동물미용업,샤이니독,시흥시,대야동,경기도 시흥시 비둘기공원2길 10 1층 샤이니독,경기도 시흥시 대야동 557-2번지,1층,031-503-4470,11:00~22:00,11:00~22:00,11:00~22:00,월요일,313115051004_1.jpeg,20221110,37.4397786972,126.7927553286
동물위탁관리업,목감동물병원,시흥시,조남동,경기도 시흥시 동서로 1064 1층 (조남동),경기도 시흥시 조남동 169-45,1층,031-482-7585,09:30~20:00,09:30~17:00,휴무,일요일,323115056025_1.jpeg,20221101,37.3838893135,126.8599259022
동물미용업,만세동물병원,시흥시,정왕동,"경기도 시흥시 배곧4로 95, 지음프라자 (정왕동)",경기도 시흥시 배곧동 75번지,,0507-1316-7583,10:30~20:00,10:30~19:00,,일요일,313115073068_1.jpeg,20221123,37.3742440446,126.7339742565
동물위탁관리업,24시 배곧스마트동물병원,시흥시,배곧동,"경기도 시흥시 배곧3로 86, 센터프라자2 207호, 208호 (배곧동)",경기도 시흥시 배곧동 194-2번지,2층,031-432-1224,00:00~24:00,00:00~24:00,00:00~24:00,연중무휴,323115073015_1.jpeg,20221123,37.3702222869,126.7295541408
동물미용업,뽀숑뽀숑,시흥시,은행동,"경기도 시흥시 은계번영길 11, 208호 (은행동)",경기도 시흥시 은행동 646-5번지,2층,***-****-****,09:30~18:30,09:30~18:30,09:30~18:30,연중무휴,313115054021_1.jpeg,20221111,37.4374281699,126.8021935463
동물위탁관리업,애니온동물병원,시흥시,정왕동,"경기도 시흥시 군자천로 335, 그린프라자 (정왕동)",경기도 시흥시 정왕동 1729-2번지,2층,031-499-7991,10:00~20:00,,,,323115061023_1.jpeg,20221118,37.3467024328,126.7346154408
동물위탁관리업,위드유 펫 스토어,시흥시,은행동,"경기도 시흥시 은계번영길 1, 태산W타워 (은행동)",경기도 시흥시 은행동 646번지,2층,,09:00~22:00,09:00~22:00,09:00~22:00,연중무휴,323115054009_1.jpeg,20221111,37.4365775346,126.8016249551
동물미용업,은동이네,시흥시,은행동,"경기도 시흥시 은계중앙로 37, 상가동 205호 (은행동, 시흥은계엘에이치7단지)",경기도 시흥시 은행동 660,2층,***-****-****,09:00~19:00,09:00~19:00,,일요일,313115054038_1.jpeg,20221111,37.4343695822,126.8001647285
동물미용업,24시 배곧스마트동물병원,시흥시,배곧동,"경기도 시흥시 배곧3로 86, 센터프라자2 207호, 208호 (배곧동)",경기도 시흥시 배곧동 194-2번지,2층,031-432-1224,00:00~24:00,00:00~24:00,00:00~24:00,연중무휴,313115073051_1.jpeg,20221123,37.3702222869,126.7295541408
동물미용업,메종드 로이,시흥시,산현동,"경기도 시흥시 목감전원로 32, 레이크문 3층 (산현동)",경기도 시흥시 산현동 492-1번지,3층,0507-1303-6386,10:00~21:00,10:00~21:00,10:00~21:00,월요일,313115056091_1.jpeg,20221124,37.3769652872,126.8432119872
동물미용업,행복한강아지,시흥시,신천동,경기도 시흥시 호현로 21,경기도 시흥시 신천동 705-16번지,1층,031-313-2858,10:00~21:00,,,토요일 + 일요일,313115052055_1.jpeg,20221107,37.4423432288,126.7845466809
동물위탁관리업,뽀독,시흥시,정왕동,경기도 시흥시 정왕천로 438 (정왕동),경기도 시흥시 정왕동 1500-12번지,,0507-1469-0190,09:30~20:00,09:30~20:00,09:30~20:00,수요일,323115064038_1.jpeg,20221118,37.3461054246,126.7540404648
동물위탁관리업,(주)코펫스쿨,시흥시,배곧동,"경기도 시흥시 서울대학로278번길 70, 배곧두손지젤타워 B동 1층 115호 (배곧동)",경기도 시흥시 배곧동 206-3번지,,031-319-1916,08:00~20:00,08:00~20:00,,"일요일,공휴일",323115073037_1.jpeg,20221124,37.3680122208,126.7320612827
동물미용업,위드독,시흥시,정왕동,"경기도 시흥시 마유로418번길 10, 롯데시네마 시화점 2층(정왕동)",경기도 시흥시 정왕동 2327-2번지,2층,031-434-2272,07:00~22:00,07:00~22:00,07:00~22:00,연중무휴,313115064029_1.jpeg,20221118,37.3514000851,126.7418503694
동물미용업,레인바우 시흥점,시흥시,포동,경기도 시흥시 신현로 127 (포동),경기도 시흥시 포동 20-4번지,,031-1877-1722,14:00~20:00,11:00~20:00,11:00~20:00,,313115053067_1.jpeg,20221121,37.4029159467,126.7768432025
동물미용업,참누리종합동물병원,시흥시,대야동,"경기도 시흥시 대은로 81, 모비딕빌딩 (대야동)",경기도 시흥시 대야동 573-2번지,,031-312-0075,09:00~22:00,09:00~22:00,09:00~20:00,연중무휴,313115051063_1.jpeg,20221104,37.4447000348,126.7972761971
동물미용업,목감시티동물병원,시흥시,조남동,경기도 시흥시 목감둘레로 253-24 (조남동),경기도 시흥시 조남동 707-1,1층,031-504-7559,09:30~20:00,09:30~20:00,09:30~20:00,수요일,313115056020_1.jpeg,20221101,37.380972798,126.8606510065
동물위탁관리업,루비펫살롱,시흥시,장현동,"경기도 시흥시 시청로68번길 30, 1층 (장현동, 이즈라이프)",경기도 시흥시 장현동 548-3,1층,***-****-****,09:00~19:00,09:00~19:00,09:00~19:00,연중무휴,323115070058_1.jpeg,20221109,37.3820403906,126.8023569656
동물미용업,강아지마을,시흥시,정왕동,"경기도 시흥시 오동마을로6번길 4, C.M건축자재 백화점 (정왕동)",경기도 시흥시 정왕동 2320-2번지,1층,0507-1349-0289,00:00~24:00,00:00~24:00,00:00~24:00,연중무휴,313115064086_1.jpeg,20221118,37.3529327465,126.7419027019
동물위탁관리업,아띠,시흥시,정왕동,"경기도 시흥시 정왕천로369번길 59-7, 102호 (정왕동)",경기도 시흥시 정왕동 1592-11번지,,031-488-8991,10:00~19:00,10:00~19:00,10:00~19:00,수요일,323115065047_1.jpeg,20221118,37.3442815559,126.7436154194
동물미용업,정왕동 애견용품 창고형 할인매장(비제이코리아),시흥시,정왕동,"경기도 시흥시 오동마을로6번길 4, C.M건축자재 백화점 (정왕동)",경기도 시흥시 정왕동 2320-2번지,,031-520-0289,10:00~22:00,10:00~22:00,10:00~22:00,연중무휴,313115064071_1.jpeg,20221122,37.3529327465,126.7419027019
동물미용업,오렌지펫,시흥시,배곧동,경기도 시흥시 배곧전원로 18-18 (배곧동),경기도 시흥시 배곧동 101-12번지,,031-432-5115,10:00~22:00,10:00~22:00,10:00~22:00,연중무휴,313115073075_1.jpeg,20221123,37.3779294972,126.7282554607
동물위탁관리업,숲속동물병원,시흥시,신천동,"경기도 시흥시 삼미시장1길 39, 리앤신빌딩 (신천동)",경기도 시흥시 신천동 743번지,1층,031-317-8275,09:30~07:30,09:30~06:30,,일요일,323115052022_1.jpeg,20221107,37.4412632357,126.7818439067
동물미용업,다독다독,시흥시,정왕동,경기도 시흥시 오동마을로5번길 29-1 (정왕동),경기도 시흥시 정왕동 2312-3번지,1층,031-497-5525,09:30~20:00,09:30~20:00,09:30~20:00,연중무휴,313115064026_1.jpeg,20221118,37.3526839405,126.745281237
동물미용업,몽몽이털,시흥시,대야동,"경기도 시흥시 은계북길 7 (대야동, 시흥은계엘에이치2단지)",경기도 시흥시 대야동 658번지,1층,0507-1441-1038,10:00~19:00,10:00~19:00,10:00~19:00,일요일,313115051098_1.jpeg,20221111,37.4490484995,126.7979364675
동물위탁관리업,시화종합사료,시흥시,정왕동,"경기도 시흥시 오동마을로6번길 4, C.M건축자재 백화점  (정왕동)",경기도 시흥시 정왕동 2320-2번지,1층,031-433-0774,,,,,323115064051_1.jpeg,20221118,37.3529327465,126.7419027019
동물위탁관리업,메리그루밍,시흥시,정왕동,"경기도 시흥시 서울대학로278번길 19-13, 265동 (정왕동, 시흥배곧 C1블럭 호반 써밋플레이스 아파트)",경기도 시흥시 배곧동 191번지,2층,***-****-****,10:00~19:00,10:00~19:00,10:00~19:00,연중무휴,323115073010_1.jpeg,20221122,37.3705080067,126.7277555139
동물미용업,뽀송하개,시흥시,배곧동,"경기도 시흥시 해송십리로 472-11 (배곧동, 배곧중흥에스클래스)",경기도 시흥시 정왕동 2381번지,,0507-1342-0804,,,,,313115073095_1.jpeg,20221123,37.3847282623,126.734183892
동물미용업,시흥24시센트럴동물의료센터,시흥시,정왕동,"경기도 시흥시 정왕대로 174, 광개토빌딩110 , 203호 (정왕동)",경기도 시흥시 정왕동 1726-1번지,,031-432-2475,00:00~24:00,00:00~24:00,00:00~24:00,연중무휴,313115061070_1.jpeg,20221118,37.3481553901,126.7334942325
동물미용업,소중하개,시흥시,신천동,경기도 시흥시 수인로3409번길 24 (신천동),경기도 시흥시 신천동 749-10번지,1층,0507-1480-8975,11:00~19:00,11:00~19:00,,"목요일,일요일",313115052074_1.jpeg,20221107,37.4397989284,126.7796874978
동물위탁관리업,소중하개,시흥시,신천동,경기도 시흥시 수인로3409번길 24 (신천동),경기도 시흥시 신천동 749-10번지,1층,0507-1480-8975,11:00~19:00,11:00~19:00,,"목요일,일요일",323115052031_1.jpeg,20221107,37.4397989284,126.7796874978
동물미용업,봉쥬르멍멍,시흥시,은행동,"경기도 시흥시 은계번영길 23, 은계타운 5층 509호 (은행동)",경기도 시흥시 은행동 646-10번지,5층,***-****-****,08:00~20:00,08:00~20:00,08:00~20:00,유동적,313115054078_1.jpeg,20221111,37.4371409352,126.8039256944
동물미용업,머피애견,시흥시,정왕동,경기도 시흥시 군서로28번길 6-1,경기도 시흥시 정왕동 1201-13번지,,031-497-9464,10:30~22:00,10:30~22:00,10:30~22:00,연중무휴,313115064003_1.jpeg,20221118,37.3453904324,126.749305741
동물미용업,호수동물병원,시흥시,조남동,"경기도 시흥시 목감남서로 9-19, 메이저타워 103호 (조남동)",경기도 시흥시 조남동 657-1,1층,031-403-0075,09:30~20:00,09:30~18:00,휴무,일요일,313115056011_1.jpeg,20221101,37.3777841561,126.852771635
동물위탁관리업,신나개놀개,시흥시,배곧동,"경기도 시흥시 서울대학로 278번길 21, 새롬프라자2 4층 406호 (배곧동)",경기도 시흥시 배곧동 193-3번지,4층,0507-1308-2831,12:00~20:00,10:30~20:00,10:30~20:00,연중무휴,323115073042_1.jpeg,20221122,37.3695093281,126.7280367972
동물미용업,사랑스럽개,시흥시,배곧동,"경기도 시흥시 서울대학로 278번길 61, 서영베니스스퀘어 s동 3층 303호 (배곧동)",경기도 시흥시 배곧동 204번지,3층,031-497-1003,11:00~20:00,11:00~20:00,11:00~20:00,연중무휴,313115073062_1.jpeg,20221124,37.3681926149,126.7306929431
동물위탁관리업,개구쟁이,시흥시,배곧동,"경기도 시흥시 서울대학로264번길 25, 시흥배곧 아브뉴프랑 센트럴 블루 2층 218호 (배곧동)",경기도 시흥시 배곧동 219번지,2층,0507-1436-3393,07:00~22:00,07:00~22:00,07:00~22:00,월요일,323115073001_1.jpeg,20221122,37.3683599517,126.7273257955
동물미용업,개정촌,시흥시,정왕동,"경기도 시흥시 중심상가3길 11, 그린프라자 (정왕동)",경기도 시흥시 정왕동 1737-13번지,,0507-1436-1105,12:00~21:00,12:00~21:00,12:00~21:00,수요일,313115065082_1.jpeg,20221118,37.3450145635,126.7370486178
동물미용업,도그매니저,시흥시,거모동,"경기도 시흥시 한우물로 4, 101호 (거모동)",경기도 시흥시 거모동 1756-8번지,,031-495-2060,,,,,313115068077_1.jpeg,20221104,37.3429525428,126.7850052687
동물미용업,배곧도담동물병원,시흥시,배곧동,"경기도 시흥시 배곧1로 27-16 (배곧동, 한라비발디캠퍼스2차)",경기도 시흥시 배곧동 245번지,,031-499-3007,10:00~21:00,10:00~21:00,10:00~21:00,목요일,313115073031_1.jpeg,20221122,37.3619447034,126.7140213156
동물미용업,독욕탕,시흥시,배곧동,"경기도 시흥시 서울대학로264번길 35, 시흥배곧 아브뉴프랑 센트럴 그린 3층 315호 (배곧동)",경기도 시흥시 배곧동 218번지,3층,***-****-****,,,,,313115073027_1.jpeg,20221122,37.3677274711,126.7284729076
동물미용업,망쿠애견샵,시흥시,정왕동,"경기도 시흥시 정왕대로266번길 4, 금강아파트 상가동 105호 (정왕동)",경기도 시흥시 정왕동 1789번지,,***-****-****,08:00~20:00,08:00~20:00,08:00~20:00,연중무휴,313115065041_1.jpeg,20221118,37.3431587747,126.7414139095
동물미용업,Dog Do,시흥시,월곶동,"경기도 시흥시 월곶중앙로70번길 12, 2층 202호 (월곶동, 부성파인 하버뷰)",경기도 시흥시 월곶동 1008-2번지,2층,***-****-****,10:00~19:00,10:00~19:00,,일요일,313115069035_1.jpeg,20221123,37.3898625245,126.7392264551
동물위탁관리업,개들의집,시흥시,은행동,"경기도 시흥시 은계중앙로 238, 호수의 아침 3층 304호 (은행동)",경기도 시흥시 은행동 608-6번지,3층,***-****-****,10:30~20:00,10:30~20:00,10:30~20:00,연중무휴,323115054040_1.jpeg,20221103,37.445371883,126.8041885946
동물위탁관리업,사랑스럽개,시흥시,배곧동,"경기도 시흥시 서울대학로 278번길 61, 서영베니스스퀘어 s동 3층 303호 (배곧동)",경기도 시흥시 배곧동 204번지,3층,031-497-1003,11:00~20:00,11:00~20:00,11:00~20:00,연중무휴,323115073044_1.jpeg,20221124,37.3681926149,126.7306929431
동물미용업,위드미펫살롱,시흥시,은행동,"경기도 시흥시 은계중앙로 220, 302호 (은행동)",경기도 시흥시 은행동 608-13번지,3층,***-****-****,"10:00~19:00,화요일 11:00~21:00",10:00~19:00,10:00~19:00,월요일,313115054045_1.jpeg,20221103,37.4441258467,126.8053532289
동물위탁관리업,개정촌,시흥시,정왕동,"경기도 시흥시 중심상가3길 11, 그린프라자 (정왕동)",경기도 시흥시 정왕동 1737-13번지,,0507-1436-1105,12:00~21:00,12:00~21:00,12:00~21:00,수요일,323115065024_1.jpeg,20221118,37.3450145635,126.7370486178
동물위탁관리업,보드레도그,시흥시,조남동,"경기도 시흥시 목감둘레로 258, 메트로타워1 102호 (조남동)",경기도 시흥시 조남동 711-2,1층,031-411-3123,"10:00~19:00,수요일10:00~17:00",10:00~17:00,휴무,일요일,323115056020_1.jpeg,20221101,37.3809982663,126.862028829
동물위탁관리업,뛰뛰멍멍,시흥시,정왕동,"경기도 시흥시 옥구상가1길 9, 21세기프라자 4층 (정왕동)",경기도 시흥시 정왕동 1857-2번지,4층,031-499-6688,12:00~20:00,12:00~20:00,12:00~20:00,연중무휴,323115062002_1.jpeg,20221122,37.3540055062,126.72248222
동물미용업,그루밍펫살롱,시흥시,배곧동,경기도 시흥시 서울대학로 278번길 34 (배곧동),경기도 시흥시 배곧동 216번지,4층,***-****-****,10:00~20:00,10:00~20:00,,일요일,313115073056_1.jpeg,20221123,37.3682081085,126.7289197215
동물미용업,박한준종합동물병원,시흥시,대야동,"경기도 시흥시 복지로 47, 박한준동물병원 (대야동)",경기도 시흥시 대야동 490-2번지,1층,031-315-7582,09:00~20:00,09:00~20:00,09:00~20:00,연중무휴,313115051057_1.jpeg,20221104,37.4438221596,126.7891449539
동물미용업,꿈꾸는강아지,시흥시,거모동,"경기도 시흥시 군자로 471 (거모동, 금탑아트빌)",경기도 시흥시 거모동 1724-13번지,,,,,,,313115068054_1.jpeg,20221104,37.347772001,126.783040205
동물위탁관리업,다독다독,시흥시,정왕동,경기도 시흥시 오동마을로5번길 29-1 (정왕동),경기도 시흥시 정왕동 2312-3번지,1층,0507-1349-5525,09:30~20:00,09:30~20:00,09:30~20:00,연중무휴,323115064004_1.jpeg,20221118,37.3526839405,126.745281237
동물미용업,목감동물병원,시흥시,조남동,경기도 시흥시 동서로 1064 (조남동),경기도 시흥시 조남동 707-1,1층,031-482-7585,09:30~20:00,09:30~17:00,휴무,일요일,313115056013_1.jpeg,20221101,37.3838893135,126.8599259022
동물미용업,위드유 펫 스토어,시흥시,은행동,"경기도 시흥시 은계번영길 1, 태산W타워 (은행동)",경기도 시흥시 은행동 646번지,2층,,09:00~22:00,09:00~22:00,09:00~22:00,연중무휴,313115054079_1.jpeg,20221111,37.4365775346,126.8016249551
동물위탁관리업,히히냥냥,시흥시,정왕동,"경기도 시흥시 중심상가로 192, 상록프라자 3층(정왕동)",경기도 시흥시 정왕동 1742-12번지,,031-497-1006,10:30~22:30,10:30~22:30,10:30~22:30,,323115065012_1.jpeg,20221118,37.3441353392,126.7362898077
동물위탁관리업,개ST하우스,시흥시,신천동,"경기도 시흥시 신천3길 23-1, 2층 (신천동)",경기도 시흥시 신천동 761-1번지,2층,0507-1360-6235,11:00~20:00,11:00~20:00,11:00~20:00,"화요일,수요일",323115052014_1.jpeg,20221107,37.4387769793,126.7835745759
동물위탁관리업,와와리 애견미용,시흥시,배곧동,"경기도 시흥시 배곧4로 106-25, 정문상가동 102호 (배곧동, 호반베르디움 센트로하임아파트)",경기도 시흥시 배곧동 174번지,,0507-1336-6890,10:00~17:00,10:00~17:00,10:00~17:00,수요일,323115073006_1.jpeg,20221123,37.3710666931,126.7332724678
동물미용업,소풍애견호텔,시흥시,정왕동,경기도 시흥시 서울대학로264번길 44-4 (정왕동) 에스프라자 6층 607호,경기도 시흥시 배곧동 231번지,6층,031-504-5009,10:00~22:00,10:00~22:00,10:00~22:00,,313115073061_1.jpeg,20221122,37.3671759068,126.7282075179
동물미용업,이지종합동물병원,시흥시,대야동,"경기도 시흥시 비둘기공원로 21 (대야동, 대야하이빌)",경기도 시흥시 대야동 562-6번지,1층,031-314-7975,10:30~21:30,10:30~21:30,10:30~21:30,연중무휴,313115051058_1.jpeg,20221109,37.4439484989,126.7921734489
동물위탁관리업,애견용품 창고형 할인매장(비제이코리아),시흥시,정왕동,"경기도 시흥시 오동마을로6번길 4, C.M건축자재 백화점 (정왕동)",경기도 시흥시 정왕동 2320-2번지,,031-520-0289,10:00~22:00,10:00~22:00,10:00~22:00,연중무휴,323115064052_1.jpeg,20221122,37.3529327465,126.7419027019
동물위탁관리업,킨더개든,시흥시,배곧동,"경기도 시흥시 서울대학로278길 19-13, B동 2층 229-231호 (배곧동, 시흥배곧 C1 호반 써밋플레이스)",경기도 시흥시 배곧동 191번지,2층,0507-1383-4425,07:00~21:00,07:00~21:00,07:00~21:00,연중무휴,323115073003_1.jpeg,20221122,37.3709989287,126.7270163836
동물미용업,개편한세상,시흥시,은행동,"경기도 시흥시 은계번영길 40, 샤르망프라자 202호 (은행동)",경기도 시흥시 은행동 645-2번지,2층,***-****-****,10:00~19:00,10:00~19:00,10:00~19:00,연중무휴,313115054022_1.jpeg,20221111,37.4365649144,126.8025406729
동물위탁관리업,뽀숑뽀숑,시흥시,은행동,"경기도 시흥시 은계번영길 11, 208호 (은행동)",경기도 시흥시 은행동 646-5번지,2층,***-****-****,09:30~18:30,09:30~18:30,09:30~18:30,연중무휴,323115054055_1.jpeg,20221111,37.4374281699,126.8021935463
동물위탁관리업,샤이니독,시흥시,신천동,경기도 시흥시 비둘기공원2길 10 1층,경기도 시흥시 대야동 557-2번지,1층,031-503-4470,11:00~19:00,11:00~19:00,11:00~19:00,월요일,323115051021_1.jpeg,20221110,37.4397786972,126.7927553286
동물미용업,쭈스타일,시흥시,은행동,"경기도 시흥시 은행로 107, 대우3차아파트 (은행동)",경기도 시흥시 은행동 549-1번지,1층,,10:00~18:00,10:00~18:00,10:00~1800,격주 일요일 휴무,313115054005_1.jpeg,20221103,37.4408898558,126.7977074833
동물미용업,뽀독,시흥시,정왕동,경기도 시흥시 정왕천로 438 (정왕동),경기도 시흥시 정왕동 1500-12번지,,0507-1469-0190,09:30~20:00,09:30~20:00,09:30~20:00,수요일,313115064090_1.jpeg,20221118,37.3461054246,126.7540404648
동물미용업,캣살롱코코,시흥시,장곡동,"경기도 시흥시 인선길 39, B동 2층 209호 (장곡동, 엘에이치17단지)",경기도 시흥시 장곡동 355-12,2층,***-****-****,10:00~20:00,10:00~20:00,10:00~20:00,연중무휴,313115071042_1.jpeg,20221109,37.3762886636,126.7840903194
동물위탁관리업,목감시티동물병원,시흥시,조남동,경기도 시흥시 목감둘레로 253-24 (조남동),경기도 시흥시 조남동 707-1,1층,031-504-7559,09:30~20:00,09:30~20:00,09:30~20:00,수요일,323115056027_1.jpeg,20221101,37.380972798,126.8606510065
동물미용업,오늘은 그루밍,시흥시,정왕동,"경기도 시흥시 함송로13번길 28, 세계로교회 105호 (정왕동)",경기도 시흥시 정왕동 1879-5번지,,***-****-****,10:00~19:00,10:00~19:00,10:00~19:00,연중무휴,313115072084_1.jpeg,20221122,37.3645690855,126.7320737891
동물위탁관리업,Dog Do,시흥시,월곶동,"경기도 시흥시 월곶중앙로70번길 12, 2층 202호 (월곶동, 부성파인 하버뷰)",경기도 시흥시 월곶동 1008-2번지,2층,***-****-****,10:00~19:00,10:00~19:00,,일요일,323115069013_1.jpeg,20221123,37.3898625245,126.7392264551
동물미용업,능곡동물병원,시흥시,능곡동,"경기도 시흥시 승지로60번길 25, 센타프라자 (능곡동)",경기도 시흥시 능곡동 719,1층,031-317-7234,09:30~19:00,09:30~17:00,휴무,"일요일,공휴일",313115067053_1.jpeg,20221104,37.3679920221,126.8122671683
동물미용업,서로가 서로에개,시흥시,능곡동,"경기도 시흥시 승지로69번길 8-5, 101호 (능곡동)",,1층,***-****-****,10:00~19:00,10:00~19:00,10:00~19:00,수요일,313115067033_1.jpeg,20221104,37.3708171063,126.8098244966
동물미용업,댕이냥이살롱,시흥시,대야동,"경기도 시흥시 호현로 155-9, 2동 101호 (대야동, 아크로힐 더 파크)",경기도 시흥시 대야동 303-76번지,1층,0507-1340-4513,10:00~20:00,10:00~20:00,10:00~20:00,월요일,313115051096_1.jpeg,20221108,37.4529011205,126.7880301777
동물미용업,베베독,시흥시,정왕동,"경기도 시흥시 정왕신길로49번길 19, 서해2차아파트 (정왕동)",경기도 시흥시 정왕동 1886-4번지,2층,031-496-0103,11:00~07:00,11:00~07:00,,"일요일,공휴일",313115072016_1.jpeg,20221122,37.3596616918,126.7273133546
동물미용업,펫 하우스,시흥시,월곶동,"경기도 시흥시 월곶중앙로 38, 마린월드상가 129 - 1호 (월곶동)",경기도 시흥시 월곶동 995-1번지,,031-318-0304,10:00~19:00,10:00~19:00,10:00~19:00,월요일,313115069092_1.jpeg,20221123,37.3880373624,126.7413460252
동물미용업,아띠 강아지이발소,시흥시,정왕동,"경기도 시흥시 정왕천로369번길 59-7, 102호 (정왕동)",경기도 시흥시 정왕동 1592-11번지,,031-488-8991,10:00~19:00,10:00~19:00,10:00~19:00,수요일,313115065065_1.jpeg,20221118,37.3442815559,126.7436154194
동물위탁관리업,참누리종합동물병원,시흥시,대야동,"경기도 시흥시 대은로 81, 모비딕빌딩 (대야동)",경기도 시흥시 대야동 573-2번지,1층,031-312-0075,09:00~22:00,09:00~22:00,09:00~20:00,연중무휴,323115051045_1.jpeg,20221104,37.4447000348,126.7972761971
동물미용업,애견나라 백화점,시흥시,신천동,경기도 시흥시 신천천서로 28 (신천동),경기도 시흥시 신천동 761-8번지,1층,031-404-1474,,,,,313115052083_1.jpeg,20221107,37.4385797198,126.7837460165
동물미용업,에이미 그루밍,시흥시,대야동,경기도 시흥시 비둘기공원7길 33 디아망타운 107호,경기도 시흥시 대야동 543-2번지,1층,031-404-8394,10:00~19:00,10:00~19:00,10:00~19:00,월요일,313115051001_1.jpeg,20221110,37.4430055784,126.7927588701
동물미용업,멍토피아,시흥시,배곧동,"경기도 시흥시 서울대학로278번길 26, 시흥배곧 아브뉴프랑 센트럴 오렌지 (배곧동)",경기도 시흥시 배곧동 215번지 시흥배곧 아브뉴프랑 센트럴 오렌지 (배곧동),3층,0507-1399-0625,11:00~20:00,11:00~20:00,11:00~20:00,목요일,313115073085_1.jpeg,20221122,37.368904127,126.7278397154
동물위탁관리업,레인바우 시흥점경기도,시흥시,포동,경기도 시흥시 신현로 127 (포동),,,1877-1722,14:00~20:00,11:00~20:00,11:00~20:00,연중무휴,323115053049_1.jpeg,20221121,37.4029159467,126.7768432025
동물위탁관리업,메종드 로이,시흥시,산현동,"경기도 시흥시 목감전원로 32, 레이크문 3층 (산현동)",경기도 시흥시 산현동 492-1번지,3층,0507-1303-6386,10:00~21:00,10:00~21:00,10:00~21:00,월요일,323115056041_1.jpeg,20221124,37.3769652872,126.8432119872
동물미용업,개들의집,시흥시,은행동,"경기도 시흥시 은계중앙로 238, 호수의 아침 3층 304호 (은행동)",경기도 시흥시 은행동 608-6번지,3층,***-****-****,10:30~20:00,10:30~20:00,10:30~20:00,연중무휴,313115054094_1.jpeg,20221103,37.445371883,126.8041885946
동물미용업,발톱깎개~냥,시흥시,정왕동,"경기도 시흥시 중심상가로 228, 영남 6차아파트  제상가동 제지하층 (정왕동)",경기도 시흥시 정왕동 1790번지,,0507-1309-0598,10:00~19:00,10:00~19:00,10:00~19:00,연중무휴,313115065072_1.jpeg,20221118,37.3415937297,126.7391266115
동물미용업,은계동물병원,시흥시,은행동,"경기도 시흥시 은계번영길 19, 은계 디스퀘어큐브 (은행동)",경기도 시흥시 은행동 646-8번지,2층,031-315-7588,09:30~19:00,09:30~19:00,,일요일,313115054028_1.jpeg,20221111,37.4372709361,126.8030427925
동물위탁관리업,봉쥬르멍멍,시흥시,은행동,"경기도 시흥시 은계번영길 23, 은계타운 5층 509호 (은행동)",경기도 시흥시 은행동 646-10번지,5층,***-****-****,08:00~20:00,08:00~20:00,08:00~20:00,유동적,323115054008_1.jpeg,20221111,37.4371409352,126.8039256944
동물미용업,9DOG,시흥시,산현동,"경기도 시흥시 산현마을길 29-4, 102호 (산현동)",경기도 시흥시 산현동 510-6번지,,0507-1332-9050,10:00~19:30,10:00~19:30,10:00~19:30,월요일,313115056073_1.jpeg,20221124,37.3757781709,126.8453231356
동물위탁관리업,캣살롱코코,시흥시,장곡동,"경기도 시흥시 인선길 39, B동 2층 209호 (장곡동, 엘에이치17단지)",경기도 시흥시 장곡동 355-12,2층,0507-1391-2531,10:00~20:00,10:00~20:00,10:00~20:00,연중무휴,323115071030_1.jpeg,20221109,37.3762886636,126.7840903194
동물위탁관리업,시흥24시센트럴동물의료센터,시흥시,정왕동,"경기도 시흥시 정왕대로 174, 광개토빌딩110 , 203호 (정왕동)",경기도 시흥시 정왕동 1726-1번지,,031-432-2475,00:00~24:00,00:00~24:00,00:00~24:00,연중무휴,323115061050_1.jpeg,20221118,37.3481553901,126.7334942325
동물미용업,멍블멍블,시흥시,장곡동,"경기도 시흥시 진말로 10, 상가동 2층, 205호 (장곡동, 연성3차 대우아파트)",경기도 시흥시 장곡동 824,2층,***-****-****,10:00~19:00,10:00~19:00,,일요일,313115071037_1.jpeg,20221109,37.3782471116,126.7859918433
동물미용업,시화종합동물병원,시흥시,정왕동,경기도 시흥시 정왕대로 64 (정왕동),경기도 시흥시 정왕동 1861-2번지,,031-507-0082,10:00~19:30,10:00~16:00,,"일요일,공휴일",313115062014_1.jpeg,20221122,37.3542557561,126.7235297297
동물미용업,유폴24시애견셀프목욕 시흥점,시흥시,배곧동,경기도 시흥시 서울대학로264번길 12,경기도 시흥시 배곧동 221번지,,***-****-****,00:00~24:00,00:00~24:00,00:00~24:00,연중무휴,313115073025_1.jpeg,20221122,37.3674878259,126.724906683
동물미용업,그루밍,시흥시,배곧동,"경기도 시흥시 서울대학로278번길 19-13, A동 226호 (배곧동, 시흥배곧 C1블럭 호반 써밋플레이스 아파트)",경기도 시흥시 배곧동 191번지,2층,***-****-****,10:00~19:00,10:00~19:00,10:00~19:00,월요일,313115073032_1.jpeg,20221122,37.3709989287,126.7270163836
동물위탁관리업,펫 하우스,시흥시,월곶동,"경기도 시흥시 월곶중앙로 38, 마린월드상가 129 - 1호 (월곶동)",경기도 시흥시 월곶동 995-1번지,,031-318-0304,10:00~19:00,10:00~19:00,10:00~19:00,월요일,323115069039_1.jpeg,20221123,37.3880373624,126.7413460252
동물미용업,강아지와 산책,시흥시,정왕동,"경기도 시흥시 옥구천동로 422, 영남아파트 상가동 2층 207호 (정왕동)",경기도 시흥시 정왕동 1873-2번지,2층,***-****-****,10:00~19:00,10:00~19:00,10:00~19:00,화요일,313115061089_1.jpeg,20221122,37.3581663617,126.7316083122
동물미용업,펫밀리샵,시흥시,대야동,"경기도 시흥시 수인로3312번길 16, 티동 211호 (대야동, 시흥 센트럴 푸르지오)",경기도 시흥시 대야동 693번지,,031-520-9904,10:00~20:00,10:00~20:00,10:00~20:00,연중무휴,313115051088_1.jpeg,20221110,37.4411091608,126.7891593156
동물미용업,숲속동물병원,시흥시,신천동,"경기도 시흥시 삼미시장1길 39, 리앤신빌딩 (신천동)",경기도 시흥시 신천동 743번지,1층,031-317-8275,09:30~07:30,09:30~06:30,,일요일,313115052007_1.jpeg,20221107,37.4412632357,126.7818439067
동물위탁관리업,레인바우,시흥시,포동,경기도 시흥시 신현로 127 (포동),경기도 시흥시 포동 20-4번지,,031-1877-1722,14:00~20:00,11:00~20:00,11:00~20:00,,323115053007_1.jpeg,20221121,37.4029159467,126.7768432025
동물미용업,바나몽,시흥시,장곡동,경기도 시흥시 장곡로 23 (장곡동),경기도 시흥시 장곡동 823-3,1층,***-****-****,10:00~19:00,10:00~19:00,10:00~19:00,월요일,313115071044_1.jpeg,20221109,37.3790954387,126.7861645217
동물미용업,어울리개,시흥시,배곧동,"경기도 시흥시 배곧3로 27-7, 시흥배곧 에스케이뷰  (배곧동, 시흥배곧 에스케이뷰)",경기도 시흥시 배곧동 135번지,,***-****-****,10:00~19:00,10:00~19:00,10:00~19:00,화요일,313115073034_1.jpeg,20221123,37.3763506741,126.725278565
동물위탁관리업,그루밍펫살롱,시흥시,배곧동,경기도 시흥시 서울대학로 278번길 34 (배곧동),경기도 시흥시 배곧동 216번지,4층,***-****-****,10:00~20:00,10:00~20:00,,일요일,323115073017_1.jpeg,20221123,37.3682081085,126.7289197215
동물위탁관리업,드린겐 애견테마파크,시흥시,미산동,경기도 시흥시 시흥대로 1031-4(미산동),경기도 시흥시 미산동 163-1번지,,031-315-1733,11:00~19:00,11:00~19:00,11:00~19:00,연중무휴,323115053011_1.jpeg,20221121,37.4273364559,126.790668442
동물미용업,메리그루밍,시흥시,정왕동,"경기도 시흥시 서울대학로278번길 19-13, 265동 (정왕동, 시흥배곧 C1블럭 호반 써밋플레이스 아파트)",경기도 시흥시 배곧동 191번지,2층,***-****-****,10:00~19:00,10:00~19:00,10:00~19:00,연중무휴,313115073081_1.jpeg,20221122,37.3705080067,126.7277555139
동물위탁관리업,위드미펫살롱,시흥시,은행동,"경기도 시흥시 은계중앙로 220, 302호 (은행동)",경기도 시흥시 은행동 608-13번지,,***-****-****,"10:00~19:00,화요일 11:00~21:00",10:00~19:00,10:00~19:00,월요일,323115054033_1.jpeg,20221103,37.4441258467,126.8053532289
동물미용업,복터진강아지 씨오엠,시흥시,정왕동,경기도 시흥시 정왕천로411번길 36 (정왕동),경기도 시흥시 정왕동 1188-11번지,,031-432-2979,,,,,313115064050_1.jpeg,20221118,37.3462981783,126.748890259
동물위탁관리업,쁘띠숑,시흥시,정왕동,"경기도 시흥시 오이도로 247, 3층 (정왕동)",경기도 시흥시 정왕동 2042-17번지,3층,***-****-****,10:00~22:00,10:00~22:00,10:00~22:00,수요일,323115062046_1.jpeg,20221122,37.3407658824,126.6891347679
동물위탁관리업,소풍애견호텔,시흥시,정왕동,"경기도 시흥시 서울대학로264번길 44-4, 에스프라자 (정왕동)",경기도 시흥시 배곧동 231번지,6층,0507-1360-5009,,,,,323115073028_1.jpeg,20221122,37.3671759068,126.7282075179
동물미용업,청안동물병원,시흥시,신천동,"경기도 시흥시 삼미시장1길 19, 늘푸른교회  (신천동)",경기도 시흥시 신천동 738-2번지,1층,031-311-4148,,,,,313115052012_1.jpeg,20221108,37.4405908634,126.7839303247
동물위탁관리업,9DOG,시흥시,산현동,"경기도 시흥시 산현마을길 29-4, 102호 (산현동)",경기도 시흥시 산현동 510-6번지,,0507-1332-9050,10:00~19:30,10:00~19:30,10:00~19:30,월요일,323115056054_1.jpeg,20221124,37.3757781709,126.8453231356
동물미용업,바른마음동물병원,시흥시,능곡동,"경기도 시흥시 장현능곡로 178, 능곡타운 204호 (능곡동)",경기도 시흥시 능곡동 719,2층,031-778-7512,10:00~20:00,10:00~20:00,휴무,일요일,313115067076_1.jpeg,20221104,37.3696097976,126.8099146126
동물미용업,펫마루,시흥시,배곧동,"경기도 시흥시 배곧전원로 40-49, 1층 (배곧동)",경기도 시흥시 배곧동 114-4번지,,031-433-0102,10:00~22:00,10:00~22:00,10:00~22:00,연중무휴,313115073017_1.jpeg,20221123,37.3769376945,126.7309763529
동물미용업,굿모닝동물병원,시흥시,거모동,"경기도 시흥시 군자로 511, 삼익아트빌 (거모동, 삼익아트빌)",경기도 시흥시 거모동 1757-7번지,,031-508-0555,,,,,313115068008_1.jpeg,20221104,37.3444775477,126.7852843459
동물미용업,루비펫살롱,시흥시,장현동,"경기도 시흥시 시청로68번길 30, 1층 (장현동, 이즈라이프)",경기도 시흥시 장현동 548-3,1층,***-****-****,09:00~19:00,09:00~19:00,09:00~19:00,연중무휴,313115070023_1.jpeg,20221109,37.3820403906,126.8023569656
동물미용업,보드레도그,시흥시,조남동,"경기도 시흥시 목감둘레로 258, 메트로타워1 (조남동)",경기도 시흥시 조남동 711-2,1층,031-411-3123,"10:00~19:00,수요일10:00~17:00",10:00~17:00,휴무,일요일,313115056060_1.jpeg,20221101,37.3809982663,126.862028829
동물미용업,개ST하우스,시흥시,신천동,"경기도 시흥시 신천3길 23-1, 2층 (신천동)",경기도 시흥시 신천동 761-1번지,2층,031-315-6235,11:00~20:00,11:00~20:00,11:00~20:00,"화요일,수요일",313115052039_1.jpeg,20221107,37.4387769793,126.7835745759
동물위탁관리업,큐티펫,시흥시,능곡동,"경기도 시흥시 장현능곡로 184, 능곡프라자 (능곡동)",경기도 시흥시 능곡동 733,1층,031-318-4789,09:30~19:30,09:30~19:30,09:30~19:30,목요일,323115067059_1.jpeg,20221104,37.3693978929,126.8106732268
동물미용업,쁘띠숑,시흥시,정왕동,"경기도 시흥시 오이도로 247, 3층 (정왕동)",경기도 시흥시 정왕동 2042-17번지,3층,***-****-****,10:00~22:00,10:00~22:00,10:00~22:00,수요일,313115062064_1.jpeg,20221122,37.3407658824,126.6891347679
동물미용업,큐티펫,시흥시,능곡동,"경기도 시흥시 장현능곡로 184, 능곡프라자 (능곡동)",경기도 시흥시 능곡동 733,1층,031-318-4789,09:30~19:30,09:30~19:30,09:30~19:30,목요일,313115067024_1.jpeg,20221104,37.3693978929,126.8106732268
