id,place_name,category_name,category_group_code,category_group_name,address_name,road_address_name,phone,x,y,place_url,검색카테고리,검색기준지점,음식점_분류
2118380909,떡또아즉석떡볶이,음식점 > 분식 > 떡볶이,FD6,음식점,경기 시흥시 대야동 469-4,경기 시흥시 대야로 18,,126.789396538234,37.4448640404239,http://place.map.kakao.com/2118380909,음식점,대야·신천,분식
306322346,떡또아떡카페,"음식점 > 간식 > 떡,한과",FD6,음식점,경기 시흥시 대야동 469-4,경기 시흥시 대야로 18,,126.789396538234,37.4448640404239,http://place.map.kakao.com/306322346,음식점,대야·신천,간식
1140674344,블럭제빵소 시흥대야점,"음식점 > 간식 > 제과,베이커리 > 블럭제빵소",FD6,음식점,경기 시흥시 대야동 469-6,경기 시흥시 복지로 55,031-404-3004,126.789461326217,37.4443271521134,http://place.map.kakao.com/1140674344,음식점,대야·신천,간식
1753756974,돈짱,음식점 > 한식,FD6,음식점,경기 시흥시 대야동 471-12,경기 시흥시 복지로63번길 9,031-316-3027,126.78897163271600,37.44526693632920,http://place.map.kakao.com/1753756974,음식점,대야·신천,한식
1555212959,우정포차,음식점 > 술집 > 실내포장마차,FD6,음식점,경기 시흥시 대야동 455-3,경기 시흥시 복지로71번길 4,010-9648-3780,126.790166443257,37.4459592394268,http://place.map.kakao.com/1555212959,음식점,대야·신천,술집
26318537,고봉민김밥인 시흥대야점,음식점 > 분식 > 고봉민김밥인,FD6,음식점,경기 시흥시 대야동 532-1,경기 시흥시 비둘기공원로 10,031-314-1325,126.79071543272200,37.44401312382000,http://place.map.kakao.com/26318537,음식점,대야·신천,분식
944750525,문화골순대국,음식점 > 한식,FD6,음식점,경기 시흥시 대야동 488-8,경기 시흥시 대야로 7,,126.788796912498,37.4443061444338,http://place.map.kakao.com/944750525,음식점,대야·신천,한식
8571297,태호장,음식점 > 중식 > 중국요리,FD6,음식점,경기 시흥시 대야동 488-7,경기 시흥시 복지로53번길 7,031-314-5311,126.788665497281,37.4444230412232,http://place.map.kakao.com/8571297,음식점,대야·신천,중식
1268516370,알쭈 시흥점,"음식점 > 한식 > 해물,생선",FD6,음식점,경기 시흥시 대야동 488-8,경기 시흥시 대야로 7,,126.78880163530300,37.44423407183040,http://place.map.kakao.com/1268516370,음식점,대야·신천,한식
9047869,복음각,음식점 > 중식 > 중국요리,FD6,음식점,경기 시흥시 대야동 470-4,경기 시흥시 복지로53번길 14,031-314-0755,126.788266734028,37.4447719205789,http://place.map.kakao.com/9047869,음식점,대야·신천,중식
869656032,스시락 시흥대야점,"음식점 > 일식 > 초밥,롤",FD6,음식점,경기 시흥시 대야동 472-25,경기 시흥시 복지로63번길 16,031-315-0425,126.788399767836,37.4456857858847,http://place.map.kakao.com/869656032,음식점,대야·신천,일식
816546800,고향옛잔치국수&김밥,음식점 > 한식 > 국수,FD6,음식점,경기 시흥시 대야동 471,경기 시흥시 복지로63번길 15,,126.78829630403,37.4455072000679,http://place.map.kakao.com/816546800,음식점,대야·신천,한식
1327139166,소문난죽집,음식점 > 한식,FD6,음식점,경기 시흥시 대야동 488-1,경기 시흥시 복지로53번길 11,,126.78825711197400,37.44457728454130,http://place.map.kakao.com/1327139166,음식점,대야·신천,한식
27357310,삼대족발 대야점,"음식점 > 한식 > 육류,고기 > 족발,보쌈",FD6,음식점,경기 시흥시 대야동 532-3,경기 시흥시 비둘기공원5길 6,031-311-7255,126.79050415483100,37.443592877396400,http://place.map.kakao.com/27357310,음식점,대야·신천,한식
549530203,펀비어킹 시흥대야점,"음식점 > 술집 > 호프,요리주점 > 펀비어킹",FD6,음식점,경기 시흥시 대야동 532-3,경기 시흥시 비둘기공원5길 6,031-312-7255,126.79057078947,37.4436065106832,http://place.map.kakao.com/549530203,음식점,대야·신천,술집
123738216,굽네치킨 시흥대야점,음식점 > 치킨 > 굽네치킨,FD6,음식점,경기 시흥시 대야동 470,경기 시흥시 대골안길 51,031-313-9294,126.78805559801500,37.4451067189625,http://place.map.kakao.com/123738216,음식점,대야·신천,치킨
20100046,탐나짬뽕,음식점 > 중식 > 중국요리,FD6,음식점,경기 시흥시 대야동 467-23,경기 시흥시 대골안길 39,031-313-4678,126.788674232835,37.4461385853598,http://place.map.kakao.com/20100046,음식점,대야·신천,중식
1550064197,탐나는피자 시흥대야점,음식점 > 양식 > 피자 > 탐나는피자,FD6,음식점,경기 시흥시 대야동 489-3,경기 시흥시 대야로3번길 1,,126.78855406924400,37.44386241181630,http://place.map.kakao.com/1550064197,음식점,대야·신천,양식
905676277,쭌이네김밥,음식점 > 분식,FD6,음식점,경기 시흥시 대야동 489-3,경기 시흥시 대야로3번길 1,031-365-5658,126.78854500607900,37.44387050471990,http://place.map.kakao.com/905676277,음식점,대야·신천,분식
1473812992,테루테루,"음식점 > 일식 > 초밥,롤",FD6,음식점,경기 시흥시 대야동 489-3,경기 시흥시 대야로3번길 1,070-4006-0303,126.78855634961500,37.44385520778310,http://place.map.kakao.com/1473812992,음식점,대야·신천,일식
655873358,한잔해,음식점 > 술집 > 실내포장마차,FD6,음식점,경기 시흥시 대야동 490-5,경기 시흥시 대야로 4,,126.7887182953840,37.44373115757780,http://place.map.kakao.com/655873358,음식점,대야·신천,술집
2127759971,소소한행복포차,음식점 > 술집 > 실내포장마차,FD6,음식점,경기 시흥시 대야동 473-3,경기 시흥시 대골안길 42,,126.788330087258,37.4459505588664,http://place.map.kakao.com/2127759971,음식점,대야·신천,술집
685935032,남바완돈카츠 대야점,"음식점 > 일식 > 돈까스,우동",FD6,음식점,경기 시흥시 대야동 473-3,경기 시흥시 대골안길 42,031-507-0808,126.788330087256,37.4459505588742,http://place.map.kakao.com/685935032,음식점,대야·신천,일식
1736439883,야키야,음식점 > 술집 > 일본식주점,FD6,음식점,경기 시흥시 대야동 531-2,경기 시흥시 비둘기공원5길 12,,126.790337545106,37.4433646256419,http://place.map.kakao.com/1736439883,음식점,대야·신천,술집
12966839,호식이두마리치킨 대야신천점,음식점 > 치킨 > 호식이두마리치킨,FD6,음식점,경기 시흥시 대야동 489-2,경기 시흥시 대야로3번길 5,031-311-9908,126.78829940339200,37.44400611804290,http://place.map.kakao.com/12966839,음식점,대야·신천,치킨
802418770,노랑통닭 대야점,음식점 > 치킨 > 노랑통닭,FD6,음식점,경기 시흥시 대야동 531-2,경기 시흥시 비둘기공원5길 12,031-314-7966,126.79049468538400,37.44334147794210,http://place.map.kakao.com/802418770,음식점,대야·신천,치킨
1216466682,오므파탈 시흥점,음식점 > 양식,FD6,음식점,경기 시흥시 대야동 466-8,경기 시흥시 대골안길 38-1,031-315-6373,126.78853824824700,37.44627169202610,http://place.map.kakao.com/1216466682,음식점,대야·신천,양식
807635354,굴사냥포차,음식점 > 술집 > 실내포장마차,FD6,음식점,경기 시흥시 대야동 490-4,경기 시흥시 복지로43번길 4-1,031-313-0153,126.788647381577,37.4436319193567,http://place.map.kakao.com/807635354,음식점,대야·신천,술집
1250408977,복누리,음식점 > 한식,FD6,음식점,경기 시흥시 대야동 489-19,경기 시흥시 대야로3번길 5-1,031-314-9230,126.788121770339,37.4440823858548,http://place.map.kakao.com/1250408977,음식점,대야·신천,한식
1493073835,사심육회,음식점,FD6,음식점,경기 시흥시 대야동 489-5,경기 시흥시 복지로43번길 6,,126.78846744656,37.4437235007931,http://place.map.kakao.com/1493073835,음식점,대야·신천,한식
781613170,대야동그집,음식점 > 한식,FD6,음식점,경기 시흥시 대야동 531,경기 시흥시 비둘기공원5길 12,,126.790337874449,37.4432465934964,http://place.map.kakao.com/781613170,음식점,대야·신천,한식
1631030317,천막집 시흥대야점,음식점 > 술집 > 실내포장마차 > 천막집,FD6,음식점,경기 시흥시 대야동 531-2,경기 시흥시 비둘기공원5길 12,070-4365-5757,126.790337874451,37.4432465934885,http://place.map.kakao.com/1631030317,음식점,대야·신천,술집
1465453954,미성식당,"음식점 > 한식 > 육류,고기",FD6,음식점,경기 시흥시 대야동 531-2,경기 시흥시 비둘기공원5길 12,031-315-3999,126.790336741901,37.4432474925006,http://place.map.kakao.com/1465453954,음식점,대야·신천,한식
1320602520,시키고미,음식점 > 일식,FD6,음식점,경기 시흥시 대야동 531-2,경기 시흥시 비둘기공원5길 12,,126.790337874451,37.4432465934885,http://place.map.kakao.com/1320602520,음식점,대야·신천,일식
611917493,이자카야하나미치,음식점 > 술집 > 일본식주점,FD6,음식점,경기 시흥시 대야동 531-2,경기 시흥시 비둘기공원5길 12,,126.79033787444900,37.44324659349640,http://place.map.kakao.com/611917493,음식점,대야·신천,술집
1526025764,오,음식점 > 술집 > 와인바,FD6,음식점,경기 시흥시 대야동 531-2,경기 시흥시 비둘기공원5길 12,010-5823-5850,126.790337874449,37.4432465934964,http://place.map.kakao.com/1526025764,음식점,대야·신천,술집
1360053348,수경이네삼학도,"음식점 > 한식 > 해물,생선 > 회",FD6,음식점,경기 시흥시 대야동 531-1,경기 시흥시 비둘기공원4길 9,031-318-4195,126.790044131094,37.4432226457242,http://place.map.kakao.com/1360053348,음식점,대야·신천,한식
1087277670,포차천국 시흥대야점,음식점 > 술집 > 실내포장마차 > 포차천국,FD6,음식점,경기 시흥시 대야동 531-2,경기 시흥시 비둘기공원5길 12,031-315-1090,126.790327741857,37.4432330603239,http://place.map.kakao.com/1087277670,음식점,대야·신천,술집
2082074102,꽃길만 걷자,"음식점 > 술집 > 호프,요리주점",FD6,음식점,경기 시흥시 대야동 531-2,경기 시흥시 비둘기공원5길 12,,126.790332261992,37.4432330683423,http://place.map.kakao.com/2082074102,음식점,대야·신천,술집
26027967,시루속풍경,"음식점 > 간식 > 떡,한과",FD6,음식점,경기 시흥시 대야동 488-26,경기 시흥시 대골안길 57,,126.787797088491,37.4446088959805,http://place.map.kakao.com/26027967,음식점,대야·신천,간식
26044183,소문난우동이네,"음식점 > 일식 > 돈까스,우동",FD6,음식점,경기 시흥시 대야동 531-2,경기 시흥시 비둘기공원5길 12,031-404-0288,126.790228389445,37.4432004475592,http://place.map.kakao.com/26044183,음식점,대야·신천,일식
12045500,돈주앙,"음식점 > 한식 > 육류,고기",FD6,음식점,경기 시흥시 대야동 531-2,경기 시흥시 비둘기공원5길 12,,126.7904205277620,37.44318907523810,http://place.map.kakao.com/12045500,음식점,대야·신천,한식
10465911,북경반점,음식점 > 중식 > 중국요리,FD6,음식점,경기 시흥시 대야동 489-18,경기 시흥시 대야로3번길 7,031-311-0412,126.787974861776,37.4440830234227,http://place.map.kakao.com/10465911,음식점,대야·신천,중식
15929920,옛날즉석우동짜장,음식점 > 중식 > 중국요리,FD6,음식점,경기 시흥시 대야동 531-2,경기 시흥시 비둘기공원5길 12,031-404-0288,126.79024776349500,37.443141916075200,http://place.map.kakao.com/15929920,음식점,대야·신천,중식
1578090481,한솥밥,음식점 > 한식,FD6,음식점,경기 시흥시 대야동 488-27,경기 시흥시 대야로3번길 10-1,010-5375-0175,126.787744561358,37.4444015686763,http://place.map.kakao.com/1578090481,음식점,대야·신천,한식
1998048077,베이커스서비,"음식점 > 간식 > 제과,베이커리",FD6,음식점,경기 시흥시 은행동 642-5,경기 시흥시 은계로142번길 7-2,010-8835-3769,126.80549637447400,37.43489398088510,http://place.map.kakao.com/1998048077,음식점,은행·은계,간식
1377655776,카츠오모이 은계점,"음식점 > 일식 > 돈까스,우동",FD6,음식점,경기 시흥시 은행동 643-1,경기 시흥시 은계로142번길 7-7,010-8357-8429,126.805223912044,37.4353890903027,http://place.map.kakao.com/1377655776,음식점,은행·은계,일식
1373366683,오토김밥 시흥은계점,음식점 > 분식,FD6,음식점,경기 시흥시 은행동 638-5,경기 시흥시 은계로142번길 3-7,031-313-4944,126.804753826875,37.4354036319989,http://place.map.kakao.com/1373366683,음식점,은행·은계,분식
200924844,순대명가,음식점 > 한식 > 순대,FD6,음식점,경기 시흥시 은행동 642-7,경기 시흥시 은계로142번길 7-6,,126.805519249305,37.4352237898896,http://place.map.kakao.com/200924844,음식점,은행·은계,한식
1460807538,신사우 물갈비 시흥은계점,"음식점 > 한식 > 육류,고기 > 갈비",FD6,음식점,경기 시흥시 은행동 642-1,경기 시흥시 은계로142번길 19,0502-5550-2131,126.8056747278920,37.43539794142430,http://place.map.kakao.com/1460807538,음식점,은행·은계,한식
461426946,간장게장백반,"음식점 > 한식 > 해물,생선 > 게,대게",FD6,음식점,경기 시흥시 은행동 640-5,경기 시흥시 은계로142번길 21,031-318-0881,126.805676393707,37.4356277028902,http://place.map.kakao.com/461426946,음식점,은행·은계,한식
124035165,우마카 은계점,음식점 > 한식,FD6,음식점,경기 시흥시 은행동 638-2,경기 시흥시 은계로142번길 3-11,,126.804782142259,37.4358127393983,http://place.map.kakao.com/124035165,음식점,은행·은계,한식
2023693912,스시초이스 은계점,"음식점 > 일식 > 초밥,롤",FD6,음식점,경기 시흥시 은행동 639-3,경기 시흥시 은계로142번길 7-11,,126.80523392707300,37.43588466483070,http://place.map.kakao.com/2023693912,음식점,은행·은계,일식
238730666,던킨 시흥은계점,음식점 > 간식 > 도넛 > 던킨,FD6,음식점,경기 시흥시 은행동 638-1,경기 시흥시 은계로142번길 3-15,070-8865-1111,126.804783927041,37.4359956482985,http://place.map.kakao.com/238730666,음식점,은행·은계,간식
1780911012,판코 은계점,음식점 > 일식 > 일본식라면,FD6,음식점,경기 시흥시 은행동 640-9,경기 시흥시 은계로142번길 7-16,010-9444-6869,126.80552507218800,37.43603020754270,http://place.map.kakao.com/1780911012,음식점,은행·은계,일식
599864800,키친박스 시흥은계점,음식점 > 양식 > 이탈리안 > 더제이케이키친박스,FD6,음식점,경기 시흥시 은행동 639,경기 시흥시 은계로142번길 3-18,031-318-0751,126.805077221738,37.4361835433424,http://place.map.kakao.com/599864800,음식점,은행·은계,양식
1160970575,전라도밥상,음식점 > 한식,FD6,음식점,경기 시흥시 은행동 638,경기 시흥시 은계로142번길 3-17,031-315-0201,126.804801509771,37.4361866924052,http://place.map.kakao.com/1160970575,음식점,은행·은계,한식
903969060,양도둑 은계점,"음식점 > 한식 > 육류,고기",FD6,음식점,경기 시흥시 은행동 644,경기 시흥시 은계남로 12,031-318-9289,126.80403925657000,37.43601333739760,http://place.map.kakao.com/903969060,음식점,은행·은계,한식
429994309,동대문엽기떡볶이 시흥은계점,음식점 > 분식 > 떡볶이 > 동대문엽기떡볶이,FD6,음식점,경기 시흥시 은행동 644,경기 시흥시 은계남로 12,031-313-8592,126.80412381787300,37.43608375668840,http://place.map.kakao.com/429994309,음식점,은행·은계,분식
164827335,한신우동 은계점,"음식점 > 일식 > 돈까스,우동",FD6,음식점,경기 시흥시 은행동 644,경기 시흥시 은계남로 12,031-312-6362,126.803843344324,37.4361797001352,http://place.map.kakao.com/164827335,음식점,은행·은계,일식
1124107450,907육식당 은계점,"음식점 > 한식 > 육류,고기",FD6,음식점,경기 시흥시 은행동 644,경기 시흥시 은계남로 12,031-311-9079,126.8037134848940,37.43614794905510,http://place.map.kakao.com/1124107450,음식점,은행·은계,한식
904113354,역전할머니맥주 시흥은계점,"음식점 > 술집 > 호프,요리주점 > 역전할머니맥주",FD6,음식점,경기 시흥시 은행동 644,경기 시흥시 은계남로 12,031-313-3515,126.80373031617200,37.43619302772830,http://place.map.kakao.com/904113354,음식점,은행·은계,술집
1622043232,보드레족발 은계점,"음식점 > 한식 > 육류,고기 > 족발,보쌈",FD6,음식점,경기 시흥시 은행동 644,경기 시흥시 은계남로 12,031-314-9888,126.8036287214530,37.43615501638270,http://place.map.kakao.com/1622043232,음식점,은행·은계,한식
172447394,노군꼬치 시흥은계점,음식점 > 술집 > 일본식주점 > 노군꼬치,FD6,음식점,경기 시흥시 은행동 646-12,경기 시흥시 은계번영길 27,0507-1414-0017,126.80407768834600,37.43644138298560,http://place.map.kakao.com/172447394,음식점,은행·은계,술집
1764353959,품격있는 곱창구이,"음식점 > 한식 > 육류,고기 > 곱창,막창",FD6,음식점,경기 시흥시 은행동 644,경기 시흥시 은계남로 12,031-503-2227,126.803600374363,37.43619281188630,http://place.map.kakao.com/1764353959,음식점,은행·은계,한식
136060869,천사곱창 시흥은계점,"음식점 > 한식 > 육류,고기 > 곱창,막창",FD6,음식점,경기 시흥시 은행동 644,경기 시흥시 은계남로 12,070-8851-1004,126.80354397212900,37.43615667757800,http://place.map.kakao.com/136060869,음식점,은행·은계,한식
715748887,금별맥주 시흥은계점,"음식점 > 술집 > 호프,요리주점 > 금별맥주",FD6,음식점,경기 시흥시 은행동 644,경기 시흥시 은계남로 12,031-315-1568,126.80350442464000,37.43615661185030,http://place.map.kakao.com/715748887,음식점,은행·은계,술집
1311144819,꼬꼬닭발,"음식점 > 한식 > 육류,고기 > 닭요리",FD6,음식점,경기 시흥시 은행동 646-12,경기 시흥시 은계번영길 27,031-314-9998,126.804000707253,37.4364971182666,http://place.map.kakao.com/1311144819,음식점,은행·은계,한식
1337924702,참다랑어막주는집 은계참치정육점,음식점 > 일식 > 참치회,FD6,음식점,경기 시흥시 은행동 644,경기 시흥시 은계남로 12,031-435-6262,126.803383581246,37.43613388554030,http://place.map.kakao.com/1337924702,음식점,은행·은계,일식
78882406,육회한잔 은계점,"음식점 > 한식 > 육류,고기",FD6,음식점,경기 시흥시 은행동 646-12,경기 시흥시 은계번영길 27,010-2869-2930,126.80395542061200,37.436531281705500,http://place.map.kakao.com/78882406,음식점,은행·은계,한식
101146618,향산리 김장하는고깃집 시흥은계점,"음식점 > 한식 > 육류,고기",FD6,음식점,경기 시흥시 은행동 646-12,경기 시흥시 은계번영길 27,070-7537-1172,126.80416989676500,37.43661272853080,http://place.map.kakao.com/101146618,음식점,은행·은계,한식
1507837264,다락,"음식점 > 일식 > 초밥,롤",FD6,음식점,경기 시흥시 은행동 646-12,경기 시흥시 은계번영길 27,070-4047-5545,126.803959930945,37.4365348932519,http://place.map.kakao.com/1507837264,음식점,은행·은계,일식
1714537291,철길부산집 은계점,음식점 > 술집 > 실내포장마차 > 철길부산집,FD6,음식점,경기 시흥시 은행동 646-12,경기 시흥시 은계번영길 27,,126.803959930947,37.4365348932438,http://place.map.kakao.com/1714537291,음식점,은행·은계,술집
1234393233,이자카야 우규 시흥은계점,음식점 > 술집 > 일본식주점,FD6,음식점,경기 시흥시 은행동 646-12,경기 시흥시 은계번영길 27,010-9595-7500,126.803959930947,37.4365348932438,http://place.map.kakao.com/1234393233,음식점,은행·은계,술집
1819468555,족발신선생 은계점,"음식점 > 한식 > 육류,고기 > 족발,보쌈 > 족발신선생",FD6,음식점,경기 시흥시 은행동 646-12,경기 시흥시 은계번영길 27,031-317-6006,126.803959930945,37.4365348932519,http://place.map.kakao.com/1819468555,음식점,은행·은계,한식
1105219779,그린휠드,음식점 > 술집,FD6,음식점,경기 시흥시 은행동 646-12,경기 시흥시 은계번영길 27,,126.80395993094500,37.43653489325190,http://place.map.kakao.com/1105219779,음식점,은행·은계,술집
1646652327,울동네꾸이집,"음식점 > 한식 > 육류,고기 > 닭요리",FD6,음식점,경기 시흥시 은행동 646-12,경기 시흥시 은계번영길 27,031-365-4226,126.803959930945,37.4365348932519,http://place.map.kakao.com/1646652327,음식점,은행·은계,한식
1511012628,고기터,"음식점 > 한식 > 육류,고기",FD6,음식점,경기 시흥시 은행동 646-12,경기 시흥시 은계번영길 27,010-7210-1247,126.80416987798400,37.43661993661510,http://place.map.kakao.com/1511012628,음식점,은행·은계,한식
599767407,양계장집아들 시흥은계점,음식점 > 치킨,FD6,음식점,경기 시흥시 은행동 646-12,경기 시흥시 은계번영길 27,031-311-4631,126.803955373606,37.4365493019243,http://place.map.kakao.com/599767407,음식점,은행·은계,치킨
1824747076,마케집 시흥점,"음식점 > 한식 > 해물,생선 > 회 > 마케집",FD6,음식점,경기 시흥시 은행동 646-12,경기 시흥시 은계번영길 27,,126.80378834329000,37.436472438549800,http://place.map.kakao.com/1824747076,음식점,은행·은계,한식
2012488843,통큰대포삼겹 시흥은계점,"음식점 > 한식 > 육류,고기 > 삼겹살",FD6,음식점,경기 시흥시 은행동 644,경기 시흥시 은계남로 12,031-503-9797,126.80332585354200,37.43617253312560,http://place.map.kakao.com/2012488843,음식점,은행·은계,한식
31687572,콩심 콩나물해장국,음식점 > 한식 > 해장국,FD6,음식점,경기 시흥시 은행동 644,경기 시흥시 은계남로 12,,126.803244482184,37.436178704799,http://place.map.kakao.com/31687572,음식점,은행·은계,한식
498371019,콩심 시흥은계점,음식점 > 한식 > 국밥,FD6,음식점,경기 시흥시 은행동 644,경기 시흥시 은계남로 12,,126.80318359817000,37.43612814663480,http://place.map.kakao.com/498371019,음식점,은행·은계,한식
561112790,정직유부초밥 시흥은계점,"음식점 > 일식 > 초밥,롤 > 정직유부",FD6,음식점,경기 시흥시 은행동 644,경기 시흥시 은계남로 12,031-8042-7332,126.80310898517200,37.43614243860650,http://place.map.kakao.com/561112790,음식점,은행·은계,일식
546731766,라무진 시흥은계점,"음식점 > 한식 > 육류,고기",FD6,음식점,경기 시흥시 은행동 646-11,경기 시흥시 은계번영길 25,0503-7153-5155,126.80416493095800,37.43678391305050,http://place.map.kakao.com/546731766,음식점,은행·은계,한식
304131150,전주집포장마차,음식점 > 술집 > 실내포장마차,FD6,음식점,경기 시흥시 은행동 645-5,경기 시흥시 은계번영길 28,031-311-0789,126.80349002213800,37.436479151077,http://place.map.kakao.com/304131150,음식점,은행·은계,술집
610216715,이삭토스트 경기시흥은계점,음식점 > 간식 > 토스트 > 이삭토스트,FD6,음식점,경기 시흥시 은행동 645-5,경기 시흥시 은계번영길 28,031-313-2624,126.80337485617900,37.43644562203210,http://place.map.kakao.com/610216715,음식점,은행·은계,간식
1028023354,케이엠지엠 시흥은계점,음식점 > 술집,FD6,음식점,경기 시흥시 은행동 646-11,경기 시흥시 은계번영길 25,010-2178-2694,126.803985303764,37.4367710011082,http://place.map.kakao.com/1028023354,음식점,은행·은계,술집
375575531,등촌샤브칼국수 은계점,음식점 > 샤브샤브 > 등촌샤브칼국수,FD6,음식점,경기 시흥시 은행동 646,경기 시흥시 은계번영길 25,,126.803972860351,37.436776386559,http://place.map.kakao.com/375575531,음식점,은행·은계,한식
276463442,롱타임노씨 은계점,음식점 > 양식 > 피자,FD6,음식점,경기 시흥시 은행동 646-11,경기 시흥시 은계번영길 25,031-313-0105,126.803967198913,37.4367808822419,http://place.map.kakao.com/276463442,음식점,은행·은계,양식
1614688213,던킨 시흥휴게소점,음식점 > 간식 > 도넛 > 던킨,FD6,음식점,경기 시흥시 조남동 산 15-1,경기 시흥시 수도권제1순환고속도로 105,070-4120-0116,126.8558328046580,37.38427295000700,http://place.map.kakao.com/1614688213,음식점,목감,간식
34645770,맘스터치 시흥하늘휴게소 일산방향점,음식점 > 패스트푸드 > 맘스터치,FD6,음식점,경기 시흥시 조남동 산 15-1,경기 시흥시 수도권제1순환고속도로 105,070-4458-7222,126.8558588458740,37.38423603981360,http://place.map.kakao.com/34645770,음식점,목감,패스트푸드
2056721126,궁중갈비탕 시흥하늘휴게소점,"음식점 > 한식 > 육류,고기 > 갈비",FD6,음식점,경기 시흥시 조남동 193,경기 시흥시 수도권제1순환고속도로 105,,126.855816043347,37.3841810252291,http://place.map.kakao.com/2056721126,음식점,목감,한식
932948076,짬뽕관 시흥하늘휴게소점,음식점 > 중식 > 중국요리 > 짬뽕관,FD6,음식점,경기 시흥시 조남동 산 15-1,경기 시흥시 수도권제1순환고속도로 105,,126.855573799524,37.3839077196306,http://place.map.kakao.com/932948076,음식점,목감,중식
523214677,오자와,"음식점 > 일식 > 돈까스,우동",FD6,음식점,경기 시흥시 조남동 193,경기 시흥시 수도권제1순환고속도로 105,,126.855745369427,37.3839394648544,http://place.map.kakao.com/523214677,음식점,목감,일식
1670684746,팔당냉면 시흥하늘휴게소점,음식점 > 한식 > 냉면,FD6,음식점,경기 시흥시 조남동 193,경기 시흥시 수도권제1순환고속도로 105,,126.855468963537,37.3838165882268,http://place.map.kakao.com/1670684746,음식점,목감,한식
1630562605,아비꼬 시흥하늘휴게소점,음식점 > 퓨전요리 > 아비꼬,FD6,음식점,경기 시흥시 조남동 산 15-1,경기 시흥시 수도권제1순환고속도로 105,,126.855480253263,37.3838175030383,http://place.map.kakao.com/1630562605,음식점,목감,아시아·퓨전
93677422,던킨 시흥하늘휴게소 판교방향점,음식점 > 간식 > 도넛 > 던킨,FD6,음식점,경기 시흥시 조남동 193,경기 시흥시 수도권제1순환고속도로 105,070-4230-9501,126.85550286037600,37.38380491634810,http://place.map.kakao.com/93677422,음식점,목감,간식
1159958165,롯데리아 시흥휴게소점,음식점 > 패스트푸드 > 롯데리아,FD6,음식점,경기 시흥시 조남동 산 15-1,경기 시흥시 수도권제1순환고속도로 105,070-4230-7592,126.855175995693,37.383499069669900,http://place.map.kakao.com/1159958165,음식점,목감,패스트푸드
844803215,혼밥대왕 시흥목감점,음식점 > 한식 > 혼밥대왕,FD6,음식점,경기 시흥시 조남동 175-8,경기 시흥시 동서로1051번길 11-1,031-500-8812,126.85779040643100,37.38266609283590,http://place.map.kakao.com/844803215,음식점,목감,한식
1091099881,흰고래연어육회 시흥목감점,"음식점 > 한식 > 해물,생선",FD6,음식점,경기 시흥시 조남동 175-8,경기 시흥시 동서로1051번길 11-1,,126.85785358149100,37.38269590254760,http://place.map.kakao.com/1091099881,음식점,목감,한식
538177259,제비파스타&리조또 목감점,음식점 > 양식 > 이탈리안 > 제비파스타,FD6,음식점,경기 시흥시 조남동 171-18,경기 시흥시 목감초등길 14-22,031-365-5241,126.85912262015700,37.385166224484800,http://place.map.kakao.com/538177259,음식점,목감,양식
1560964985,백가네명태이야기,"음식점 > 한식 > 해물,생선",FD6,음식점,경기 시흥시 조남동 171-18,경기 시흥시 목감초등길 14-22,031-411-0332,126.859297455664,37.3852655451633,http://place.map.kakao.com/1560964985,음식점,목감,한식
15417293,동해칼국수,음식점 > 한식 > 국수 > 칼국수,FD6,음식점,경기 시흥시 조남동 169,경기 시흥시 목감초등길 4,031-403-4325,126.859488008916,37.3842034655837,http://place.map.kakao.com/15417293,음식점,목감,한식
9283539,오동동아구낙지찜,"음식점 > 한식 > 해물,생선 > 아구",FD6,음식점,경기 시흥시 조남동 169-7,경기 시흥시 동서로 1057,031-405-8321,126.859317987148,37.3833418853003,http://place.map.kakao.com/9283539,음식점,목감,한식
94196302,꼬마김밥&닭강정,음식점 > 분식,FD6,음식점,경기 시흥시 조남동 171-15,경기 시흥시 동서로 1071,,126.859826138797,37.3845345423152,http://place.map.kakao.com/94196302,음식점,목감,분식
1695313183,개성진찹쌀순대 목감점,음식점 > 한식 > 순대,FD6,음식점,경기 시흥시 조남동 171-14,경기 시흥시 동서로 1073,031-402-0665,126.859854950183,37.38482830997990,http://place.map.kakao.com/1695313183,음식점,목감,한식
107432734,꼬닭꼬닭,음식점 > 분식,FD6,음식점,경기 시흥시 조남동 171-15,경기 시흥시 동서로 1071,010-7119-9745,126.859832855034,37.3845660860827,http://place.map.kakao.com/107432734,음식점,목감,분식
26436742,피자마루 목감점,음식점 > 양식 > 피자 > 피자마루,FD6,음식점,경기 시흥시 조남동 171-17,경기 시흥시 동서로 1081,031-487-1082,126.85991477329,37.385447383636,http://place.map.kakao.com/26436742,음식점,목감,양식
1037314152,순살만공격 시흥목감점,음식점 > 치킨 > 순살만공격,FD6,음식점,경기 시흥시 조남동 178-14,경기 시흥시 동서로 1042,031-411-5482,126.858478958252,37.3821812672204,http://place.map.kakao.com/1037314152,음식점,목감,치킨
856395345,자담치킨 목감점,음식점 > 치킨 > 자담치킨,FD6,음식점,경기 시흥시 조남동 178-14,경기 시흥시 동서로 1042,031-411-5482,126.858491366733,37.3821875892236,http://place.map.kakao.com/856395345,음식점,목감,치킨
769169578,별미찌개전문점,"음식점 > 한식 > 찌개,전골",FD6,음식점,경기 시흥시 조남동 168-2,경기 시흥시 동서로 1050,031-405-9938,126.859162024386,37.3828137000286,http://place.map.kakao.com/769169578,음식점,목감,한식
22646210,황궁쟁반짜장 목감점,음식점 > 중식 > 중국요리,FD6,음식점,경기 시흥시 조남동 168-12,경기 시흥시 동서로 1048-1,031-439-8872,126.859070837973,37.3826676256211,http://place.map.kakao.com/22646210,음식점,목감,중식
27494509,신전떡볶이 시흥목감점,음식점 > 분식 > 떡볶이 > 신전떡볶이,FD6,음식점,경기 시흥시 조남동 168-12,경기 시흥시 동서로 1048-1,031-480-4801,126.859070837973,37.3826676256211,http://place.map.kakao.com/27494509,음식점,목감,분식
893048534,시흥감자탕 목감점,음식점 > 한식 > 감자탕,FD6,음식점,경기 시흥시 조남동 169-1,경기 시흥시 동서로 1056-1,031-405-1210,126.859620710488,37.3832809754488,http://place.map.kakao.com/893048534,음식점,목감,한식
10872413,피자맥스 목감점,음식점 > 양식 > 피자,FD6,음식점,경기 시흥시 목감동 242-1,경기 시흥시 동서로 1080,031-403-8245,126.86016254512900,37.38518728124880,http://place.map.kakao.com/10872413,음식점,목감,양식
338265741,웰빙엄마손김밥 목감점,음식점,FD6,음식점,경기 시흥시 목감동 242-1,경기 시흥시 동서로 1080,,126.860213268957,37.385235095434,http://place.map.kakao.com/338265741,음식점,목감,분식
683266952,안동국밥,음식점 > 한식 > 국밥,FD6,음식점,경기 시흥시 목감동 242-1,경기 시흥시 동서로 1080,,126.8602155239460,37.385236900136600,http://place.map.kakao.com/683266952,음식점,목감,한식
1231528967,돼지엄마,"음식점 > 한식 > 육류,고기 > 불고기,두루치기",FD6,음식점,경기 시흥시 목감동 240-5,경기 시흥시 동서로 1086,031-405-1802,126.860234855525,37.385772130604,http://place.map.kakao.com/1231528967,음식점,목감,한식
561771477,가마치통닭 시흥목감점,음식점 > 치킨 > 가마치통닭,FD6,음식점,경기 시흥시 조남동 171-53,경기 시흥시 동서로 1091-4,031-410-7777,126.8600145493,37.386442230995,http://place.map.kakao.com/561771477,음식점,목감,치킨
23212070,데일리,"음식점 > 술집 > 호프,요리주점",FD6,음식점,경기 시흥시 조남동 171-53,경기 시흥시 동서로 1091-4,031-505-5551,126.860021317709,37.3864458431066,http://place.map.kakao.com/23212070,음식점,목감,술집
1593909335,우리밥집,음식점 > 한식,FD6,음식점,경기 시흥시 조남동 171-53,경기 시흥시 동서로 1091-4,031-405-0445,126.860048503562,37.3863999231214,http://place.map.kakao.com/1593909335,음식점,목감,한식
14586523,마라도수산,"음식점 > 한식 > 해물,생선 > 회",FD6,음식점,경기 시흥시 조남동 179-4,경기 시흥시 남왕길 7,031-480-1222,126.8590403304420,37.38207561690260,http://place.map.kakao.com/14586523,음식점,목감,한식
9464225,치코치킨 목감점,음식점 > 치킨,FD6,음식점,경기 시흥시 목감동 240-2,경기 시흥시 동서로 1090,031-487-3182,126.860333748282,37.3860281379306,http://place.map.kakao.com/9464225,음식점,목감,치킨
16159708,장터순대국,음식점 > 한식 > 순대,FD6,음식점,경기 시흥시 조남동 171-64,경기 시흥시 동서로 1093,031-484-1033,126.8602063769290,37.38651453974200,http://place.map.kakao.com/16159708,음식점,목감,한식
1880166187,오복왕만두찐빵,음식점 > 분식,FD6,음식점,경기 시흥시 조남동 산 6-10,경기 시흥시 동서로 1095,031-411-4612,126.86023441257100,37.38661909151900,http://place.map.kakao.com/1880166187,음식점,목감,분식
8119510,페리카나 목감점,음식점 > 치킨 > 페리카나,FD6,음식점,경기 시흥시 조남동 산 6-10,경기 시흥시 동서로 1095,031-405-3677,126.86024227005700,37.38664432944200,http://place.map.kakao.com/8119510,음식점,목감,치킨
630622409,산현농장,"음식점 > 한식 > 육류,고기 > 닭요리",FD6,음식점,경기 시흥시 산현동 1,경기 시흥시 동서로 902-96,031-413-9369,126.849484176839,37.3839677025911,http://place.map.kakao.com/630622409,음식점,목감,한식
1437965340,할매고깃집,"음식점 > 한식 > 육류,고기",FD6,음식점,경기 시흥시 조남동 180-10,경기 시흥시 남왕길 11,031-410-9252,126.8593510671710,37.381953447681300,http://place.map.kakao.com/1437965340,음식점,목감,한식
2118153262,돈카츠마켙 시흥목감점,"음식점 > 일식 > 돈까스,우동",FD6,음식점,경기 시흥시 논곡동 160-59,경기 시흥시 수인로2421번길 89,,126.85930562993700,37.38814252043270,http://place.map.kakao.com/2118153262,음식점,목감,일식
578728549,귀복,음식점 > 한식,FD6,음식점,경기 시흥시 조남동 203-16,경기 시흥시 동서로1007번길 1,,126.854942751404,37.3803145670775,http://place.map.kakao.com/578728549,음식점,목감,한식
135316040,귀복양고기마을,"음식점 > 한식 > 육류,고기",FD6,음식점,경기 시흥시 조남동 203-16,경기 시흥시 동서로1007번길 1,,126.854974383356,37.3803055956349,http://place.map.kakao.com/135316040,음식점,목감,한식
1402892822,모락로제떡볶이&닭강정 시흥목감점,음식점 > 분식 > 떡볶이 > 모락로제떡볶이&닭강정,FD6,음식점,경기 시흥시 논곡동 160-59,경기 시흥시 수인로2421번길 89,,126.85933941872000,37.38818941379790,http://place.map.kakao.com/1402892822,음식점,목감,분식
853674200,장어돌솥밥,음식점,FD6,음식점,경기 시흥시 목감동 243,경기 시흥시 조남길 15,,126.860445286535,37.3831170641029,http://place.map.kakao.com/853674200,음식점,목감,한식
48131819,하나비,"음식점 > 일식 > 돈까스,우동",FD6,음식점,경기 시흥시 능곡동 514,경기 시흥시 승지로69번길 5,031-317-3747,126.80991981915900,37.37012686975560,http://place.map.kakao.com/48131819,음식점,능곡,일식
24452289,동대문엽기떡볶이 시흥능곡점,음식점 > 분식 > 떡볶이 > 동대문엽기떡볶이,FD6,음식점,경기 시흥시 능곡동 516,경기 시흥시 승지로69번길 3,031-317-8592,126.8101965995510,37.37005162817280,http://place.map.kakao.com/24452289,음식점,능곡,분식
1963824162,한결베이커리,"음식점 > 간식 > 제과,베이커리",FD6,음식점,경기 시흥시 능곡동 719,경기 시흥시 장현능곡로 178,031-362-4423,126.809892766604,37.3696627985526,http://place.map.kakao.com/1963824162,음식점,능곡,간식
63475909,진짜배기꽈배기 본점,"음식점 > 간식 > 제과,베이커리",FD6,음식점,경기 시흥시 능곡동 719,경기 시흥시 장현능곡로 178,031-311-7014,126.809791105977,37.3696851607259,http://place.map.kakao.com/63475909,음식점,능곡,간식
205163409,채움김밥,음식점 > 분식,FD6,음식점,경기 시흥시 능곡동 512,경기 시흥시 승지로69번길 7,031-318-0904,126.809659904009,37.3702291685616,http://place.map.kakao.com/205163409,음식점,능곡,분식
18900395,BBQ 시흥능곡점,음식점 > 치킨 > BBQ,FD6,음식점,경기 시흥시 능곡동 719,경기 시흥시 장현능곡로 178,031-317-1515,126.8100113611240,37.36964046350310,http://place.map.kakao.com/18900395,음식점,능곡,치킨
13050242,도미노피자 시흥연성점,음식점 > 양식 > 피자 > 도미노피자,FD6,음식점,경기 시흥시 능곡동 512,경기 시흥시 승지로69번길 7,031-316-3082,126.809659849375,37.3702507930738,http://place.map.kakao.com/13050242,음식점,능곡,양식
834664281,냉면쟁이고기꾼 능곡점,음식점 > 한식 > 냉면 > 냉면쟁이고기꾼,FD6,음식점,경기 시흥시 능곡동 719,경기 시흥시 장현능곡로 178,031-317-7654,126.809914350408,37.3696096727926,http://place.map.kakao.com/834664281,음식점,능곡,한식
511984413,옛날착한통닭,음식점 > 치킨,FD6,음식점,경기 시흥시 능곡동 719,경기 시흥시 장현능곡로 178,031-318-8112,126.809937001741,37.3695808764027,http://place.map.kakao.com/511984413,음식점,능곡,치킨
662399494,미분당 시흥능곡점,음식점 > 아시아음식 > 동남아음식 > 베트남음식 > 미분당,FD6,음식점,경기 시흥시 능곡동 511,경기 시흥시 승지로69번길 9,010-6448-9904,126.80951426630600,37.37023073615600,http://place.map.kakao.com/662399494,음식점,능곡,아시아·퓨전
564682419,교촌치킨 능곡점,음식점 > 치킨 > 교촌치킨,FD6,음식점,경기 시흥시 능곡동 545,경기 시흥시 승지로 69,031-318-1991,126.81047602728800,37.37027012422280,http://place.map.kakao.com/564682419,음식점,능곡,치킨
1413148960,전라도제철밥상,음식점 > 한식,FD6,음식점,경기 시흥시 능곡동 523,경기 시흥시 승지로69번길 8-1,031-403-6773,126.809783436693,37.3704870603381,http://place.map.kakao.com/1413148960,음식점,능곡,한식
1366388776,KFC 시흥능곡점,음식점 > 패스트푸드 > KFC,FD6,음식점,경기 시흥시 능곡동 720,경기 시흥시 승지로59번길 6,031-362-5177,126.809413956424,37.36971879254,http://place.map.kakao.com/1366388776,음식점,능곡,패스트푸드
398420345,신전떡볶이 시흥능곡점,음식점 > 분식 > 떡볶이 > 신전떡볶이,FD6,음식점,경기 시흥시 능곡동 544,경기 시흥시 승지로 71,,126.810539896497,37.3704612437701,http://place.map.kakao.com/398420345,음식점,능곡,분식
17790891,모박사부대찌개 능곡점,"음식점 > 한식 > 찌개,전골 > 모박사부대찌개",FD6,음식점,경기 시흥시 능곡동 509,경기 시흥시 승지로69번길 9-2,031-432-4904,126.809361307777,37.3704485376698,http://place.map.kakao.com/17790891,음식점,능곡,한식
1770689647,바른시루,"음식점 > 간식 > 떡,한과",FD6,음식점,경기 시흥시 능곡동 525,경기 시흥시 승지로69번길 14,031-318-0711,126.80964188626400,37.37065802727480,http://place.map.kakao.com/1770689647,음식점,능곡,간식
1392649655,고래맥주창고 시흥능곡역점,"가정,생활 > 식품판매 > 주류판매 > 고래맥주창고",FD6,음식점,경기 시흥시 능곡동 727,경기 시흥시 승지로59번길 3,,126.80961477227700,37.36932536815440,http://place.map.kakao.com/1392649655,음식점,능곡,술집
893047577,크라운호프 시흥능곡점,"음식점 > 술집 > 호프,요리주점 > 크라운호프",FD6,음식점,경기 시흥시 능곡동 727,경기 시흥시 승지로59번길 3,031-313-9369,126.809680370591,37.3692777194142,http://place.map.kakao.com/893047577,음식점,능곡,술집
723200497,선비꼬마김밥 시흥능곡점,음식점 > 분식 > 선비꼬마김밥,FD6,음식점,경기 시흥시 능곡동 728,경기 시흥시 승지로59번길 1,031-313-2333,126.81004972211700,37.36920172604780,http://place.map.kakao.com/723200497,음식점,능곡,분식
25623310,미스터피자 시흥연성점,음식점 > 양식 > 피자 > 미스터피자,FD6,음식점,경기 시흥시 능곡동 728,경기 시흥시 승지로59번길 1,031-317-1770,126.81002037691400,37.36919897585090,http://place.map.kakao.com/25623310,음식점,능곡,양식
634937384,파파존스 시흥장현점,음식점 > 양식 > 피자 > 파파존스,FD6,음식점,경기 시흥시 능곡동 508,경기 시흥시 승지로69번길 11,031-311-1577,126.809332680604,37.3706079728759,http://place.map.kakao.com/634937384,음식점,능곡,양식
1981692975,선식당,음식점 > 퓨전요리,FD6,음식점,경기 시흥시 능곡동 537,경기 시흥시 승지로69번길 8-6,031-315-4499,126.81010890182,37.3708047439815,http://place.map.kakao.com/1981692975,음식점,능곡,아시아·퓨전
932713203,정든닭발 능곡연성점,"음식점 > 한식 > 육류,고기 > 닭요리",FD6,음식점,경기 시흥시 능곡동 727,경기 시흥시 승지로59번길 3,031-315-0232,126.80964890183300,37.36922180523680,http://place.map.kakao.com/932713203,음식점,능곡,한식
17795283,본죽&비빔밥cafe 시흥능곡점,음식점 > 퓨전요리 > 퓨전한식 > 본죽&비빔밥cafe,FD6,음식점,경기 시흥시 능곡동 728,경기 시흥시 승지로59번길 1,031-317-3266,126.8100464557420,37.36915396649660,http://place.map.kakao.com/17795283,음식점,능곡,아시아·퓨전
242600627,물꼬기회나라,"음식점 > 한식 > 해물,생선 > 회",FD6,음식점,경기 시흥시 능곡동 728,경기 시흥시 승지로59번길 1,031-318-6288,126.80989403976600,37.369158226740700,http://place.map.kakao.com/242600627,음식점,능곡,한식
1760009338,플레르케이커리,"음식점 > 간식 > 제과,베이커리",FD6,음식점,경기 시흥시 능곡동 526,경기 시흥시 승지로69번길 16,010-3317-6615,126.809633510086,37.3708454269098,http://place.map.kakao.com/1760009338,음식점,능곡,간식
932697101,홍기와감자탕뼈해장국,음식점 > 한식 > 감자탕,FD6,음식점,경기 시흥시 능곡동 507,경기 시흥시 승지로69번길 13,031-317-7702,126.8093436166240,37.3707476493121,http://place.map.kakao.com/932697101,음식점,능곡,한식
15776399,능곡식당,음식점 > 한식,FD6,음식점,경기 시흥시 능곡동 507,경기 시흥시 승지로69번길 13,031-488-8411,126.8093424397920,37.37076656893060,http://place.map.kakao.com/15776399,음식점,능곡,한식
19029209,도리 돈까스 능곡점,"음식점 > 일식 > 돈까스,우동",FD6,음식점,경기 시흥시 능곡동 541,경기 시흥시 승지로 77,,126.810556754242,37.3709406158466,http://place.map.kakao.com/19029209,음식점,능곡,일식
717920868,33떡볶이 시흥능곡점,음식점 > 분식 > 떡볶이 > 33떡볶이,FD6,음식점,경기 시흥시 능곡동 541,경기 시흥시 승지로 77,031-311-3356,126.81057030164,37.3709406375451,http://place.map.kakao.com/717920868,음식점,능곡,분식
891636353,이삭토스트 시흥능곡점,음식점 > 간식 > 토스트 > 이삭토스트,FD6,음식점,경기 시흥시 능곡동 734,경기 시흥시 장현능곡로 188,031-317-2402,126.810994357832,37.3693122633557,http://place.map.kakao.com/891636353,음식점,능곡,간식
1275601513,일등김밥 능곡점,음식점 > 분식,FD6,음식점,경기 시흥시 능곡동 734,경기 시흥시 장현능곡로 188,031-435-7561,126.810996606642,37.3693158710484,http://place.map.kakao.com/1275601513,음식점,능곡,분식
507918372,프랭크버거 시흥능곡점,음식점 > 양식 > 햄버거 > 프랭크버거,FD6,음식점,경기 시흥시 능곡동 734,경기 시흥시 장현능곡로 188,031-315-9863,126.810996613424,37.3693131679759,http://place.map.kakao.com/507918372,음식점,능곡,양식
820840080,땅스부대찌개 능곡동점,"음식점 > 한식 > 찌개,전골 > 땅스부대찌개",FD6,음식점,경기 시흥시 능곡동 741,경기 시흥시 승지로 58,031-435-8599,126.810665418048,37.369030617512,http://place.map.kakao.com/820840080,음식점,능곡,한식
1160252828,천미부마라탕 능곡점,음식점 > 중식 > 중국요리,FD6,음식점,경기 시흥시 능곡동 741,경기 시흥시 승지로 58,,126.810666549233,37.3690297182979,http://place.map.kakao.com/1160252828,음식점,능곡,중식
740416166,참치이야기,음식점 > 일식 > 참치회,FD6,음식점,경기 시흥시 능곡동 741,경기 시흥시 승지로 58,,126.810660920477,37.36902340211360,http://place.map.kakao.com/740416166,음식점,능곡,일식
1907709875,무모한초밥 시흥능곡역점,"음식점 > 일식 > 초밥,롤 > 무모한초밥",FD6,음식점,경기 시흥시 능곡동 741,경기 시흥시 승지로 58,031-404-7842,126.81066317605600,37.36902430674020,http://place.map.kakao.com/1907709875,음식점,능곡,일식
1744529179,은경이네 빨간코다리 갑오징어,"음식점 > 한식 > 해물,생선",FD6,음식점,경기 시흥시 능곡동 741,경기 시흥시 승지로 58,,126.810663176056,37.3690243067402,http://place.map.kakao.com/1744529179,음식점,능곡,한식
1914048620,와플대학 시흥능곡캠퍼스,"음식점 > 간식 > 제과,베이커리 > 와플대학",FD6,음식점,경기 시흥시 능곡동 734,경기 시흥시 장현능곡로 188,070-7543-5028,126.81101149286600,37.36923209952000,http://place.map.kakao.com/1914048620,음식점,능곡,간식
11784887,훌랄라참숯불치킨 시흥능곡점,음식점 > 치킨 > 훌랄라참숯치킨,FD6,음식점,경기 시흥시 능곡동 741,경기 시흥시 승지로 58,031-404-7792,126.810647418713,37.3690053600024,http://place.map.kakao.com/11784887,음식점,능곡,치킨
298869997,수피아분식,음식점 > 분식,FD6,음식점,경기 시흥시 능곡동 722,경기 시흥시 승지로59번길 12,010-2417-0286,126.80913213083400,37.36911194842180,http://place.map.kakao.com/298869997,음식점,능곡,분식
48595068,맘사랑 능곡점,음식점 > 한식,FD6,음식점,경기 시흥시 능곡동 519,경기 시흥시 승지로69번길 22,,126.80982812900600,37.37111875042460,http://place.map.kakao.com/48595068,음식점,능곡,한식
1928865370,마미묵은지찜,음식점 > 한식,FD6,음식점,경기 시흥시 능곡동 519,경기 시흥시 승지로69번길 22,031-316-1160,126.80983038463700,37.37111965507590,http://place.map.kakao.com/1928865370,음식점,능곡,한식
1998717828,던킨 시흥능곡점,음식점 > 간식 > 도넛 > 던킨,FD6,음식점,경기 시흥시 능곡동 722,경기 시흥시 승지로59번길 12,031-503-8885,126.80916054788300,37.369035407167800,http://place.map.kakao.com/1998717828,음식점,능곡,간식
1021897985,피자스쿨 시흥능곡점,음식점 > 양식 > 피자 > 피자스쿨,FD6,음식점,경기 시흥시 능곡동 745,경기 시흥시 승지로 54,031-404-5444,126.810268645868,37.3687885070447,http://place.map.kakao.com/1021897985,음식점,능곡,양식
294115892,우미돌곱창 장현장곡점,"음식점 > 한식 > 육류,고기 > 곱창,막창",FD6,음식점,경기 시흥시 장현동 671-5,경기 시흥시 시청로 25,0507-1371-4604,126.804340466087,37.3788667137621,http://place.map.kakao.com/294115892,음식점,장현,한식
2100644848,병아리김밥 시흥시청점,음식점 > 분식,FD6,음식점,경기 시흥시 장현동 671-4,경기 시흥시 시청로 33,031-362-5002,126.8036986269630,37.37906838037340,http://place.map.kakao.com/2100644848,음식점,장현,분식
1081545354,명가,음식점 > 한식,FD6,음식점,경기 시흥시 장현동 548-7,경기 시흥시 새재로 27,031-313-6874,126.80276602353500,37.381650061655200,http://place.map.kakao.com/1081545354,음식점,장현,한식
17988402,오 왕서방짬뽕,음식점 > 중식 > 중국요리,FD6,음식점,경기 시흥시 장현동 547-5,경기 시흥시 새재로 19,031-404-3700,126.802261516649,37.3811410423075,http://place.map.kakao.com/17988402,음식점,장현,중식
309673552,이루다제면소 시흥시청직영점,"음식점 > 일식 > 돈까스,우동",FD6,음식점,경기 시흥시 장현동 673-2,경기 시흥시 시청전원마을길 3-1,,126.802352973934,37.3785597641041,http://place.map.kakao.com/309673552,음식점,장현,일식
197062364,왕손피자 시흥장현점,음식점 > 양식 > 피자 > 왕손피자,FD6,음식점,경기 시흥시 장현동 547-6,경기 시흥시 새재로17번길 6,031-316-1721,126.802145844021,37.3813327667108,http://place.map.kakao.com/197062364,음식점,장현,양식
984743019,이가국수,음식점 > 한식 > 국수,FD6,음식점,경기 시흥시 장현동 547-6,경기 시흥시 새재로17번길 6,,126.802125513029,37.381335435755,http://place.map.kakao.com/984743019,음식점,장현,한식
488467022,88켄터키 시흥시청점,음식점 > 치킨,FD6,음식점,경기 시흥시 장현동 547-6,경기 시흥시 새재로17번길 6,031-314-8885,126.802108611966,37.3813218921417,http://place.map.kakao.com/488467022,음식점,장현,치킨
20000940,장수국수,음식점 > 한식 > 국수,FD6,음식점,경기 시흥시 장현동 547-6,경기 시흥시 새재로17번길 6,031-314-7057,126.8020444519330,37.38124609883690,http://place.map.kakao.com/20000940,음식점,장현,한식
16511276,브라보,음식점,FD6,음식점,경기 시흥시 장현동 543-4,경기 시흥시 새재로 11,,126.801738770794,37.3807004679395,http://place.map.kakao.com/16511276,음식점,장현,술집
15727624,일석돌생삼겹살,"음식점 > 한식 > 육류,고기",FD6,음식점,경기 시흥시 장현동 543-4,경기 시흥시 새재로 11,,126.801675275696,37.3808012760439,http://place.map.kakao.com/15727624,음식점,장현,한식
22045998,탕이랑회랑,음식점 > 일식,FD6,음식점,경기 시흥시 장현동 543-4,경기 시흥시 새재로 11,031-504-2230,126.80164827229,37.3807651898404,http://place.map.kakao.com/22045998,음식점,장현,일식
1729859996,60계치킨 경기시흥시청점,음식점 > 치킨 > 60계치킨,FD6,음식점,경기 시흥시 장현동 543-4,경기 시흥시 새재로 11,031-311-6003,126.801632505284,37.3807498460054,http://place.map.kakao.com/1729859996,음식점,장현,치킨
1592967829,반올림피자 경기시흥시청점,음식점 > 양식 > 피자 > 반올림피자,FD6,음식점,경기 시흥시 장현동 548-3,경기 시흥시 시청로68번길 30,031-318-6333,126.80253926601500,37.38200648826630,http://place.map.kakao.com/1592967829,음식점,장현,양식
18661513,선도아구찜탕,"음식점 > 한식 > 해물,생선 > 아구",FD6,음식점,경기 시흥시 장현동 546-1,경기 시흥시 시청로68번길 26,,126.802237344597,37.3817464892232,http://place.map.kakao.com/18661513,음식점,장현,한식
668164127,큰집가마솥순대국 시흥시청점,음식점 > 한식 > 순대,FD6,음식점,경기 시흥시 장현동 546-1,경기 시흥시 시청로68번길 26,031-314-8576,126.8021371330390,37.3816400009156,http://place.map.kakao.com/668164127,음식점,장현,한식
16801954,초심 시흥연성점,"음식점 > 한식 > 육류,고기 > 갈비",FD6,음식점,경기 시흥시 장현동 546-1,경기 시흥시 시청로68번길 26,031-435-7778,126.80209536071800,37.38163812897420,http://place.map.kakao.com/16801954,음식점,장현,한식
1127598937,노랑황태,음식점 > 한식,FD6,음식점,경기 시흥시 장현동 548-3,경기 시흥시 시청로68번길 30,,126.80237205056500,37.3820467549827,http://place.map.kakao.com/1127598937,음식점,장현,한식
1021457755,밥이보약,음식점 > 한식,FD6,음식점,경기 시흥시 장현동 548-3,경기 시흥시 시청로68번길 30,,126.80237092381400,37.382045852077100,http://place.map.kakao.com/1021457755,음식점,장현,한식
2143650649,수유리혼밥왕 시흥시청점,음식점 > 한식 > 국밥,FD6,음식점,경기 시흥시 장현동 548-3,경기 시흥시 시청로68번길 30,031-312-5989,126.802370923815,37.3820458520682,http://place.map.kakao.com/2143650649,음식점,장현,한식
1363841083,완도식당 시흥시청본점,음식점,FD6,음식점,경기 시흥시 장현동 548-3,경기 시흥시 시청로68번길 30,,126.802370923815,37.3820458520682,http://place.map.kakao.com/1363841083,음식점,장현,한식
41256982,스시랑,"음식점 > 일식 > 초밥,롤",FD6,음식점,경기 시흥시 장현동 543-4,경기 시흥시 새재로 11,031-504-2230,126.80142252901700,37.3807359782664,http://place.map.kakao.com/41256982,음식점,장현,일식
1942652507,고기듬뿍대왕비빔밥,음식점 > 한식,FD6,음식점,경기 시흥시 장현동 546-1,경기 시흥시 시청로68번길 26,031-506-3959,126.802027277795,37.3817659602567,http://place.map.kakao.com/1942652507,음식점,장현,한식
2050253022,김사부의곱창명가 장현목감점,"음식점 > 한식 > 육류,고기 > 곱창,막창",FD6,음식점,경기 시흥시 장현동 546-1,경기 시흥시 시청로68번길 26,,126.802031742133,37.3817857902308,http://place.map.kakao.com/2050253022,음식점,장현,한식
534246195,참치형부,음식점 > 일식 > 참치회,FD6,음식점,경기 시흥시 장현동 546-1,경기 시흥시 시청로68번길 26,031-506-3959,126.80202948390900,37.3817857864506,http://place.map.kakao.com/534246195,음식점,장현,일식
1378020518,영칼로리포케 시흥시청점,음식점 > 샐러드 > 영칼로리포케,FD6,음식점,경기 시흥시 장현동 546-1,경기 시흥시 시청로68번길 26,031-362-5228,126.802014831513,37.3817758506625,http://place.map.kakao.com/1378020518,음식점,장현,샐러드
1358252930,우주초벌곱창,"음식점 > 한식 > 육류,고기 > 곱창,막창",FD6,음식점,경기 시흥시 장현동 542,경기 시흥시 새재로 3,031-315-1215,126.80125786440900,37.380238337002100,http://place.map.kakao.com/1358252930,음식점,장현,한식
1168515072,돈카츠마켙 시흥시청점,"음식점 > 일식 > 돈까스,우동",FD6,음식점,경기 시흥시 장현동 548-3,경기 시흥시 시청로68번길 30,031-311-8446,126.8022341872320,37.38208887258700,http://place.map.kakao.com/1168515072,음식점,장현,일식
1730049834,제비파스타 시흥시청점,음식점 > 양식 > 이탈리안 > 제비파스타,FD6,음식점,경기 시흥시 장현동 548-3,경기 시흥시 시청로68번길 30,,126.802278113951,37.382130393081,http://place.map.kakao.com/1730049834,음식점,장현,양식
237290967,명가한식뷔페,음식점 > 뷔페 > 한식뷔페,FD6,음식점,경기 시흥시 장현동 544-3,경기 시흥시 새재로7번길 6-2,,126.801386690611,37.3810530781419,http://place.map.kakao.com/237290967,음식점,장현,뷔페
295111050,파스타입니다 시흥시청점,음식점 > 양식 > 이탈리안 > 파스타입니다,FD6,음식점,경기 시흥시 장현동 506,경기 시흥시 시청전원마을길 34,,126.802468250432,37.3776562303064,http://place.map.kakao.com/295111050,음식점,장현,양식
1013088780,장현족발,"음식점 > 한식 > 육류,고기 > 족발,보쌈",FD6,음식점,경기 시흥시 장현동 544-5,경기 시흥시 새재로7번길 6-1,031-317-8989,126.80128657389500,37.38091144937930,http://place.map.kakao.com/1013088780,음식점,장현,한식
1602807806,더꽃채운,"음식점 > 간식 > 떡,한과",FD6,음식점,경기 시흥시 장현동 544-5,경기 시흥시 새재로7번길 6-1,,126.801182742013,37.3808941554342,http://place.map.kakao.com/1602807806,음식점,장현,간식
274505067,시흥감자탕 시흥장현점,음식점 > 한식 > 감자탕,FD6,음식점,경기 시흥시 장현동 544-5,경기 시흥시 새재로7번길 6-1,031-318-5237,126.801142237219,37.3808400259597,http://place.map.kakao.com/274505067,음식점,장현,한식
1118553498,삼형제시골순대,음식점 > 한식 > 순대,FD6,음식점,경기 시흥시 장현동 545-1,경기 시흥시 새재로17번길 9,031-317-1542,126.801389108415,37.3814206995292,http://place.map.kakao.com/1118553498,음식점,장현,한식
1583804892,웅꾸,"음식점 > 간식 > 제과,베이커리",FD6,음식점,경기 시흥시 장현동 542,경기 시흥시 새재로 3,010-4954-4770,126.800965628112,37.3801630606232,http://place.map.kakao.com/1583804892,음식점,장현,간식
173648851,우리동네고기나라,"음식점 > 한식 > 육류,고기",FD6,음식점,경기 시흥시 장현동 530-3,경기 시흥시 시청로68번길 25,010-3392-1309,126.80182968616,37.3821936151186,http://place.map.kakao.com/173648851,음식점,장현,한식
1906042181,함흥냉면참숯구이,음식점 > 한식 > 냉면,FD6,음식점,경기 시흥시 장현동 530-4,경기 시흥시 시청로68번길 23,031-318-5562,126.80171135890500,37.38210601757760,http://place.map.kakao.com/1906042181,음식점,장현,한식
19308247,만리장성,음식점 > 중식 > 중국요리,FD6,음식점,경기 시흥시 장현동 530-5,경기 시흥시 시청로68번길 21-1,,126.801577174457,37.3820373147899,http://place.map.kakao.com/19308247,음식점,장현,중식
1678397713,불불이냉면,음식점 > 한식 > 냉면,FD6,음식점,경기 시흥시 장현동 545-6,경기 시흥시 시청로68번길 10,031-317-9298,126.800839381729,37.380936826798,http://place.map.kakao.com/1678397713,음식점,장현,한식
8761890,고기와면,"음식점 > 한식 > 육류,고기",FD6,음식점,경기 시흥시 장현동 545-5,경기 시흥시 시청로68번길 10,,126.800839381729,37.380936826798,http://place.map.kakao.com/8761890,음식점,장현,한식
437077281,가메골양푼이김치찌개 시흥시청점,"음식점 > 한식 > 찌개,전골",FD6,음식점,경기 시흥시 장현동 534-1,경기 시흥시 시청로72번길 16,031-313-9915,126.801199957792,37.3816438353702,http://place.map.kakao.com/437077281,음식점,장현,한식
9872314,송탄부대찌개 본점,음식점 > 한식,FD6,음식점,경기 시흥시 장현동 545-5,경기 시흥시 시청로68번길 10,031-318-5377,126.800825861136,37.3809259917535,http://place.map.kakao.com/9872314,음식점,장현,한식
1929397697,모두의밥상,음식점 > 뷔페 > 한식뷔페,FD6,음식점,경기 시흥시 장현동 545-5,경기 시흥시 시청로68번길 10,031-317-2400,126.800803355421,37.3808971211161,http://place.map.kakao.com/1929397697,음식점,장현,뷔페
229724253,돈카츠지공,"음식점 > 일식 > 돈까스,우동",FD6,음식점,경기 시흥시 장현동 534-1,경기 시흥시 시청로72번길 16,031-317-3964,126.80111546493200,37.38157161147610,http://place.map.kakao.com/229724253,음식점,장현,일식
1543853731,뷔페명가한식뷔페,음식점 > 뷔페 > 한식뷔페,FD6,음식점,경기 시흥시 하중동 852-3,경기 시흥시 하중로 183,010-8680-6399,126.803773047972,37.3951373298259,http://place.map.kakao.com/1543853731,음식점,연성,뷔페
1925160958,만수식당,음식점 > 한식,FD6,음식점,경기 시흥시 하중동 853-8,경기 시흥시 연성로29번길 58,031-312-2292,126.803961131545,37.395334064314,http://place.map.kakao.com/1925160958,음식점,연성,한식
16425615,새벽시장회센터,"음식점 > 한식 > 해물,생선 > 회",FD6,음식점,경기 시흥시 하중동 853-7,경기 시흥시 연성로29번길 56,031-317-3003,126.804081010152,37.3952684884916,http://place.map.kakao.com/16425615,음식점,연성,한식
1907466432,포도나무집,음식점 > 한식,FD6,음식점,경기 시흥시 하중동 853-6,경기 시흥시 연성로29번길 54-1,031-317-3066,126.804187479772,37.3951479280682,http://place.map.kakao.com/1907466432,음식점,연성,한식
457102111,우리동네국밥집,음식점 > 한식 > 국밥,FD6,음식점,경기 시흥시 하중동 854-8,경기 시흥시 연성로29번길 54,031-313-8853,126.80433459486400,37.39503103889250,http://place.map.kakao.com/457102111,음식점,연성,한식
1369718549,파리바게뜨 시흥하중점,"음식점 > 간식 > 제과,베이커리 > 파리바게뜨",FD6,음식점,경기 시흥시 하중동 854-7,경기 시흥시 연성로29번길 52-1,031-318-0089,126.804429672331,37.3949483022675,http://place.map.kakao.com/1369718549,음식점,연성,간식
8275780,락궁,음식점 > 중식 > 중국요리,FD6,음식점,경기 시흥시 하중동 854-6,경기 시흥시 연성로29번길 52,031-404-5528,126.804511160451,37.3948799594321,http://place.map.kakao.com/8275780,음식점,연성,중식
1779880385,아이스크림스토리 시흥참이슬아파트점,"가정,생활 > 식품판매 > 아이스크림판매 > 아이스크림스토리",FD6,음식점,경기 시흥시 하중동 856-1,경기 시흥시 하중로 193,,126.804618501175,37.3944233192668,http://place.map.kakao.com/1779880385,음식점,연성,간식
2076589744,던킨 시흥하중점,음식점 > 간식 > 도넛 > 던킨,FD6,음식점,경기 시흥시 하중동 856-3,경기 시흥시 하중로 195,031-315-3559,126.80470479562400,37.39424325765030,http://place.map.kakao.com/2076589744,음식점,연성,간식
936635673,여기식당,음식점 > 한식,FD6,음식점,경기 시흥시 하중동 829-3,경기 시흥시 하중로 130-1,031-318-3692,126.80032669410500,37.39884736873860,http://place.map.kakao.com/936635673,음식점,연성,한식
663162852,구름계란덮밥 시흥시청점,음식점 > 한식 > 구름계란덮밥,FD6,음식점,경기 시흥시 하중동 856-3,경기 시흥시 하중로 195,,126.8047929183220,37.394228986814600,http://place.map.kakao.com/663162852,음식점,연성,한식
323039166,미소한식뷔페,음식점 > 뷔페 > 한식뷔페,FD6,음식점,경기 시흥시 하중동 829-2,경기 시흥시 하중로 130,010-4516-4901,126.80025854944400,37.39899141686560,http://place.map.kakao.com/323039166,음식점,연성,뷔페
188847452,올랑,음식점 > 패스트푸드 > 샌드위치,FD6,음식점,경기 시흥시 하중동 856-5,경기 시흥시 하중로 197,031-311-3354,126.804915270206,37.3940796192682,http://place.map.kakao.com/188847452,음식점,연성,패스트푸드
21494891,델리앙베이커리,"음식점 > 간식 > 제과,베이커리",FD6,음식점,경기 시흥시 하중동 826-1,경기 시흥시 하중로133번길 3,031-317-1479,126.80107515527300,37.39896576288480,http://place.map.kakao.com/21494891,음식점,연성,간식
1647943079,홍희통닭 하중점,음식점 > 치킨,FD6,음식점,경기 시흥시 하중동 825-4,경기 시흥시 하중로 131,031-311-2235,126.80073279649500,37.399025554784300,http://place.map.kakao.com/1647943079,음식점,연성,치킨
1229047755,해주아구찜,"음식점 > 한식 > 해물,생선 > 아구",FD6,음식점,경기 시흥시 하중동 825-4,경기 시흥시 하중로 131,031-312-9429,126.80081185719000,37.39902388594450,http://place.map.kakao.com/1229047755,음식점,연성,한식
21286534,동아분식,음식점 > 분식,FD6,음식점,경기 시흥시 하중동 825-4,경기 시흥시 하중로 131,031-404-8117,126.800701107318,37.3990507299397,http://place.map.kakao.com/21286534,음식점,연성,분식
2060608242,대박만두 연성점,음식점 > 분식,FD6,음식점,경기 시흥시 하중동 856-6,경기 시흥시 하중로 199,,126.8050826697170,37.39397807995600,http://place.map.kakao.com/2060608242,음식점,연성,분식
378886407,박가네갈비찜,"음식점 > 한식 > 육류,고기 > 갈비",FD6,음식점,경기 시흥시 하중동 831-6,경기 시흥시 하중로 126,031-318-2225,126.799869392148,37.3992367373382,http://place.map.kakao.com/378886407,음식점,연성,한식
2001374503,땅스떡볶이 시흥하중점,음식점 > 분식 > 떡볶이 > 땅스떡볶이,FD6,음식점,경기 시흥시 하중동 857-2,경기 시흥시 하중로 201-1,031-311-8599,126.805154615253,37.3936691483332,http://place.map.kakao.com/2001374503,음식점,연성,분식
11013553,김가네,음식점 > 분식,FD6,음식점,경기 시흥시 하중동 857-2,경기 시흥시 하중로 201-1,031-318-8250,126.80522426743900,37.3937096174113,http://place.map.kakao.com/11013553,음식점,연성,분식
1479545906,땅스부대찌개 시흥하중점,"음식점 > 한식 > 찌개,전골 > 땅스부대찌개",FD6,음식점,경기 시흥시 하중동 857-2,경기 시흥시 하중로 201-1,031-311-8599,126.8052301774540,37.39370801671940,http://place.map.kakao.com/1479545906,음식점,연성,한식
1500004841,선비꼬마김밥 시흥하중점,음식점 > 분식 > 선비꼬마김밥,FD6,음식점,경기 시흥시 하중동 857-6,경기 시흥시 하중로 207,031-313-3134,126.805487632389,37.3932804554998,http://place.map.kakao.com/1500004841,음식점,연성,분식
523262835,오구피자 시흥하중동점,음식점 > 양식 > 피자 > 오구피자,FD6,음식점,경기 시흥시 하중동 861-1,경기 시흥시 하중로 211,031-317-5952,126.805595535695,37.3930400603242,http://place.map.kakao.com/523262835,음식점,연성,양식
19189421,김밥천국,음식점 > 분식,FD6,음식점,경기 시흥시 하중동 861-1,경기 시흥시 하중로 211,031-317-5689,126.805622610517,37.3930509170856,http://place.map.kakao.com/19189421,음식점,연성,분식
262926682,우리만나,음식점 > 한식,FD6,음식점,경기 시흥시 하중동 855,경기 시흥시 연성로29번길 32,,126.80584079631100,37.3933981686475,http://place.map.kakao.com/262926682,음식점,연성,한식
12049497,한양떡방앗간,"음식점 > 간식 > 떡,한과",FD6,음식점,경기 시흥시 하중동 855,경기 시흥시 연성로29번길 32,031-317-4577,126.805852100793,37.393393682103,http://place.map.kakao.com/12049497,음식점,연성,간식
1689296310,로인컴퍼니,"음식점 > 간식 > 제과,베이커리",FD6,음식점,경기 시흥시 하중동 878-1,경기 시흥시 연성로13번길 11,,126.804356501534,37.3913819398593,http://place.map.kakao.com/1689296310,음식점,연성,간식
2024998548,하중역,"음식점 > 술집 > 호프,요리주점",FD6,음식점,경기 시흥시 하중동 878-2,경기 시흥시 연성로13번길 11,031-312-5788,126.804424165597,37.3914171916283,http://place.map.kakao.com/2024998548,음식점,연성,술집
1325659159,만냥,"음식점 > 한식 > 육류,고기 > 곱창,막창",FD6,음식점,경기 시흥시 하중동 877-7,경기 시흥시 연성로13번길 5-18,0502-5550-1568,126.803856135459,37.3909882656516,http://place.map.kakao.com/1325659159,음식점,연성,한식
1623828207,연잎명태조림 시흥본점,"음식점 > 한식 > 해물,생선",FD6,음식점,경기 시흥시 하중동 821-8,경기 시흥시 하중로117번길 6,031-318-2911,126.79988068294600,37.40008731932420,http://place.map.kakao.com/1623828207,음식점,연성,한식
540064062,시흥각 하중점,음식점 > 중식 > 중국요리,FD6,음식점,경기 시흥시 하중동 821-4,경기 시흥시 관곡지로40번길 11-3,031-317-3232,126.800081658641,37.4001083827624,http://place.map.kakao.com/540064062,음식점,연성,중식
27277247,롯데리아 시흥하중점,음식점 > 패스트푸드 > 롯데리아,FD6,음식점,경기 시흥시 하중동 861-4,경기 시흥시 하중로 213-1,031-317-0957,126.80575814580200,37.39260513432930,http://place.map.kakao.com/27277247,음식점,연성,패스트푸드
1324288194,윤가네민물촌,"음식점 > 한식 > 해물,생선 > 매운탕,해물탕",FD6,음식점,경기 시흥시 하중동 821-9,경기 시흥시 하중로117번길 6-1,031-317-5585,126.799961653882,37.4002172032147,http://place.map.kakao.com/1324288194,음식점,연성,한식
1872258152,신가네불닭,"음식점 > 한식 > 육류,고기 > 닭요리",FD6,음식점,경기 시흥시 하중동 865-1,경기 시흥시 하중로 217,031-317-1529,126.80594812867200,37.39250272984280,http://place.map.kakao.com/1872258152,음식점,연성,한식
946279979,BBQ 하중동점,음식점 > 치킨 > BBQ,FD6,음식점,경기 시흥시 하중동 865-3,경기 시흥시 연성로29번길 19,031-317-7196,126.80593176331500,37.39228015074900,http://place.map.kakao.com/946279979,음식점,연성,치킨
15341977,군자생선구이,"음식점 > 한식 > 해물,생선",FD6,음식점,경기 시흥시 하중동 878-4,경기 시흥시 연성로13번길 5-2,031-404-7448,126.804562164648,37.3908939263671,http://place.map.kakao.com/15341977,음식점,연성,한식
374647114,대장금,음식점 > 한식,FD6,음식점,경기 시흥시 하중동 822-10,경기 시흥시 하중로117번길 10-3,,126.800287219761,37.4005295064268,http://place.map.kakao.com/374647114,음식점,연성,한식
890943449,돼지대첩 시흥하중점,"음식점 > 한식 > 육류,고기",FD6,음식점,경기 시흥시 하중동 865-3,경기 시흥시 연성로29번길 19,031-315-7087,126.80601318913200,37.39223433226240,http://place.map.kakao.com/890943449,음식점,연성,한식
15238164,장수웰빙쌈밥,음식점 > 한식 > 쌈밥,FD6,음식점,경기 시흥시 하중동 864-6,경기 시흥시 연성로29번길 20,,126.806184265004,37.3924571650311,http://place.map.kakao.com/15238164,음식점,연성,한식
759528459,토시래 시흥하중점,"음식점 > 한식 > 육류,고기 > 족발,보쌈",FD6,음식점,경기 시흥시 하중동 822-2,경기 시흥시 관곡지로 56-1,,126.800299246187,37.4006790960456,http://place.map.kakao.com/759528459,음식점,연성,한식
15450940,국민정육점식당,"음식점 > 한식 > 육류,고기",FD6,음식점,경기 시흥시 하중동 819-2,경기 시흥시 관곡지로 48,031-480-4423,126.7995671774,37.4007607511975,http://place.map.kakao.com/15450940,음식점,연성,한식
26028283,모아통오리한마리,"음식점 > 한식 > 육류,고기 > 오리",FD6,음식점,경기 시흥시 하중동 875-1,경기 시흥시 연성로13번길 3,031-311-2100,126.80461499868800,37.39055162552880,http://place.map.kakao.com/26028283,음식점,연성,한식
12091024,노블래스바,음식점 > 술집,FD6,음식점,경기 시흥시 하중동 875-1,경기 시흥시 연성로13번길 3,,126.804698637502,37.3905229310058,http://place.map.kakao.com/12091024,음식점,연성,술집
1920423741,파티공간호프클럽,"음식점 > 술집 > 호프,요리주점",FD6,음식점,경기 시흥시 정왕동 1742-1,경기 시흥시 중심상가로 180,,126.735226766902,37.3447500304886,http://place.map.kakao.com/1920423741,음식점,정왕,술집
16570371,고가네맛집,"음식점 > 한식 > 해물,생선",FD6,음식점,경기 시흥시 정왕동 1742-1,경기 시흥시 중심상가로 180,031-319-0415,126.735225641512,37.344749126952,http://place.map.kakao.com/16570371,음식점,정왕,한식
1093808688,모델7080라이브,음식점 > 술집,FD6,음식점,경기 시흥시 정왕동 1742-1,경기 시흥시 중심상가로 180,,126.735226766902,37.3447500304886,http://place.map.kakao.com/1093808688,음식점,정왕,술집
1951742332,지은이네순대국,음식점 > 한식 > 순대,FD6,음식점,경기 시흥시 정왕동 1742-1,경기 시흥시 중심상가로 180,031-498-8851,126.735239310672,37.3447131164527,http://place.map.kakao.com/1951742332,음식점,정왕,한식
275678139,주리아,음식점 > 술집,FD6,음식점,경기 시흥시 정왕동 1742-1,경기 시흥시 중심상가로 180,,126.73520777768,37.3446941243052,http://place.map.kakao.com/275678139,음식점,정왕,술집
26205310,돈통마늘보쌈 시흥정왕점,"음식점 > 한식 > 육류,고기 > 족발,보쌈 > 돈통마늘보쌈",FD6,음식점,경기 시흥시 정왕동 1737-10,경기 시흥시 중심상가로 181,031-497-5382,126.735553712502,37.3451679373981,http://place.map.kakao.com/26205310,음식점,정왕,한식
803951791,제주은희네해장국 시흥정왕점,음식점 > 한식 > 해장국 > 제주은희네해장국,FD6,음식점,경기 시흥시 정왕동 1742-2,경기 시흥시 중심상가로 184,031-319-2729,126.735441590025,37.3446369816566,http://place.map.kakao.com/803951791,음식점,정왕,한식
1251408705,역전할머니맥주 시흥정왕점,"음식점 > 술집 > 호프,요리주점 > 역전할머니맥주",FD6,음식점,경기 시흥시 정왕동 1742-2,경기 시흥시 중심상가로 184,031-499-7624,126.735415731375,37.3446089919804,http://place.map.kakao.com/1251408705,음식점,정왕,술집
1272513519,수작 시흥시화점,"음식점 > 술집 > 호프,요리주점 > 수작",FD6,음식점,경기 시흥시 정왕동 1735-4,경기 시흥시 마유로 330,031-362-5027,126.735394538236,37.3455027636004,http://place.map.kakao.com/1272513519,음식점,정왕,술집
1513895065,153케이크,"음식점 > 간식 > 제과,베이커리",FD6,음식점,경기 시흥시 정왕동 1737-9,경기 시흥시 중심상가로 183,,126.735739579088,37.3449448979688,http://place.map.kakao.com/1513895065,음식점,정왕,간식
16160102,우바라 본점,"음식점 > 한식 > 육류,고기 > 곱창,막창",FD6,음식점,경기 시흥시 정왕동 1737-9,경기 시흥시 중심상가로 183,031-319-0445,126.735739579088,37.3449448979688,http://place.map.kakao.com/16160102,음식점,정왕,한식
1453787079,피자헛 시화본점,음식점 > 양식 > 피자 > 피자헛,FD6,음식점,경기 시흥시 정왕동 1735-4,경기 시흥시 마유로 330,031-488-8550,126.735331212209,37.3455386630298,http://place.map.kakao.com/1453787079,음식점,정왕,양식
1322653109,재리스토스트 정왕점,음식점 > 간식 > 토스트,FD6,음식점,경기 시흥시 정왕동 1735-4,경기 시흥시 마유로 330,,126.735404685818,37.3455054893784,http://place.map.kakao.com/1322653109,음식점,정왕,간식
603481568,청기와뼈해장국,음식점 > 한식 > 감자탕,FD6,음식점,경기 시흥시 정왕동 1735-4,경기 시흥시 마유로 330,031-506-1010,126.735404685818,37.3455054893784,http://place.map.kakao.com/603481568,음식점,정왕,한식
201360534,덮밥슈퍼 시흥정왕점,음식점 > 한식,FD6,음식점,경기 시흥시 정왕동 1735-4,경기 시흥시 마유로 330,,126.73540468582,37.3455054893691,http://place.map.kakao.com/201360534,음식점,정왕,한식
16162179,청복집 시화본점,"음식점 > 한식 > 해물,생선 > 복어",FD6,음식점,경기 시흥시 정왕동 1741-6,경기 시흥시 중심상가1길 3-6,031-433-8877,126.73475867433600,37.34435523300920,http://place.map.kakao.com/16162179,음식점,정왕,한식
27449273,동대문엽기떡볶이 시화이마트점,음식점 > 분식 > 떡볶이 > 동대문엽기떡볶이,FD6,음식점,경기 시흥시 정왕동 1736-5,경기 시흥시 중심상가2길 12-8,031-433-8594,126.73576519629000,37.34536393284130,http://place.map.kakao.com/27449273,음식점,정왕,분식
275238928,민들레포차,음식점 > 술집 > 실내포장마차,FD6,음식점,경기 시흥시 정왕동 1741-6,경기 시흥시 중심상가1길 3-6,,126.734821064365,37.344264369112,http://place.map.kakao.com/275238928,음식점,정왕,술집
172113150,즉석 기계우동 옛날짜장,음식점 > 분식,FD6,음식점,경기 시흥시 정왕동 1741-6,경기 시흥시 중심상가1길 3-6,031-499-7417,126.734821064365,37.344264369112,http://place.map.kakao.com/172113150,음식점,정왕,분식
1040938366,페콴,"음식점 > 술집 > 호프,요리주점",FD6,음식점,경기 시흥시 정왕동 1737-7,경기 시흥시 중심상가로 185,010-4099-1348,126.73591042945900,37.34482003669230,http://place.map.kakao.com/1040938366,음식점,정왕,술집
897194345,엉댕이 돼지부속 정왕본점,"음식점 > 한식 > 육류,고기",FD6,음식점,경기 시흥시 정왕동 1737-7,경기 시흥시 중심상가로 185,010-3008-1764,126.73591042946100,37.344820036683000,http://place.map.kakao.com/897194345,음식점,정왕,한식
139920983,타슈켄트,음식점 > 아시아음식,FD6,음식점,경기 시흥시 정왕동 1741-6,경기 시흥시 중심상가1길 3-6,,126.734768019608,37.3442651512273,http://place.map.kakao.com/139920983,음식점,정왕,아시아·퓨전
19024864,황소꼼장어랑아나고,"음식점 > 한식 > 해물,생선",FD6,음식점,경기 시흥시 정왕동 1741-6,경기 시흥시 중심상가1길 3-6,,126.73476801960800,37.344265151227300,http://place.map.kakao.com/19024864,음식점,정왕,한식
1908350374,돌깨마을맷돌순두부 시화점,음식점 > 한식 > 두부전문점,FD6,음식점,경기 시흥시 정왕동 1736-5,경기 시흥시 중심상가2길 12-8,0507-1359-5008,126.73594085523600,37.34515528674850,http://place.map.kakao.com/1908350374,음식점,정왕,한식
2069780055,쭈심,"음식점 > 한식 > 해물,생선",FD6,음식점,경기 시흥시 정왕동 1736-5,경기 시흥시 중심상가2길 12-8,031-362-5750,126.735921420479,37.345226424509,http://place.map.kakao.com/2069780055,음식점,정왕,한식
1238098772,석호네솥뚜껑닭볶음탕 정왕점,"음식점 > 한식 > 육류,고기 > 닭요리",FD6,음식점,경기 시흥시 정왕동 1736-5,경기 시흥시 중심상가2길 12-8,,126.735921420479,37.345226424509,http://place.map.kakao.com/1238098772,음식점,정왕,한식
1508956176,쭈꾸맨,"음식점 > 한식 > 해물,생선",FD6,음식점,경기 시흥시 정왕동 1736-5,경기 시흥시 중심상가2길 12-8,031-362-5750,126.73595989244,37.3451976775096,http://place.map.kakao.com/1508956176,음식점,정왕,한식
723456873,도둑고기 시흥정왕점,"음식점 > 한식 > 육류,고기",FD6,음식점,경기 시흥시 정왕동 1736-5,경기 시흥시 중심상가2길 12-8,031-432-3392,126.735968832572,37.3452229262344,http://place.map.kakao.com/723456873,음식점,정왕,한식
19313222,한신포차 시흥정왕점,음식점 > 술집 > 실내포장마차 > 한신포차,FD6,음식점,경기 시흥시 정왕동 1735-2,경기 시흥시 마유로 336,031-499-6885,126.735615243773,37.3456438172806,http://place.map.kakao.com/19313222,음식점,정왕,술집
16898583,디델리라볶기 정왕점,음식점 > 분식,FD6,음식점,경기 시흥시 정왕동 1737-6,경기 시흥시 중심상가로 187,031-432-1192,126.73597069388800,37.34469132430260,http://place.map.kakao.com/16898583,음식점,정왕,분식
1780676564,라홍방마라탕 정왕점,음식점 > 중식 > 중국요리 > 라홍방마라탕,FD6,음식점,경기 시흥시 정왕동 1742-5,경기 시흥시 중심상가3길 22,031-498-4776,126.735794455287,37.3444215236734,http://place.map.kakao.com/1780676564,음식점,정왕,중식
233594109,짬뽕관 시흥정왕점,음식점 > 중식 > 중국요리 > 짬뽕관,FD6,음식점,경기 시흥시 정왕동 1736-6,경기 시흥시 중심상가2길 4-3,031-431-1633,126.735896780346,37.3454948756194,http://place.map.kakao.com/233594109,음식점,정왕,중식
31880584,한남동그집 시흥정왕점,"음식점 > 술집 > 호프,요리주점 > 한남동그집",FD6,음식점,경기 시흥시 정왕동 1736-5,경기 시흥시 중심상가2길 12-8,031-507-2244,126.73608770966300,37.3451150682099,http://place.map.kakao.com/31880584,음식점,정왕,술집
2114819978,자담치킨 시흥정왕역점,음식점 > 치킨 > 자담치킨,FD6,음식점,경기 시흥시 정왕동 1735-2,경기 시흥시 마유로 336,,126.735635270491,37.345725855496,http://place.map.kakao.com/2114819978,음식점,정왕,치킨
688609181,마왕족발 시흥정왕점,"음식점 > 한식 > 육류,고기 > 족발,보쌈 > 마왕족발",FD6,음식점,경기 시흥시 정왕동 1736-6,경기 시흥시 중심상가2길 4-3,031-497-6226,126.73600203637200,37.34540951296720,http://place.map.kakao.com/688609181,음식점,정왕,한식
1107957635,우리동네스시랑,"음식점 > 일식 > 초밥,롤",FD6,음식점,경기 시흥시 정왕동 1737-6,경기 시흥시 중심상가로 187,031-319-5519,126.736103919654,37.3446754030689,http://place.map.kakao.com/1107957635,음식점,정왕,일식
26923087,퀸즈포차,"음식점 > 술집 > 호프,요리주점",FD6,음식점,경기 시흥시 정왕동 1742-5,경기 시흥시 중심상가3길 22,031-498-3939,126.735872549088,37.3443577251113,http://place.map.kakao.com/26923087,음식점,정왕,술집
2060335248,김복남맥주 시흥정왕점,"음식점 > 술집 > 호프,요리주점 > 김복남맥주",FD6,음식점,경기 시흥시 정왕동 1742-6,경기 시흥시 중심상가3길 24,1522-3748,126.735757986763,37.3442006905205,http://place.map.kakao.com/2060335248,음식점,정왕,술집
377465782,60계치킨 시흥정왕점,음식점 > 치킨 > 60계치킨,FD6,음식점,경기 시흥시 정왕동 1742-6,경기 시흥시 중심상가3길 24,031-499-7153,126.735742231357,37.3441880409452,http://place.map.kakao.com/377465782,음식점,정왕,치킨
655074615,소담,"음식점 > 한식 > 육류,고기",FD6,음식점,경기 시흥시 정왕동 1741-5,경기 시흥시 중심상가1길 7,031-433-3001,126.734578132828,37.3440268541343,http://place.map.kakao.com/655074615,음식점,정왕,한식
855795037,49라운지,음식점 > 술집 > 칵테일바,FD6,음식점,경기 시흥시 정왕동 1742-7,경기 시흥시 중심상가3길 26,010-3766-0673,126.73560608828400,37.34407060320190,http://place.map.kakao.com/855795037,음식점,정왕,술집
1446000896,육회포차,음식점 > 한식,FD6,음식점,경기 시흥시 정왕동 1742-7,경기 시흥시 중심상가3길 26,,126.735625248221,37.3440778542394,http://place.map.kakao.com/1446000896,음식점,정왕,한식
335126218,깡우동 시흥정왕점,"음식점 > 일식 > 돈까스,우동 > 깡우동",FD6,음식점,경기 시흥시 정왕동 1742-7,경기 시흥시 중심상가3길 26,,126.735616260954,37.3440661207897,http://place.map.kakao.com/335126218,음식점,정왕,일식
287360019,사구아빠네,음식점 > 술집 > 실내포장마차,FD6,음식점,경기 시흥시 정왕동 1742-7,경기 시흥시 중심상가3길 26,031-365-5049,126.735616260954,37.3440661207897,http://place.map.kakao.com/287360019,음식점,정왕,술집
1171061006,뚜레쥬르 배곧SK점,"음식점 > 간식 > 제과,베이커리 > 뚜레쥬르",FD6,음식점,경기 시흥시 배곧동 135,경기 시흥시 배곧3로 27-7,031-434-6233,126.725227741412,37.3747773072979,http://place.map.kakao.com/1171061006,음식점,배곧,간식
1132308785,오르새피자 배곧정왕점,음식점 > 양식 > 피자,FD6,음식점,경기 시흥시 배곧동 135,경기 시흥시 배곧3로 27-7,031-497-9082,126.725073416925,37.3746814402741,http://place.map.kakao.com/1132308785,음식점,배곧,양식
649231879,아지트,음식점 > 한식,FD6,음식점,경기 시흥시 배곧동 125,경기 시흥시 배곧4로 32-9,,126.72712747855800,37.37675404365810,http://place.map.kakao.com/649231879,음식점,배곧,한식
165406244,진각,음식점 > 중식 > 중국요리,FD6,음식점,경기 시흥시 배곧동 125,경기 시흥시 배곧4로 32-9,031-433-2433,126.72715800807,37.3767414997817,http://place.map.kakao.com/165406244,음식점,배곧,중식
1632460791,굽네치킨 배곧신도시점,음식점 > 치킨 > 굽네치킨,FD6,음식점,경기 시흥시 배곧동 125,경기 시흥시 배곧4로 32-9,031-431-9294,126.72721214604300,37.37675694204310,http://place.map.kakao.com/1632460791,음식점,배곧,치킨
520990545,삼달집,음식점 > 한식,FD6,음식점,경기 시흥시 배곧동 127,경기 시흥시 배곧4로 32-17,,126.726576191856,37.3771519232474,http://place.map.kakao.com/520990545,음식점,배곧,한식
1609534626,포차천국 배곧신도시점,음식점 > 술집 > 실내포장마차 > 포차천국,FD6,음식점,경기 시흥시 배곧동 127,경기 시흥시 배곧4로 32-17,,126.726576191856,37.3771519232474,http://place.map.kakao.com/1609534626,음식점,배곧,술집
616796848,영칼로리 배곧신도시점,음식점 > 아시아음식 > 동남아음식,FD6,음식점,경기 시흥시 배곧동 127,경기 시흥시 배곧4로 32-17,031-431-5501,126.72657619185400,37.377151923256300,http://place.map.kakao.com/616796848,음식점,배곧,아시아·퓨전
874727400,유떡떡볶이 시흥배곧점,음식점 > 분식 > 떡볶이,FD6,음식점,경기 시흥시 배곧동 127,경기 시흥시 배곧4로 32-17,,126.726576191854,37.3771519232563,http://place.map.kakao.com/874727400,음식점,배곧,분식
1780209995,조광자숯불갈비 배곧점,"음식점 > 한식 > 육류,고기 > 갈비",FD6,음식점,경기 시흥시 배곧동 128,경기 시흥시 배곧4로 32-19,,126.726234715311,37.3772907917239,http://place.map.kakao.com/1780209995,음식점,배곧,한식
1339503722,투다리 배곧신도시점,음식점 > 술집 > 오뎅바 > 투다리,FD6,음식점,경기 시흥시 배곧동 127,경기 시흥시 배곧4로 32-17,070-7818-0036,126.72659314375100,37.377147457335500,http://place.map.kakao.com/1339503722,음식점,배곧,술집
958938354,등촌샤브칼국수,음식점 > 샤브샤브,FD6,음식점,경기 시흥시 배곧동 125,경기 시흥시 배곧4로 32-9,031-432-0991,126.727232364176,37.376785821387,http://place.map.kakao.com/958938354,음식점,배곧,한식
649045735,본죽&비빔밥cafe 시흥배곧타운점,음식점 > 퓨전요리 > 퓨전한식 > 본죽&비빔밥cafe,FD6,음식점,경기 시흥시 배곧동 125,경기 시흥시 배곧4로 32-9,031-498-8009,126.72719265882100,37.37683798909530,http://place.map.kakao.com/649045735,음식점,배곧,아시아·퓨전
1227942171,창신동보쌈족발 배곧점,"음식점 > 한식 > 육류,고기 > 족발,보쌈",FD6,음식점,경기 시흥시 배곧동 126,경기 시흥시 배곧4로 32-13,031-499-3077,126.72700021726900,37.37697720347870,http://place.map.kakao.com/1227942171,음식점,배곧,한식
1221401034,올리바바양꼬치 배곧점,음식점 > 중식 > 양꼬치,FD6,음식점,경기 시흥시 배곧동 127,경기 시흥시 배곧4로 32-17,,126.72669468507900,37.37716751452020,http://place.map.kakao.com/1221401034,음식점,배곧,중식
644626830,중화요리금홍,음식점 > 중식 > 중국요리,FD6,음식점,경기 시흥시 배곧동 127,경기 시흥시 배곧4로 32-17,031-496-9922,126.72662326145900,37.37724844143980,http://place.map.kakao.com/644626830,음식점,배곧,중식
1783667329,비오는포장마차 배곧일호,음식점 > 술집 > 실내포장마차,FD6,음식점,경기 시흥시 배곧동 125,경기 시흥시 배곧4로 32-9,031-497-4325,126.7273586753870,37.37682485659490,http://place.map.kakao.com/1783667329,음식점,배곧,술집
39229248,무청감자탕 배곧점,음식점 > 한식 > 감자탕 > 무청감자탕,FD6,음식점,경기 시흥시 배곧동 131,경기 시흥시 배곧4로 32-27,031-497-8363,126.72556412211200,37.37758387176010,http://place.map.kakao.com/39229248,음식점,배곧,한식
1526864119,내고향왕만두,음식점 > 분식,FD6,음식점,경기 시흥시 배곧동 128,경기 시흥시 배곧4로 32-19,,126.72642513988100,37.37739665196600,http://place.map.kakao.com/1526864119,음식점,배곧,분식
1836704784,와플대학 배곧타운캠퍼스,"음식점 > 간식 > 제과,베이커리 > 와플대학",FD6,음식점,경기 시흥시 배곧동 128,경기 시흥시 배곧4로 32-19,070-7537-3718,126.72627018308500,37.377472880299400,http://place.map.kakao.com/1836704784,음식점,배곧,간식
862010355,바삭,음식점 > 중식 > 양꼬치,FD6,음식점,경기 시흥시 배곧동 131,경기 시흥시 배곧4로 32-27,,126.725562608959,37.3776892878322,http://place.map.kakao.com/862010355,음식점,배곧,중식
498406324,철판꼬꼬닭갈비앤호프,"음식점 > 한식 > 육류,고기 > 닭요리",FD6,음식점,경기 시흥시 배곧동 131,경기 시흥시 배곧4로 32-27,031-497-1744,126.7255626089590,37.37768928783220,http://place.map.kakao.com/498406324,음식점,배곧,한식
1535889037,네네치킨 배곧1점,음식점 > 치킨 > 네네치킨,FD6,음식점,경기 시흥시 배곧동 131,경기 시흥시 배곧4로 32-27,031-432-4492,126.725594232043,37.3776866581519,http://place.map.kakao.com/1535889037,음식점,배곧,치킨
976439448,처갓집양념치킨 배곧점,음식점 > 치킨 > 처갓집양념치킨,FD6,음식점,경기 시흥시 배곧동 131,경기 시흥시 배곧4로 32-27,031-432-9998,126.72566472018100,37.37770799569830,http://place.map.kakao.com/976439448,음식점,배곧,치킨
399781169,바다래,"음식점 > 한식 > 해물,생선 > 회",FD6,음식점,경기 시흥시 배곧동 122,경기 시흥시 배곧4로 22,031-488-9652,126.72695017610900,37.377388855082700,http://place.map.kakao.com/399781169,음식점,배곧,한식
1647423197,칠구네신림동백순대 시흥배곧점,음식점 > 한식 > 순대,FD6,음식점,경기 시흥시 배곧동 122,경기 시흥시 배곧4로 22,031-509-7279,126.72689693155100,37.37743828836860,http://place.map.kakao.com/1647423197,음식점,배곧,한식
1968081868,푸라닭치킨 시흥배곧신도시점,음식점 > 치킨 > 푸라닭치킨,FD6,음식점,경기 시흥시 배곧동 122,경기 시흥시 배곧4로 22,031-499-9206,126.72671257755900,37.377526162681300,http://place.map.kakao.com/1968081868,음식점,배곧,치킨
980288958,하남곱창 시흥배곧점,"음식점 > 한식 > 육류,고기 > 곱창,막창",FD6,음식점,경기 시흥시 배곧동 122,경기 시흥시 배곧4로 22,031-431-3412,126.7268878502210,37.37745178272070,http://place.map.kakao.com/980288958,음식점,배곧,한식
634811085,덕재고기집,"음식점 > 한식 > 육류,고기",FD6,음식점,경기 시흥시 배곧동 132,경기 시흥시 배곧4로 32-29,,126.72521866951200,37.37788310999330,http://place.map.kakao.com/634811085,음식점,배곧,한식
293174473,제이델링 시흥배곧점,"음식점 > 간식 > 제과,베이커리",FD6,음식점,경기 시흥시 배곧동 122,경기 시흥시 배곧4로 22,0507-1401-7702,126.72672379605900,37.37754601108190,http://place.map.kakao.com/293174473,음식점,배곧,간식
792980187,두찜 시흥배곧점,"음식점 > 한식 > 육류,고기 > 닭요리 > 두찜",FD6,음식점,경기 시흥시 배곧동 122,경기 시흥시 배곧4로 22,031-498-9008,126.72655757172000,37.37761590659900,http://place.map.kakao.com/792980187,음식점,배곧,한식
724379089,족발신선생 배곧점,"음식점 > 한식 > 육류,고기 > 족발,보쌈 > 족발신선생",FD6,음식점,경기 시흥시 배곧동 131,경기 시흥시 배곧4로 32-27,031-431-8790,126.72568959044000,37.37785446947040,http://place.map.kakao.com/724379089,음식점,배곧,한식
591083383,인생김치찌개 배곧점,"음식점 > 한식 > 찌개,전골",FD6,음식점,경기 시흥시 배곧동 132,경기 시흥시 배곧4로 32-29,031-499-8953,126.72541606551800,37.37793492671640,http://place.map.kakao.com/591083383,음식점,배곧,한식
1498629558,BHC치킨 배곧신도시점,음식점 > 치킨 > BHC치킨,FD6,음식점,경기 시흥시 배곧동 124,경기 시흥시 배곧4로 30,031-434-9987,126.72751210426600,37.37717030170250,http://place.map.kakao.com/1498629558,음식점,배곧,치킨
103634041,지코바 배곧1호점,음식점 > 치킨 > 지코바,FD6,음식점,경기 시흥시 배곧동 122,경기 시흥시 배곧4로 22,031-432-7444,126.72677665185700,37.37760379862690,http://place.map.kakao.com/103634041,음식점,배곧,치킨
996131451,한우궁 배곧신도시점,음식점 > 한식 > 국밥,FD6,음식점,경기 시흥시 배곧동 124,경기 시흥시 배곧4로 30,031-432-5533,126.7274044773070,37.37727186918720,http://place.map.kakao.com/996131451,음식점,배곧,한식
500764679,곤지암할매소머리국밥 배곧신도시점,음식점 > 한식 > 국밥,FD6,음식점,경기 시흥시 배곧동 122,경기 시흥시 배곧4로 22,031-432-1016,126.726756110079,37.3776641196498,http://place.map.kakao.com/500764679,음식점,배곧,한식
1499452142,화로상회 배곧점,"음식점 > 한식 > 육류,고기",FD6,음식점,경기 시흥시 배곧동 122,경기 시흥시 배곧4로 22,031-432-8592,126.726963025614,37.3775817034934,http://place.map.kakao.com/1499452142,음식점,배곧,한식
1317169845,올떡 시흥배곧타운점,음식점 > 분식 > 떡볶이 > 올떡,FD6,음식점,경기 시흥시 배곧동 122,경기 시흥시 배곧4로 22,031-498-9182,126.726963025614,37.3775817034934,http://place.map.kakao.com/1317169845,음식점,배곧,분식
1108548163,캠퍼스포차,"음식점 > 술집 > 호프,요리주점",FD6,음식점,경기 시흥시 배곧동 122,경기 시흥시 배곧4로 22,,126.72696302561400,37.37758170349340,http://place.map.kakao.com/1108548163,음식점,배곧,술집
247432527,동대문엽기떡볶이 시흥배곧점,음식점 > 분식 > 떡볶이 > 동대문엽기떡볶이,FD6,음식점,경기 시흥시 배곧동 132,경기 시흥시 배곧4로 32-29,031-498-8592,126.72531980728900,37.37801399311970,http://place.map.kakao.com/247432527,음식점,배곧,분식
1539909627,교촌치킨 배곧신도시1호점,음식점 > 치킨 > 교촌치킨,FD6,음식점,경기 시흥시 배곧동 121,경기 시흥시 배곧4로 18,031-433-1992,126.72643496417900,37.37780033259330,http://place.map.kakao.com/1539909627,음식점,배곧,치킨
561392274,일품양평해장국 시흥배곧점,음식점 > 한식 > 해장국 > 일품양평해장국,FD6,음식점,경기 시흥시 배곧동 122,경기 시흥시 배곧4로 22,031-432-7069,126.72679103200100,37.37768582485880,http://place.map.kakao.com/561392274,음식점,배곧,한식
932011858,양푼한식당,음식점 > 한식,FD6,음식점,경기 시흥시 배곧동 122,경기 시흥시 배곧4로 22,,126.726797789927,37.3776903455718,http://place.map.kakao.com/932011858,음식점,배곧,한식
1200772650,명가아귀찜,"음식점 > 한식 > 해물,생선 > 아구",FD6,음식점,경기 시흥시 월곶동 1008-3,경기 시흥시 월곶중앙로58번길 15,031-316-1235,126.739956891679,37.3901216702989,http://place.map.kakao.com/1200772650,음식점,월곶,한식
1910755053,도로로김밥,음식점 > 분식,FD6,음식점,경기 시흥시 월곶동 1008-1,경기 시흥시 월곶중앙로30번안길 33,031-317-9798,126.73955699085,37.3901649402259,http://place.map.kakao.com/1910755053,음식점,월곶,분식
1348331224,토담옛날통닭 월곶점,음식점 > 치킨,FD6,음식점,경기 시흥시 월곶동 1008-2,경기 시흥시 월곶중앙로70번길 12,010-7759-9442,126.73910610341800,37.38993148303540,http://place.map.kakao.com/1348331224,음식점,월곶,치킨
1260780091,낮밤식당,음식점 > 한식,FD6,음식점,경기 시흥시 월곶동 1004-6,경기 시흥시 월곶중앙로46번길 21,031-313-3729,126.74117799726900,37.39000631556360,http://place.map.kakao.com/1260780091,음식점,월곶,한식
599979926,육해공 본점,음식점 > 한식,FD6,음식점,경기 시흥시 월곶동 1004-6,경기 시흥시 월곶중앙로46번길 21,031-317-7340,126.741242307655,37.390022674672,http://place.map.kakao.com/599979926,음식점,월곶,한식
686819849,송담추어탕 시흥월곶점,"음식점 > 한식 > 해물,생선 > 추어 > 송담추어탕",FD6,음식점,경기 시흥시 월곶동 1005-9,경기 시흥시 월곶중앙로46번길 9,031-318-4427,126.740752032737,37.389092648664,http://place.map.kakao.com/686819849,음식점,월곶,한식
1505571898,용길이네국밥집 월곶소래점,음식점 > 한식 > 국밥,FD6,음식점,경기 시흥시 월곶동 1008,경기 시흥시 월곶중앙로58번길 5-6,031-316-1426,126.738758684892,37.3894946221184,http://place.map.kakao.com/1505571898,음식점,월곶,한식
709928453,소담 월곶점,"음식점 > 한식 > 육류,고기",FD6,음식점,경기 시흥시 월곶동 1009-2,경기 시흥시 월곶중앙로 58,031-315-9875,126.73931847999200,37.38893001655330,http://place.map.kakao.com/709928453,음식점,월곶,한식
1094891596,호호한우곱창,"음식점 > 한식 > 육류,고기 > 곱창,막창",FD6,음식점,경기 시흥시 월곶동 1005-12,경기 시흥시 월곶중앙로46번길 5,031-318-0224,126.740407551852,37.3887846449176,http://place.map.kakao.com/1094891596,음식점,월곶,한식
15484578,장충동참족발보쌈,"음식점 > 한식 > 육류,고기 > 족발,보쌈",FD6,음식점,경기 시흥시 월곶동 1005-12,경기 시흥시 월곶중앙로46번길 5,031-318-5882,126.740450461905,37.3887847391061,http://place.map.kakao.com/15484578,음식점,월곶,한식
2089194829,옛날한우곱창,"음식점 > 한식 > 육류,고기 > 곱창,막창",FD6,음식점,경기 시흥시 월곶동 1006-4,경기 시흥시 월곶중앙로 48,031-317-7885,126.7400250103620,37.38870811880640,http://place.map.kakao.com/2089194829,음식점,월곶,한식
1144929487,한상차림,"음식점 > 한식 > 해물,생선",FD6,음식점,경기 시흥시 월곶동 1009-2,경기 시흥시 월곶중앙로 58,031-404-8272,126.738818736023,37.3891109200157,http://place.map.kakao.com/1144929487,음식점,월곶,한식
1613292059,황제밥상,음식점 > 뷔페 > 한식뷔페,FD6,음식점,경기 시흥시 월곶동 1004-2,경기 시흥시 월곶중앙로46번길 27,031-315-2929,126.741533219328,37.3904774252026,http://place.map.kakao.com/1613292059,음식점,월곶,뷔페
24161183,별밤도깨비,음식점 > 한식,FD6,음식점,경기 시흥시 월곶동 1009-2,경기 시흥시 월곶중앙로 58,,126.739009037878,37.3889401462567,http://place.map.kakao.com/24161183,음식점,월곶,한식
185870260,대박한우곱창,"음식점 > 한식 > 육류,고기 > 곱창,막창",FD6,음식점,경기 시흥시 월곶동 1009-2,경기 시흥시 월곶중앙로 58,031-313-5454,126.739006776328,37.3889410422773,http://place.map.kakao.com/185870260,음식점,월곶,한식
1896061276,스카이매점식당,음식점 > 한식,FD6,음식점,경기 시흥시 월곶동 1009-2,경기 시흥시 월곶중앙로 58,,126.739004521022,37.3889401362878,http://place.map.kakao.com/1896061276,음식점,월곶,한식
1452964657,정닭갈비,"음식점 > 한식 > 육류,고기 > 닭요리",FD6,음식점,경기 시흥시 월곶동 1009-1,경기 시흥시 월곶중앙로 64,031-313-4066,126.73856620109900,37.389317596708100,http://place.map.kakao.com/1452964657,음식점,월곶,한식
169982280,더드림포차,음식점 > 술집 > 실내포장마차,FD6,음식점,경기 시흥시 월곶동 1006-4,경기 시흥시 월곶중앙로 48,,126.740273775528,37.3886104541844,http://place.map.kakao.com/169982280,음식점,월곶,술집
1000255559,88포장마차 시흥월곶점,음식점 > 술집 > 실내포장마차,FD6,음식점,경기 시흥시 월곶동 1009-2,경기 시흥시 월곶중앙로 58,,126.73883063767700,37.38893524727520,http://place.map.kakao.com/1000255559,음식점,월곶,술집
284669410,안숨두부,음식점 > 한식 > 두부전문점,FD6,음식점,경기 시흥시 월곶동 1006-4,경기 시흥시 월곶중앙로 48,031-435-4663,126.740053707264,37.3885730287885,http://place.map.kakao.com/284669410,음식점,월곶,한식
31731892,정베이커리앤카페,"음식점 > 간식 > 제과,베이커리",FD6,음식점,경기 시흥시 월곶동 1006-4,경기 시흥시 월곶중앙로 48,070-8671-3327,126.74005370726400,37.388573028788500,http://place.map.kakao.com/31731892,음식점,월곶,간식
894337432,쓸때없는걱정말고고기나먹자,"음식점 > 한식 > 육류,고기",FD6,음식점,경기 시흥시 월곶동 1006-4,경기 시흥시 월곶중앙로 48,,126.74005708867,37.3885748382541,http://place.map.kakao.com/894337432,음식점,월곶,한식
1476015583,유호분식,음식점 > 분식,FD6,음식점,경기 시흥시 월곶동 1006-4,경기 시흥시 월곶중앙로 48,,126.74005708867,37.3885748382541,http://place.map.kakao.com/1476015583,음식점,월곶,분식
926915744,일품양평해장국 시흥월곶점,음식점 > 한식 > 해장국 > 일품양평해장국,FD6,음식점,경기 시흥시 월곶동 1006-4,경기 시흥시 월곶중앙로 48,031-317-7889,126.740057088668,37.3885748382628,http://place.map.kakao.com/926915744,음식점,월곶,한식
1979303368,한솥도시락 시흥월곶점,음식점 > 도시락 > 한솥도시락,FD6,음식점,경기 시흥시 월곶동 1006-4,경기 시흥시 월곶중앙로 48,031-316-7707,126.74005708867,37.3885748382541,http://place.map.kakao.com/1979303368,음식점,월곶,도시락
11874298,마라도참치,음식점 > 일식 > 참치회,FD6,음식점,경기 시흥시 월곶동 1009-2,경기 시흥시 월곶중앙로 58,031-435-5237,126.7388386359370,37.3889082343296,http://place.map.kakao.com/11874298,음식점,월곶,일식
18289038,피자스쿨 월곶점,음식점 > 양식 > 피자 > 피자스쿨,FD6,음식점,경기 시흥시 월곶동 1009-2,경기 시흥시 월곶중앙로 58,031-318-7001,126.738823934281,37.3889145090048,http://place.map.kakao.com/18289038,음식점,월곶,양식
1702277896,시흥한시루떡집,"음식점 > 간식 > 떡,한과",FD6,음식점,경기 시흥시 월곶동 1009-1,경기 시흥시 월곶중앙로 64,031-311-8669,126.73838913902300,37.38925233164930,http://place.map.kakao.com/1702277896,음식점,월곶,간식
2088882060,착한밥집,음식점 > 한식,FD6,음식점,경기 시흥시 월곶동 1000-5,경기 시흥시 월곶중앙로46번길 29,,126.741675918302,37.3906858727332,http://place.map.kakao.com/2088882060,음식점,월곶,한식
1793551965,그곳처음처럼,"음식점 > 술집 > 호프,요리주점",FD6,음식점,경기 시흥시 월곶동 1006-4,경기 시흥시 월곶중앙로 48,,126.74031816897000,37.38850783531870,http://place.map.kakao.com/1793551965,음식점,월곶,술집
26800333,참치청어람,음식점 > 일식 > 참치회,FD6,음식점,경기 시흥시 월곶동 1009-1,경기 시흥시 월곶중앙로 64,,126.738466614483,37.3890542785033,http://place.map.kakao.com/26800333,음식점,월곶,일식
547616451,장터즉석치킨 월곶점,음식점 > 치킨,FD6,음식점,경기 시흥시 월곶동 1006-4,경기 시흥시 월곶중앙로 48,031-318-2292,126.7400801674210,37.38843162669910,http://place.map.kakao.com/547616451,음식점,월곶,치킨
2124396419,길동우동 월곶점,"음식점 > 일식 > 돈까스,우동",FD6,음식점,경기 시흥시 월곶동 1009-1,경기 시흥시 월곶중앙로 64,031-318-8888,126.73831599973700,37.38917738512380,http://place.map.kakao.com/2124396419,음식점,월곶,일식
12363707,파리바게뜨 월곶신시티점,"음식점 > 간식 > 제과,베이커리 > 파리바게뜨",FD6,음식점,경기 시흥시 월곶동 1006-4,경기 시흥시 월곶중앙로 48,031-318-8893,126.740221420839,37.3884022034009,http://place.map.kakao.com/12363707,음식점,월곶,간식
1088261468,고기한상 월곶점,"음식점 > 한식 > 육류,고기",FD6,음식점,경기 시흥시 월곶동 1000-4,경기 시흥시 월곶중앙로46번길 31,031-404-2006,126.741741996404,37.390845497673,http://place.map.kakao.com/1088261468,음식점,월곶,한식
1526139837,아궁이육개장,음식점 > 한식 > 국밥,FD6,음식점,경기 시흥시 월곶동 1000-4,경기 시흥시 월곶중앙로46번길 31,031-317-4578,126.741798452371,37.3908474229979,http://place.map.kakao.com/1526139837,음식점,월곶,한식
974634708,인쌩맥주 시흥월곶점,"음식점 > 술집 > 호프,요리주점 > 인쌩맥주",FD6,음식점,경기 시흥시 월곶동 1014-3,경기 시흥시 월곶중앙로 59,,126.738680520765,37.388589824744,http://place.map.kakao.com/974634708,음식점,월곶,술집
589939083,역전할머니맥주 시흥월곶점,"음식점 > 술집 > 호프,요리주점 > 역전할머니맥주",FD6,음식점,경기 시흥시 월곶동 1014-3,경기 시흥시 월곶중앙로 59,,126.73874505450200,37.388541312217000,http://place.map.kakao.com/589939083,음식점,월곶,술집
936169112,엄청난오뎅,음식점 > 분식,FD6,음식점,경기 시흥시 월곶동 1015-1,경기 시흥시 월곶중앙로 53,,126.739403148706,37.3882841713421,http://place.map.kakao.com/936169112,음식점,월곶,분식
1931856391,테라김밥 월곶점,음식점 > 분식,FD6,음식점,경기 시흥시 월곶동 1014-3,경기 시흥시 월곶중앙로 59,031-316-0788,126.73864784251800,37.388569930072300,http://place.map.kakao.com/1931856391,음식점,월곶,분식
2094666377,꼬지사께 월곶점,음식점 > 술집 > 일본식주점 > 꼬지사께,FD6,음식점,경기 시흥시 월곶동 1014-4,경기 시흥시 월곶중앙로 57,,126.738904638429,37.388436245251,http://place.map.kakao.com/2094666377,음식점,월곶,술집
66435136,크라운호프 월곶점,"음식점 > 술집 > 호프,요리주점 > 크라운호프",FD6,음식점,경기 시흥시 월곶동 1015-1,경기 시흥시 월곶중앙로 53,,126.739295908614,37.3882740237419,http://place.map.kakao.com/66435136,음식점,월곶,술집
1399306946,교촌치킨 월곶점,음식점 > 치킨 > 교촌치킨,FD6,음식점,경기 시흥시 월곶동 1015-1,경기 시흥시 월곶중앙로 53,031-318-1000,126.739295908614,37.3882740237419,http://place.map.kakao.com/1399306946,음식점,월곶,치킨
743577138,전라도집밥 2호점,음식점 > 한식,FD6,음식점,경기 시흥시 월곶동 1001-5,경기 시흥시 월곶중앙로70번안길 7,031-315-0551,126.74135340552000,37.39154023605470,http://place.map.kakao.com/743577138,음식점,월곶,한식
14535469,롯데리아 시흥월곶점,음식점 > 패스트푸드 > 롯데리아,FD6,음식점,경기 시흥시 월곶동 1014-2,경기 시흥시 월곶중앙로 61,031-432-7500,126.738273592141,37.3887078595372,http://place.map.kakao.com/14535469,음식점,월곶,패스트푸드
1729337337,크랩야시장,"음식점 > 한식 > 해물,생선 > 게,대게",FD6,음식점,경기 시흥시 정왕동 2731-2,경기 시흥시 거북섬로 116,031-319-2837,126.67892187949800,37.32007111981910,http://place.map.kakao.com/1729337337,음식점,거북섬,한식
1008082862,강도령막칼국수,음식점 > 한식 > 국수 > 칼국수,FD6,음식점,경기 시흥시 정왕동 2731-2,경기 시흥시 거북섬로 116,031-431-9444,126.67874322869400,37.3201643420346,http://place.map.kakao.com/1008082862,음식점,거북섬,한식
561555073,비스트로만선,음식점 > 양식,FD6,음식점,경기 시흥시 정왕동 2731-2,경기 시흥시 거북섬로 116,031-433-8126,126.678743224859,37.320165243054,http://place.map.kakao.com/561555073,음식점,거북섬,양식
1511121677,연평도 꽃게품은닭볶음탕 드럼통솥뚜껑 오이도거북섬점,음식점 > 한식,FD6,음식점,경기 시흥시 정왕동 2731-2,경기 시흥시 거북섬로 116,031-433-5388,126.678743224859,37.320165243054,http://place.map.kakao.com/1511121677,음식점,거북섬,한식
1214210744,LA코코보일링 본점,"음식점 > 한식 > 해물,생선",FD6,음식점,경기 시흥시 정왕동 2731-2,경기 시흥시 거북섬로 116,031-8032-8332,126.67874322485900,37.32016524305400,http://place.map.kakao.com/1214210744,음식점,거북섬,한식
1471242232,바다수퍼해물천하조개구이 거북섬점,"음식점 > 한식 > 해물,생선 > 조개",FD6,음식점,경기 시흥시 정왕동 2731-2,경기 시흥시 거북섬로 116,031-498-9220,126.67871332018500,37.32003451253780,http://place.map.kakao.com/1471242232,음식점,거북섬,한식
1406698772,피자덕 거북섬점,음식점 > 양식 > 피자 > 피자덕,FD6,음식점,경기 시흥시 정왕동 2725,경기 시흥시 거북섬로 135,031-499-1116,126.680878170609,37.3208693180913,http://place.map.kakao.com/1406698772,음식점,거북섬,양식
1216136189,101더테라스 거북섬본점,"음식점 > 한식 > 해물,생선 > 조개",FD6,음식점,경기 시흥시 정왕동 2731-2,경기 시흥시 거북섬로 116,,126.67855514525600,37.32008814475120,http://place.map.kakao.com/1216136189,음식점,거북섬,한식
293106436,플라트테이블 시흥웨이브파크,음식점 > 뷔페,FD6,음식점,경기 시흥시 정왕동 2725,경기 시흥시 거북섬로 135,,126.680852817049,37.3209953938673,http://place.map.kakao.com/293106436,음식점,거북섬,뷔페
2014482110,33떡볶이 MTV거북섬점,음식점 > 분식 > 떡볶이 > 33떡볶이,FD6,음식점,경기 시흥시 정왕동 2725,경기 시흥시 거북섬로 135,070-8656-0074,126.680858431332,37.3210017162274,http://place.map.kakao.com/2014482110,음식점,거북섬,분식
250145881,웨이브엠웨스트 컨벤션,음식점 > 뷔페,FD6,음식점,경기 시흥시 정왕동 2731-1,경기 시흥시 거북섬로 112,,126.678011381197,37.3203470639759,http://place.map.kakao.com/250145881,음식점,거북섬,뷔페
1552897352,전주기와집,음식점 > 한식,FD6,음식점,경기 시흥시 정왕동 2731,경기 시흥시 거북섬로 110,031-499-2242,126.677521623848,37.3206394659764,http://place.map.kakao.com/1552897352,음식점,거북섬,한식
494765309,백년식당서서갈비,"음식점 > 한식 > 육류,고기 > 갈비",FD6,음식점,경기 시흥시 정왕동 2731,경기 시흥시 거북섬로 110,031-431-0810,126.67752162384800,37.32063946597640,http://place.map.kakao.com/494765309,음식점,거북섬,한식
9273144,완도횟집,"음식점 > 한식 > 해물,생선 > 회",FD6,음식점,경기 시흥시 정왕동 2731,경기 시흥시 거북섬로 110,,126.67752162384800,37.32063946597640,http://place.map.kakao.com/9273144,음식점,거북섬,한식
454603831,우대해신 대판정 오이도거북섬시흥본점,음식점 > 한식,FD6,음식점,경기 시흥시 정왕동 2731,경기 시흥시 거북섬로 110,031-319-9996,126.67745889598100,37.320533874534,http://place.map.kakao.com/454603831,음식점,거북섬,한식
1799968454,연평도꽃게탕보리밥 오이도거북섬점,"음식점 > 한식 > 해물,생선 > 게,대게",FD6,음식점,경기 시흥시 정왕동 2729,경기 시흥시 거북섬로 104,0507-1415-1678,126.67778347277800,37.321142953849900,http://place.map.kakao.com/1799968454,음식점,거북섬,한식
2053467502,화천호프,"음식점 > 술집 > 호프,요리주점",FD6,음식점,경기 시흥시 정왕동 2729,경기 시흥시 거북섬로 104,010-5724-8118,126.677771917725,37.3212068954884,http://place.map.kakao.com/2053467502,음식점,거북섬,술집
1469575554,바다를품은화덕고등어 오이도거북섬본점,"음식점 > 한식 > 해물,생선",FD6,음식점,경기 시흥시 정왕동 2729,경기 시흥시 거북섬로 104,,126.677771917725,37.3212068954884,http://place.map.kakao.com/1469575554,음식점,거북섬,한식
1536187457,해담온 거북섬 본점,음식점 > 한식,FD6,음식점,경기 시흥시 정왕동 2729,경기 시흥시 거북섬로 104,010-9006-9576,126.67777191772500,37.3212068954884,http://place.map.kakao.com/1536187457,음식점,거북섬,한식
1807781191,거북섬칼국수,음식점 > 한식 > 국수 > 칼국수,FD6,음식점,경기 시흥시 정왕동 2720-11,경기 시흥시 거북섬5길 16,,126.683669668724,37.3210606235863,http://place.map.kakao.com/1807781191,음식점,거북섬,한식
812066567,섬다방,음식점 > 양식,FD6,음식점,경기 시흥시 정왕동 2720-12,경기 시흥시 거북섬로 163,,126.683843916419,37.3206709433605,http://place.map.kakao.com/812066567,음식점,거북섬,양식
2021485897,남진식당 거북섬점,음식점 > 한식,FD6,음식점,경기 시흥시 정왕동 2720-12,경기 시흥시 거북섬로 163,,126.683843916417,37.3206709433702,http://place.map.kakao.com/2021485897,음식점,거북섬,한식
1404996201,대형식당,음식점 > 뷔페 > 한식뷔페,FD6,음식점,경기 시흥시 정왕동 2720-11,경기 시흥시 거북섬5길 16,,126.683813077479,37.3210303718706,http://place.map.kakao.com/1404996201,음식점,거북섬,뷔페
1319751983,집밥,음식점 > 뷔페 > 한식뷔페,FD6,음식점,경기 시흥시 정왕동 2720-9,경기 시흥시 거북섬5길 6,010-2244-6174,126.6835155590170,37.32175941057770,http://place.map.kakao.com/1319751983,음식점,거북섬,뷔페
1132882439,해안감자탕,음식점 > 한식 > 감자탕,FD6,음식점,경기 시흥시 정왕동 2720-6,경기 시흥시 거북섬4길 16,031-362-5798,126.68286055009700,37.32244964760770,http://place.map.kakao.com/1132882439,음식점,거북섬,한식
2095457027,방일해장국 거북섬점,음식점 > 한식 > 해장국,FD6,음식점,경기 시흥시 정왕동 2720-6,경기 시흥시 거북섬4길 16,031-319-5242,126.6830333861580,37.32239785100670,http://place.map.kakao.com/2095457027,음식점,거북섬,한식
421602084,예담한식뷔페,음식점 > 뷔페 > 한식뷔페,FD6,음식점,경기 시흥시 정왕동 2720-3,경기 시흥시 거북섬4길 14,031-434-2021,126.682774790362,37.3227215286556,http://place.map.kakao.com/421602084,음식점,거북섬,뷔페
1564149595,레드인 거북섬점,음식점 > 분식,FD6,음식점,경기 시흥시 정왕동 2720-3,경기 시흥시 거북섬4길 14,031-432-3542,126.682781559664,37.3227215468033,http://place.map.kakao.com/1564149595,음식점,거북섬,분식
78365928,큰맘할매순대국 거북섬점,음식점 > 한식 > 순대 > 큰맘할매순대국,FD6,음식점,경기 시흥시 정왕동 2720-3,경기 시흥시 거북섬4길 14,031-365-3768,126.682782680307,37.3227233518666,http://place.map.kakao.com/78365928,음식점,거북섬,한식
216079285,방가네소고기국밥 거북섬점,음식점 > 한식 > 국밥 > 방가네소고기국밥,FD6,음식점,경기 시흥시 정왕동 2720-6,경기 시흥시 거북섬4길 16,,126.683135633558,37.3224981391259,http://place.map.kakao.com/216079285,음식점,거북섬,한식
996721274,해바라기,음식점 > 분식,FD6,음식점,경기 시흥시 정왕동 2720-6,경기 시흥시 거북섬4길 16,031-499-7999,126.68314800986100,37.32250628154280,http://place.map.kakao.com/996721274,음식점,거북섬,분식
923966948,하마식당,음식점 > 한식,FD6,음식점,경기 시흥시 정왕동 2720-6,경기 시흥시 거북섬4길 16,031-8042-7963,126.683149130509,37.3225080866028,http://place.map.kakao.com/923966948,음식점,거북섬,한식
1998274988,서퍼777,음식점 > 아시아음식,FD6,음식점,경기 시흥시 정왕동 2720-1,경기 시흥시 거북섬4길 6,0503-7153-2364,126.682197540552,37.3231614841266,http://place.map.kakao.com/1998274988,음식점,거북섬,아시아·퓨전
1114227951,피나치공 시흥거북섬점,음식점 > 양식 > 피자 > 피나치공,FD6,음식점,경기 시흥시 정왕동 2720-3,경기 시흥시 거북섬4길 14,031-434-9378,126.68288727511,37.32280202178,http://place.map.kakao.com/1114227951,음식점,거북섬,양식
1897846577,제빵공작소,"음식점 > 간식 > 제과,베이커리",FD6,음식점,경기 시흥시 정왕동 2720-8,경기 시흥시 거북섬5길 4,031-362-6106,126.683620838385,37.3222129100262,http://place.map.kakao.com/1897846577,음식점,거북섬,간식
310132139,야키토리카이,음식점 > 술집,FD6,음식점,경기 시흥시 정왕동 2720-2,경기 시흥시 거북섬4길 10,,126.682530904709,37.3230344328317,http://place.map.kakao.com/310132139,음식점,거북섬,술집
1859636569,거북섬교동짬뽕,음식점 > 중식 > 중국요리,FD6,음식점,경기 시흥시 정왕동 2720-6,경기 시흥시 거북섬4길 16,,126.68336006869500,37.322517661547,http://place.map.kakao.com/1859636569,음식점,거북섬,중식
2028231365,교촌치킨 거북섬점,음식점 > 치킨 > 교촌치킨,FD6,음식점,경기 시흥시 정왕동 2720-6,경기 시흥시 거북섬4길 16,031-431-1995,126.68337927479500,37.322511405723400,http://place.map.kakao.com/2028231365,음식점,거북섬,치킨
153001010,미닝케이크,"음식점 > 간식 > 제과,베이커리",FD6,음식점,경기 시흥시 정왕동 2720-1,경기 시흥시 거북섬4길 6,010-5413-4467,126.68219700935,37.3232876268293,http://place.map.kakao.com/153001010,음식점,거북섬,간식
937259593,르플로,음식점 > 양식,FD6,음식점,경기 시흥시 정왕동 2720-1,경기 시흥시 거북섬4길 6,031-433-3647,126.68219700935000,37.32328762682930,http://place.map.kakao.com/937259593,음식점,거북섬,양식
1560848043,방갈로,음식점 > 양식,FD6,음식점,경기 시흥시 정왕동 2720-1,경기 시흥시 거북섬4길 6,,126.682206027564,37.3232894531089,http://place.map.kakao.com/1560848043,음식점,거북섬,양식
36598892,속초집명태조림 거북섬점,"음식점 > 한식 > 해물,생선",FD6,음식점,경기 시흥시 정왕동 2720,경기 시흥시 거북섬4길 2,031-498-2522,126.68180112373300,37.323525335685,http://place.map.kakao.com/36598892,음식점,거북섬,한식
2032152570,가가스피자,음식점 > 양식 > 피자,FD6,음식점,경기 시흥시 정왕동 2721,경기 시흥시 거북섬둘레길 42,010-3215-2445,126.680568506096,37.3239283787865,http://place.map.kakao.com/2032152570,음식점,거북섬,양식
1849426580,츄비스버거앤피자,음식점 > 양식 > 햄버거,FD6,음식점,경기 시흥시 정왕동 2720,경기 시흥시 거북섬4길 2,070-4197-3333,126.682037615238,37.3236295897784,http://place.map.kakao.com/1849426580,음식점,거북섬,양식