시흥 기타 병원,,,,,,,,,,,,
"노인·요양병원, 동물병원, 종합병원을 제외한 병원",,,,,,,,,,,,
총 290곳,,,,,,,,,,,,
id,place_name,category_name,category_group_code,category_group_name,address_name,road_address_name,phone,x,y,place_url,검색카테고리,검색기준지점
1670957311,거북섬한방병원,"의료,건강 > 병원 > 한방병원",HP8,병원,경기 시흥시 정왕동 2703-9,경기 시흥시 거북섬1길 6,031-497-7582,126.67699688,37.32567929,http://place.map.kakao.com/1670957311,병원,거북섬
513933325,공단제일치과의원,"의료,건강 > 병원 > 치과",HP8,병원,경기 시흥시 정왕동 1286-1,경기 시흥시 정왕천로 155,031-508-2875,126.73315110,37.32631663,http://place.map.kakao.com/513933325,병원,거북섬
889790865,대원재활병원,"의료,건강 > 병원 > 재활의학과",HP8,병원,경기 시흥시 정왕동 2164-2,경기 시흥시 협력로 281,,126.71553114,37.35162870,http://place.map.kakao.com/889790865,병원,거북섬
860879760,대원한방병원,"의료,건강 > 병원 > 한방병원",HP8,병원,경기 시흥시 정왕동 2164-2,경기 시흥시 협력로 281,031-490-2400,126.71554579,37.35163504,http://place.map.kakao.com/860879760,병원,거북섬
82012268,라임플란트치과의원,"의료,건강 > 병원 > 치과",HP8,병원,경기 시흥시 정왕동 1277-14,경기 시흥시 경기과기대로 219,031-480-0001,126.73269808,37.33444289,http://place.map.kakao.com/82012268,병원,거북섬
983395721,미소지음치과의원,"의료,건강 > 병원 > 치과",HP8,병원,경기 시흥시 정왕동 2713-3,경기 시흥시 거북섬로 211,031-520-2875,126.68776188,37.32291860,http://place.map.kakao.com/983395721,병원,거북섬
397601962,서울성모의원,"의료,건강 > 병원 > 일반의원",HP8,병원,경기 시흥시 정왕동 2713-4,경기 시흥시 거북섬로 207,031-431-7585,126.68757986,37.32273702,http://place.map.kakao.com/397601962,병원,거북섬
7971837,센트럴병원치과,"의료,건강 > 병원 > 치과",HP8,병원,경기 시흥시 정왕동 1366-11,경기 시흥시 공단1대로 237,1588-9339,126.72836187,37.33656665,http://place.map.kakao.com/7971837,병원,거북섬
9845532,시흥공단치과의원,"의료,건강 > 병원 > 치과",HP8,병원,경기 시흥시 정왕동 2166-1,경기 시흥시 산기대학로 105,031-434-7528,126.72117586,37.34697482,http://place.map.kakao.com/9845532,병원,거북섬
16304316,심플란트치과,"의료,건강 > 병원 > 치과",HP8,병원,경기 시흥시 정왕동 1367-1,경기 시흥시 공단1대로 244,031-430-2828,126.72767568,37.33596859,http://place.map.kakao.com/16304316,병원,거북섬
24245057,에덴치과의원,"의료,건강 > 병원 > 치과",HP8,병원,경기 시흥시 정왕동 2210,경기 시흥시 오이도로 21,031-8041-8275,126.70156998,37.34639538,http://place.map.kakao.com/24245057,병원,거북섬
14876549,장임선치과,"의료,건강 > 병원 > 치과",HP8,병원,경기 시흥시 정왕동 2014-2,경기 시흥시 오이도어시장로 22,031-319-2825,126.68998052,37.34448063,http://place.map.kakao.com/14876549,병원,거북섬
511620473,조은손성형외과의원,"의료,건강 > 병원 > 성형외과",HP8,병원,경기 시흥시 정왕동 1277-14,경기 시흥시 경기과기대로 219,031-499-8119,126.73257134,37.33454352,http://place.map.kakao.com/511620473,병원,거북섬
10779182,지성치과의원,"의료,건강 > 병원 > 치과",HP8,병원,경기 시흥시 정왕동 1364,경기 시흥시 공단1대로 204,031-430-2222,126.72472414,37.33770435,http://place.map.kakao.com/10779182,병원,거북섬
8557152,참조은의원,"의료,건강 > 병원 > 일반의원",HP8,병원,경기 시흥시 정왕동 2014-2,경기 시흥시 오이도어시장로 22,031-434-5805,126.68995795,37.34448057,http://place.map.kakao.com/8557152,병원,거북섬
9030861,플러스치과의원,"의료,건강 > 병원 > 치과",HP8,병원,경기 시흥시 정왕동 2166-4,경기 시흥시 희망공원로 269,031-498-7528,126.72510276,37.34528467,http://place.map.kakao.com/9030861,병원,거북섬
928555247,365제이에스JS소아청소년과의원,"의료,건강 > 병원 > 소아청소년과",HP8,병원,경기 시흥시 능곡동 871,경기 시흥시 장현능곡로 155,031-365-3735,126.80730735,37.37104890,http://place.map.kakao.com/928555247,병원,능곡
1253848935,가온내과의원,"의료,건강 > 병원 > 내과",HP8,병원,경기 시흥시 능곡동 723,경기 시흥시 승지로59번길 12,031-317-7588,126.80903598,37.36874327,http://place.map.kakao.com/1253848935,병원,능곡
1022821738,김철수내과의원,"의료,건강 > 병원 > 내과",HP8,병원,경기 시흥시 능곡동 212,경기 시흥시 능곡번영길 30,031-503-0872,126.80662197,37.37020982,http://place.map.kakao.com/1022821738,병원,능곡
15890485,능곡늘푸른 정형외과의원,"의료,건강 > 병원 > 정형외과",HP8,병원,경기 시흥시 능곡동 752,경기 시흥시 능곡로 188,031-317-7252,126.81025609,37.36839654,http://place.map.kakao.com/15890485,병원,능곡
9729515,능곡웰치과의원,"의료,건강 > 병원 > 치과",HP8,병원,경기 시흥시 능곡동 755,경기 시흥시 능곡로 178,031-435-7528,126.81142178,37.36813441,http://place.map.kakao.com/9729515,병원,능곡
2128549911,능곡하나내과의원,"의료,건강 > 병원 > 내과",HP8,병원,경기 시흥시 능곡동 734,경기 시흥시 장현능곡로 188,031-364-8393,126.81099661,37.36931317,http://place.map.kakao.com/2128549911,병원,능곡
981036968,닥터손치과의원,"의료,건강 > 병원 > 치과",HP8,병원,경기 시흥시 능곡동 211-1,경기 시흥시 능곡군자로 50,031-404-2828,126.80619417,37.36930450,http://place.map.kakao.com/981036968,병원,능곡
870325109,더바른피부과의원,"의료,건강 > 병원 > 피부과",HP8,병원,경기 시흥시 능곡동 722,경기 시흥시 승지로59번길 12,031-435-0550,126.80905239,37.36894873,http://place.map.kakao.com/870325109,병원,능곡
1193734907,더이비인후과의원,"의료,건강 > 병원 > 이비인후과",HP8,병원,경기 시흥시 능곡동 722,경기 시흥시 승지로59번길 12,031-504-5335,126.80903559,37.36889465,http://place.map.kakao.com/1193734907,병원,능곡
246704503,바른서울이비인후과의원,"의료,건강 > 병원 > 이비인후과",HP8,병원,경기 시흥시 능곡동 457-12,경기 시흥시 능곡번영길 22,031-315-7005,126.80787145,37.36986587,http://place.map.kakao.com/246704503,병원,능곡
331300938,바른탑치과의원,"의료,건강 > 병원 > 치과",HP8,병원,경기 시흥시 능곡동 722,경기 시흥시 승지로59번길 12,031-503-2879,126.80900167,37.36891712,http://place.map.kakao.com/331300938,병원,능곡
609328817,삼성서울정형외과의원,"의료,건강 > 병원 > 정형외과",HP8,병원,경기 시흥시 능곡동 산 27-1,경기 시흥시 능곡번영길 24,031-795-0750,126.80743858,37.37005978,http://place.map.kakao.com/609328817,병원,능곡
13553250,수이비인후과의원,"의료,건강 > 병원 > 이비인후과",HP8,병원,경기 시흥시 능곡동 756,경기 시흥시 능곡로 174,031-404-1470,126.81172907,37.36804479,http://place.map.kakao.com/13553250,병원,능곡
1505072939,시흥드림항유외과의원,"의료,건강 > 병원 > 외과",HP8,병원,경기 시흥시 능곡동 898-5,경기 시흥시 능곡번영길 30,031-316-5553,126.80660055,37.37019808,http://place.map.kakao.com/1505072939,병원,능곡
763391325,시흥샛별소아치과,"의료,건강 > 병원 > 치과",HP8,병원,경기 시흥시 능곡동 722,경기 시흥시 승지로59번길 12,031-315-5275,126.80890171,37.36871603,http://place.map.kakao.com/763391325,병원,능곡
1345802074,시흥세브란스치과의원,"의료,건강 > 병원 > 치과",HP8,병원,경기 시흥시 능곡동 719,경기 시흥시 장현능곡로 178,031-313-2875,126.80974026,37.36970310,http://place.map.kakao.com/1345802074,병원,능곡
1489943522,시흥안심정형외과의원,"의료,건강 > 병원 > 정형외과",HP8,병원,경기 시흥시 능곡동 722,경기 시흥시 승지로59번길 12,031-313-7588,126.80889024,37.36878539,http://place.map.kakao.com/1489943522,병원,능곡
238545416,시흥우리치과의원,"의료,건강 > 병원 > 치과",HP8,병원,경기 시흥시 장현동 540,경기 시흥시 시청로 61,031-312-2875,126.80029460,37.37987000,http://place.map.kakao.com/238545416,병원,능곡
1459072975,시흥장현이엠365의원,"의료,건강 > 병원 > 일반의원",HP8,병원,경기 시흥시 능곡동 898-5,경기 시흥시 능곡번영길 30,031-313-0365,126.80679577,37.37022993,http://place.map.kakao.com/1459072975,병원,능곡
84010069,시흥퍼스트치과의원,"의료,건강 > 병원 > 치과",HP8,병원,경기 시흥시 능곡동 212,경기 시흥시 능곡번영길 30,031-431-2804,126.80662197,37.37020982,http://place.map.kakao.com/84010069,병원,능곡
1924723023,아이비소아청소년과의원,"의료,건강 > 병원 > 소아청소년과",HP8,병원,경기 시흥시 능곡동 산 27-1,경기 시흥시 능곡번영길 24,031-318-1357,126.80743858,37.37005978,http://place.map.kakao.com/1924723023,병원,능곡
58260578,아이엔드소아청소년과의원,"의료,건강 > 병원 > 소아청소년과",HP8,병원,경기 시흥시 장곡동 949-13,경기 시흥시 장현능곡로 9,031-504-9598,126.79155754,37.37299633,http://place.map.kakao.com/58260578,병원,능곡
88681709,연세김안과의원,"의료,건강 > 병원 > 안과",HP8,병원,경기 시흥시 장곡동 932-6,경기 시흥시 황고개로 528,031-503-2022,126.78923498,37.37792442,http://place.map.kakao.com/88681709,병원,능곡
284919525,연세바로치과의원 시흥점,"의료,건강 > 병원 > 치과",HP8,병원,경기 시흥시 능곡동 457-12,경기 시흥시 능곡번영길 22,031-313-7522,126.80786582,37.36986225,http://place.map.kakao.com/284919525,병원,능곡
872751195,원산부인과의원,"의료,건강 > 병원 > 산부인과",HP8,병원,경기 시흥시 능곡동 산 27-1,경기 시흥시 능곡번영길 24,031-315-7701,126.80743858,37.37005978,http://place.map.kakao.com/872751195,병원,능곡
1515407449,일어나병원,"의료,건강 > 병원 > 정형외과",HP8,병원,경기 시흥시 장곡동 949-9,경기 시흥시 황고개로 472,031-317-0111,126.79071244,37.37321829,http://place.map.kakao.com/1515407449,병원,능곡
614744428,장곡맑은위내과,"의료,건강 > 병원 > 내과",HP8,병원,경기 시흥시 장곡동 932-6,경기 시흥시 황고개로 528,031-507-1000,126.78918539,37.37789279,http://place.map.kakao.com/614744428,병원,능곡
9414803,장미치과,"의료,건강 > 병원 > 치과",HP8,병원,경기 시흥시 장현동 545-5,경기 시흥시 시청로68번길 10,031-318-6888,126.80083487,37.38093322,http://place.map.kakao.com/9414803,병원,능곡
8530175,장현가정의학과의원,"의료,건강 > 병원 > 가정의학과",HP8,병원,경기 시흥시 장현동 544-6,경기 시흥시 새재로7번길 6,031-318-6347,126.80100250,37.38073888,http://place.map.kakao.com/8530175,병원,능곡
634537248,장현탑치과의원,"의료,건강 > 병원 > 치과",HP8,병원,경기 시흥시 장곡동 949-16,경기 시흥시 장현능곡로 15,031-313-2878,126.79212769,37.37299283,http://place.map.kakao.com/634537248,병원,능곡
2073675977,장현한방병원,"의료,건강 > 병원 > 한방병원",HP8,병원,경기 시흥시 장곡동 260-21,경기 시흥시 황고개로 526,031-507-0055,126.78913425,37.37760798,http://place.map.kakao.com/2073675977,병원,능곡
324324139,하얀빛의원,"의료,건강 > 병원 > 피부과",HP8,병원,경기 시흥시 능곡동 212,경기 시흥시 능곡번영길 30,031-360-3450,126.80662197,37.37020982,http://place.map.kakao.com/324324139,병원,능곡
879083555,하온치과의원,"의료,건강 > 병원 > 치과",HP8,병원,경기 시흥시 장곡동 932-7,경기 시흥시 황고개로 526,031-506-2080,126.78920876,37.37761172,http://place.map.kakao.com/879083555,병원,능곡
12364834,하이서울치과의원,"의료,건강 > 병원 > 치과",HP8,병원,경기 시흥시 능곡동 733,경기 시흥시 장현능곡로 184,031-435-2880,126.81060108,37.36947742,http://place.map.kakao.com/12364834,병원,능곡
439460190,흥케이병원,"의료,건강 > 병원 > 정형외과",HP8,병원,경기 시흥시 능곡동 898-9,경기 시흥시 능곡번영길 22,031-314-7575,126.80789618,37.36990826,http://place.map.kakao.com/439460190,병원,능곡
13524090,경기시흥내과의원,"의료,건강 > 병원 > 내과",HP8,병원,경기 시흥시 대야동 532-6,경기 시흥시 비둘기공원로 8,031-507-3111,126.79044294,37.44406580,http://place.map.kakao.com/13524090,병원,대야·신천
9682801,김창규치과의원,"의료,건강 > 병원 > 치과",HP8,병원,경기 시흥시 대야동 543-1,경기 시흥시 비둘기공원7길 33,031-316-2878,126.79269464,37.44301739,http://place.map.kakao.com/9682801,병원,대야·신천
10183439,남서울정형외과,"의료,건강 > 병원 > 정형외과",HP8,병원,경기 시흥시 대야동 442-4,경기 시흥시 복지로93번길 4,031-503-9300,126.79149473,37.44783570,http://place.map.kakao.com/10183439,병원,대야·신천
1246256855,라치과의원,"의료,건강 > 병원 > 치과",HP8,병원,경기 시흥시 대야동 532-6,경기 시흥시 비둘기공원로 8,031-317-7582,126.79046330,37.44405863,http://place.map.kakao.com/1246256855,병원,대야·신천
14507684,미소의원,"의료,건강 > 병원 > 피부과",HP8,병원,경기 시흥시 대야동 469-6,경기 시흥시 복지로 55,031-314-7585,126.78945677,37.44434156,http://place.map.kakao.com/14507684,병원,대야·신천
10404981,박피부과,"의료,건강 > 병원 > 피부과",HP8,병원,경기 시흥시 신천동 709-6,경기 시흥시 복지로 3,031-314-3579,126.78689619,37.44031124,http://place.map.kakao.com/10404981,병원,대야·신천
10392215,밝은안과의원,"의료,건강 > 병원 > 안과",HP8,병원,경기 시흥시 대야동 573-3,경기 시흥시 대은로 79,031-312-8810,126.79707720,37.44458555,http://place.map.kakao.com/10392215,병원,대야·신천
15106495,비타민치과의원,"의료,건강 > 병원 > 치과",HP8,병원,경기 시흥시 대야동 568-2,경기 시흥시 복지로 96,031-315-2888,126.79181271,37.44727583,http://place.map.kakao.com/15106495,병원,대야·신천
17110602,삼성필의원,"의료,건강 > 병원 > 피부과",HP8,병원,경기 시흥시 대야동 568-2,경기 시흥시 복지로 96,031-316-7800,126.79183537,37.44725424,http://place.map.kakao.com/17110602,병원,대야·신천
1216626895,서울강치과의원,"의료,건강 > 병원 > 치과",HP8,병원,경기 시흥시 대야동 544-1,경기 시흥시 비둘기공원7길 39,031-316-7528,126.79243852,37.44246282,http://place.map.kakao.com/1216626895,병원,대야·신천
2137619494,서울안심치과의원,"의료,건강 > 병원 > 치과",HP8,병원,경기 시흥시 신천동 710-3,경기 시흥시 수인로 3350,031-520-2882,126.78658019,37.44017012,http://place.map.kakao.com/2137619494,병원,대야·신천
11298681,서울탑치과의원,"의료,건강 > 병원 > 치과",HP8,병원,경기 시흥시 신천동 709-6,경기 시흥시 복지로 3,031-313-2835,126.78691097,37.44027973,http://place.map.kakao.com/11298681,병원,대야·신천
832621418,시흥본플란트치과의원,"의료,건강 > 병원 > 치과",HP8,병원,경기 시흥시 대야동 454-6,경기 시흥시 복지로 87,031-364-8240,126.79094916,37.44692471,http://place.map.kakao.com/832621418,병원,대야·신천
51654309,시흥삼성S비뇨의학과의원,"의료,건강 > 병원 > 비뇨기과",HP8,병원,경기 시흥시 신천동 711-2,경기 시흥시 수인로 3362,031-313-3900,126.78548499,37.44064747,http://place.map.kakao.com/51654309,병원,대야·신천
1737655065,시흥서울안과의원,"의료,건강 > 병원 > 안과",HP8,병원,경기 시흥시 신천동 711-2,경기 시흥시 수인로 3362,031-507-1717,126.78548499,37.44064747,http://place.map.kakao.com/1737655065,병원,대야·신천
897783785,시흥센트럴이비인후과의원,"의료,건강 > 병원 > 이비인후과",HP8,병원,경기 시흥시 신천동 711-2,경기 시흥시 수인로 3362,031-364-8225,126.78550308,37.44064390,http://place.map.kakao.com/897783785,병원,대야·신천
26873217,시흥자인한방병원,"의료,건강 > 병원 > 한방병원",HP8,병원,경기 시흥시 대야동 543-1,경기 시흥시 비둘기공원7길 33,031-404-1075,126.79282301,37.44318340,http://place.map.kakao.com/26873217,병원,대야·신천
10541759,시흥정신건강의학과의원,"의료,건강 > 병원 > 정신건강의학과",HP8,병원,경기 시흥시 대야동 532-6,경기 시흥시 비둘기공원로 8,031-315-9114,126.79040685,37.44412205,http://place.map.kakao.com/10541759,병원,대야·신천
1025481189,시흥휴먼피부과의원,"의료,건강 > 병원 > 피부과",HP8,병원,경기 시흥시 대야동 534-1,경기 시흥시 비둘기공원6길 4,031-315-5501,126.79161698,37.44368945,http://place.map.kakao.com/1025481189,병원,대야·신천
10067433,신성철소아과의원,"의료,건강 > 병원 > 소아청소년과",HP8,병원,경기 시흥시 대야동 562-1,경기 시흥시 비둘기공원7길 18,031-311-4265,126.79318538,37.44454997,http://place.map.kakao.com/10067433,병원,대야·신천
1601168187,신천메트로정형외과의원,"의료,건강 > 병원 > 정형외과",HP8,병원,경기 시흥시 신천동 711-1,경기 시흥시 수인로 3362-1,031-313-5656,126.78529945,37.44072642,http://place.map.kakao.com/1601168187,병원,대야·신천
1634880281,신천역본튼튼의원,"의료,건강 > 병원 > 정형외과",HP8,병원,경기 시흥시 신천동 709-6,경기 시흥시 복지로 3,031-314-4666,126.78687810,37.44031482,http://place.map.kakao.com/1634880281,병원,대야·신천
788792211,아주편한마취통증의학과의원,"의료,건강 > 병원 > 통증클리닉",HP8,병원,경기 시흥시 신천동 711-2,경기 시흥시 수인로 3362,031-317-3690,126.78548499,37.44064747,http://place.map.kakao.com/788792211,병원,대야·신천
2060320500,연세대야s치과의원,"의료,건강 > 병원 > 치과",HP8,병원,경기 시흥시 대야동 568-1,경기 시흥시 복지로 90,031-401-7878,126.79166656,37.44699986,http://place.map.kakao.com/2060320500,병원,대야·신천
456456830,연세더바로치과의원,"의료,건강 > 병원 > 치과",HP8,병원,경기 시흥시 대야동 418-57,경기 시흥시 수인로 3330,031-8042-2877,126.78878126,37.43942262,http://place.map.kakao.com/456456830,병원,대야·신천
19125554,연세행복치과,"의료,건강 > 병원 > 치과",HP8,병원,경기 시흥시 대야동 573-3,경기 시흥시 대은로 79,031-315-2804,126.79705694,37.44455668,http://place.map.kakao.com/19125554,병원,대야·신천
9887508,예스부부치과,"의료,건강 > 병원 > 치과",HP8,병원,경기 시흥시 대야동 562-1,경기 시흥시 비둘기공원7길 18,031-318-7528,126.79308177,37.44442004,http://place.map.kakao.com/9887508,병원,대야·신천
9301333,우리내과의원,"의료,건강 > 병원 > 내과",HP8,병원,경기 시흥시 신천동 711-2,경기 시흥시 수인로 3362,031-404-4037,126.78548044,37.44065828,http://place.map.kakao.com/9301333,병원,대야·신천
892067729,이연정내과의원,"의료,건강 > 병원 > 내과",HP8,병원,경기 시흥시 대야동 541-15,경기 시흥시 비둘기공원1길 25,031-313-1900,126.79128861,37.44148409,http://place.map.kakao.com/892067729,병원,대야·신천
13520116,이종오신경외과,"의료,건강 > 병원 > 신경외과",HP8,병원,경기 시흥시 대야동 499-13,경기 시흥시 뱀내장터로 15,031-313-9775,126.78639138,37.44219525,http://place.map.kakao.com/13520116,병원,대야·신천
8499889,전치과의원,"의료,건강 > 병원 > 치과",HP8,병원,경기 시흥시 신천동 711-2,경기 시흥시 수인로 3362,031-313-2676,126.78548498,37.44065108,http://place.map.kakao.com/8499889,병원,대야·신천
1463893227,정성마취통증의학과의원,"의료,건강 > 병원 > 정형외과",HP8,병원,경기 시흥시 대야동 543-1,경기 시흥시 비둘기공원7길 33,031-312-3601,126.79274550,37.44301477,http://place.map.kakao.com/1463893227,병원,대야·신천
10791146,중앙산부인과,"의료,건강 > 병원 > 산부인과",HP8,병원,경기 시흥시 대야동 455-9,경기 시흥시 복지로 77,031-313-3333,126.79055202,37.44628429,http://place.map.kakao.com/10791146,병원,대야·신천
1292080752,참잘함한방병원 시흥점,"의료,건강 > 병원 > 한방병원",HP8,병원,경기 시흥시 대야동 568-1,경기 시흥시 복지로 90,031-312-4100,126.79166881,37.44700527,http://place.map.kakao.com/1292080752,병원,대야·신천
12099857,최내과의원,"의료,건강 > 병원 > 내과",HP8,병원,경기 시흥시 대야동 568-2,경기 시흥시 복지로 96,031-315-0875,126.79183080,37.44727226,http://place.map.kakao.com/12099857,병원,대야·신천
9534334,포우먼산부인과,"의료,건강 > 병원 > 산부인과",HP8,병원,경기 시흥시 대야동 543-1,경기 시흥시 비둘기공원7길 33,031-404-8206,126.79272852,37.44302466,http://place.map.kakao.com/9534334,병원,대야·신천
8641209,한사랑정신건강의학과의원,"의료,건강 > 병원 > 정신건강의학과",HP8,병원,경기 시흥시 신천동 711-2,경기 시흥시 수인로 3362,031-314-5830,126.78549401,37.44065470,http://place.map.kakao.com/8641209,병원,대야·신천
20493976,햇살좋은치과,"의료,건강 > 병원 > 치과",HP8,병원,경기 시흥시 대야동 542,경기 시흥시 비둘기공원로 28,031-404-3255,126.79185640,37.44292942,http://place.map.kakao.com/20493976,병원,대야·신천
1215919829,효성한방병원,"의료,건강 > 병원 > 한방병원",HP8,병원,경기 시흥시 대야동 541-2,경기 시흥시 비둘기공원6길 13-1,031-315-9977,126.79149668,37.44224491,http://place.map.kakao.com/1215919829,병원,대야·신천
1371405811,365이지힐링의원,"의료,건강 > 병원 > 내과",HP8,병원,경기 시흥시 산현동 506,경기 시흥시 산현마을길 58,031-413-0365,126.84523144,37.37645038,http://place.map.kakao.com/1371405811,병원,목감
2036388203,건강한정형외과의원,"의료,건강 > 병원 > 정형외과",HP8,병원,경기 시흥시 목감동 408,경기 시흥시 목감우회로 51,031-411-7333,126.86199387,37.38220614,http://place.map.kakao.com/2036388203,병원,목감
17791375,꾸러기소아청소년과의원,"의료,건강 > 병원 > 일반의원",HP8,병원,경기 시흥시 능곡동 762,경기 시흥시 승지로60번길 25,031-316-9955,126.81225303,37.36798796,http://place.map.kakao.com/17791375,병원,목감
410159072,목감365치과의원,"의료,건강 > 병원 > 치과",HP8,병원,경기 시흥시 목감동 403-2,경기 시흥시 목감우회로 45,031-475-0365,126.86088089,37.38202644,http://place.map.kakao.com/410159072,병원,목감
364984916,목감마음속내과의원,"의료,건강 > 병원 > 내과",HP8,병원,경기 시흥시 목감동 408,경기 시흥시 목감우회로 51,031-504-4020,126.86176352,37.38221308,http://place.map.kakao.com/364984916,병원,목감
1524871745,목감맑은피부과의원,"의료,건강 > 병원 > 피부과",HP8,병원,경기 시흥시 목감동 408,경기 시흥시 목감우회로 51,031-439-0209,126.86195765,37.38225656,http://place.map.kakao.com/1524871745,병원,목감
140967131,목감바른치과의원,"의료,건강 > 병원 > 치과",HP8,병원,경기 시흥시 조남동 657,경기 시흥시 목감남서로 9-27,031-481-9975,126.85342534,37.37794661,http://place.map.kakao.com/140967131,병원,목감
10336556,목감성모의원,"의료,건강 > 병원 > 일반의원",HP8,병원,경기 시흥시 논곡동 160-31,경기 시흥시 수인로2421번길 109,031-482-6965,126.86052443,37.38732584,http://place.map.kakao.com/10336556,병원,목감
71610808,목감연세내과의원,"의료,건강 > 병원 > 내과",HP8,병원,경기 시흥시 조남동 657-1,경기 시흥시 목감남서로 9-19,031-411-0818,126.85276517,37.37777910,http://place.map.kakao.com/71610808,병원,목감
1944256646,목감연세치과의원,"의료,건강 > 병원 > 치과",HP8,병원,경기 시흥시 목감동 408,경기 시흥시 목감우회로 51,031-439-2080,126.86195878,37.38225566,http://place.map.kakao.com/1944256646,병원,목감
9007322,목감열린치과의원,"의료,건강 > 병원 > 치과",HP8,병원,경기 시흥시 목감동 240-5,경기 시흥시 동서로 1086,031-480-7528,126.86023591,37.38581178,http://place.map.kakao.com/9007322,병원,목감
1167636774,목감정형외과의원,"의료,건강 > 병원 > 정형외과",HP8,병원,경기 시흥시 목감동 202-23,경기 시흥시 동서로 1106,031-480-0911,126.86128879,37.38738981,http://place.map.kakao.com/1167636774,병원,목감
2075242817,목감호수치과의원,"의료,건강 > 병원 > 치과",HP8,병원,경기 시흥시 산현동 506,경기 시흥시 산현마을길 58,031-8088-7528,126.84523144,37.37645038,http://place.map.kakao.com/2075242817,병원,목감
9066654,박재성내과의원,"의료,건강 > 병원 > 내과",HP8,병원,경기 시흥시 하상동 376-2,경기 시흥시 연성로 83,031-317-8003,126.81281420,37.39111631,http://place.map.kakao.com/9066654,병원,목감
1164939979,베스트내과의원,"의료,건강 > 병원 > 내과",HP8,병원,경기 시흥시 능곡동 762,경기 시흥시 승지로60번길 25,031-317-9226,126.81226769,37.36799159,http://place.map.kakao.com/1164939979,병원,목감
1715025035,서울감동치과의원 목감점,"의료,건강 > 병원 > 치과",HP8,병원,경기 시흥시 목감동 396-20,경기 시흥시 목감우회로 39,031-504-2750,126.86013388,37.38177507,http://place.map.kakao.com/1715025035,병원,목감
1975763872,서울미소치과의원,"의료,건강 > 병원 > 치과",HP8,병원,경기 시흥시 조남동 659,경기 시흥시 목감남서로 9-7,031-503-3377,126.85162870,37.37752990,http://place.map.kakao.com/1975763872,병원,목감
909623278,서울아산이비인후과,"의료,건강 > 병원 > 이비인후과",HP8,병원,경기 시흥시 목감동 408,경기 시흥시 목감우회로 51,031-411-0871,126.86195878,37.38225566,http://place.map.kakao.com/909623278,병원,목감
305368428,성모날개정형외과의원,"의료,건강 > 병원 > 정형외과",HP8,병원,경기 시흥시 조남동 654,경기 시흥시 목감남서로 9-33,031-411-7588,126.85332522,37.37833933,http://place.map.kakao.com/305368428,병원,목감
663468449,시흥코아이비인후과의원,"의료,건강 > 병원 > 이비인후과",HP8,병원,경기 시흥시 조남동 657,경기 시흥시 목감남서로 9-27,031-411-9111,126.85343776,37.37794752,http://place.map.kakao.com/663468449,병원,목감
289040512,심편한내과의원,"의료,건강 > 병원 > 내과",HP8,병원,경기 시흥시 조남동 711,경기 시흥시 수풀안길 14-22,031-484-7700,126.86200805,37.38124837,http://place.map.kakao.com/289040512,병원,목감
849682290,아이조은 행복쑥쑥 소아청소년과의원,"의료,건강 > 병원 > 소아청소년과",HP8,병원,경기 시흥시 조남동 657-2,경기 시흥시 목감남서로 9-15,031-439-0045,126.85241416,37.37771108,http://place.map.kakao.com/849682290,병원,목감
1128885599,아이조은365연합소아청소년과의원,"의료,건강 > 병원 > 소아청소년과",HP8,병원,경기 시흥시 조남동 677,경기 시흥시 목감중앙로 47,031-439-8838,126.85472437,37.37353139,http://place.map.kakao.com/1128885599,병원,목감
590488143,엠에스안과 목감점,"의료,건강 > 병원 > 안과",HP8,병원,경기 시흥시 목감동 408,경기 시흥시 목감우회로 51,031-604-1001,126.86195314,37.38225475,http://place.map.kakao.com/590488143,병원,목감
11102493,연성치과,"의료,건강 > 병원 > 치과",HP8,병원,경기 시흥시 하상동 376-1,경기 시흥시 연성로 83-1,031-317-9575,126.81262015,37.39104032,http://place.map.kakao.com/11102493,병원,목감
670194349,연세엘소아청소년과의원,"의료,건강 > 병원 > 소아청소년과",HP8,병원,경기 시흥시 조남동 657-1,경기 시흥시 목감남서로 9-19,031-414-1010,126.85269180,37.37776549,http://place.map.kakao.com/670194349,병원,목감
1162670775,연세은혜산부인과의원,"의료,건강 > 병원 > 산부인과",HP8,병원,경기 시흥시 조남동 657-1,경기 시흥시 목감남서로 9-19,031-364-8175,126.85276517,37.37777820,http://place.map.kakao.com/1162670775,병원,목감
13519061,오케이치과의원,"의료,건강 > 병원 > 치과",HP8,병원,경기 시흥시 능곡동 762,경기 시흥시 승지로60번길 25,031-435-8275,126.81225303,37.36798796,http://place.map.kakao.com/13519061,병원,목감
1074865665,우리들치과의원,"의료,건강 > 병원 > 치과",HP8,병원,경기 시흥시 조남동 657-1,경기 시흥시 목감남서로 9-19,031-475-2828,126.85277193,37.37778631,http://place.map.kakao.com/1074865665,병원,목감
9333048,이선수치과의원,"의료,건강 > 병원 > 치과",HP8,병원,경기 시흥시 논곡동 160-31,경기 시흥시 수인로2421번길 109,031-482-2875,126.86049841,37.38735464,http://place.map.kakao.com/9333048,병원,목감
1995270948,정샘소아청소년과의원,"의료,건강 > 병원 > 소아청소년과",HP8,병원,경기 시흥시 조남동 657,경기 시흥시 목감남서로 9-27,031-413-5575,126.85343437,37.37794662,http://place.map.kakao.com/1995270948,병원,목감
1127576520,한종완신경외과의원,"의료,건강 > 병원 > 신경외과",HP8,병원,경기 시흥시 능곡동 759,경기 시흥시 승지로60번길 17,031-318-7582,126.81257870,37.36867506,http://place.map.kakao.com/1127576520,병원,목감
1691649646,호소아청소년과의원,"의료,건강 > 병원 > 소아청소년과",HP8,병원,경기 시흥시 목감동 403-1,경기 시흥시 목감우회로 39,031-403-0077,126.86033689,37.38189785,http://place.map.kakao.com/1691649646,병원,목감
1367858879,강소아청소년과의원,"의료,건강 > 병원 > 소아청소년과",HP8,병원,경기 시흥시 배곧동 125,경기 시흥시 배곧4로 32-9,0507-1308-7577,126.72718953,37.37676770,http://place.map.kakao.com/1367858879,병원,배곧
661748524,다채움피부과의원,"의료,건강 > 병원 > 피부과",HP8,병원,경기 시흥시 배곧동 199-1,경기 시흥시 배곧3로 96,0507-1377-0236,126.73077707,37.36965334,http://place.map.kakao.com/661748524,병원,배곧
1411345201,닥터한치과의원,"의료,건강 > 병원 > 치과",HP8,병원,경기 시흥시 배곧동 77,경기 시흥시 배곧4로 103,031-434-2879,126.73459061,37.37381838,http://place.map.kakao.com/1411345201,병원,배곧
97395972,단비의원,"의료,건강 > 병원 > 일반의원",HP8,병원,경기 시흥시 배곧동 199-1,경기 시흥시 배곧3로 96,031-364-8282,126.73001107,37.36981828,http://place.map.kakao.com/97395972,병원,배곧
1681676859,더나은신경과내과의원,"의료,건강 > 병원 > 일반의원",HP8,병원,경기 시흥시 배곧동 223-2,경기 시흥시 서울대학로264번길 26-12,031-509-5100,126.72603935,37.36736828,http://place.map.kakao.com/1681676859,병원,배곧
1027649275,도도스이비인후과의원,"의료,건강 > 병원 > 이비인후과",HP8,병원,경기 시흥시 배곧동 199-1,경기 시흥시 배곧3로 96,031-431-6336,126.73042303,37.36984445,http://place.map.kakao.com/1027649275,병원,배곧
1524850411,라온소아청소년과의원,"의료,건강 > 병원 > 소아청소년과",HP8,병원,경기 시흥시 배곧동 77,경기 시흥시 배곧4로 103,070-7733-5056,126.73457693,37.37385799,http://place.map.kakao.com/1524850411,병원,배곧
898550425,리움산부인과의원,"의료,건강 > 병원 > 산부인과",HP8,병원,경기 시흥시 배곧동 200-1,경기 시흥시 서울대학로278번길 43-13,031-548-2619,126.73019156,37.36922672,http://place.map.kakao.com/898550425,병원,배곧
7878680,바른이치과의원,"의료,건강 > 병원 > 치과",HP8,병원,경기 시흥시 배곧동 199-1,경기 시흥시 배곧3로 96,031-499-2875,126.73001107,37.36981828,http://place.map.kakao.com/7878680,병원,배곧
1865943666,배곧비뇨의학과의원,"의료,건강 > 병원 > 비뇨기과",HP8,병원,경기 시흥시 배곧동 194-1,경기 시흥시 배곧3로 80,031-433-4361,126.72918499,37.37067687,http://place.map.kakao.com/1865943666,병원,배곧
657308926,배곧서울안과의원,"의료,건강 > 병원 > 안과",HP8,병원,경기 시흥시 배곧동 199-1,경기 시흥시 배곧3로 96,031-8042-7555,126.73047606,37.36985538,http://place.map.kakao.com/657308926,병원,배곧
2104049431,배곧서울정형외과의원,"의료,건강 > 병원 > 정형외과",HP8,병원,경기 시흥시 배곧동 200-1,경기 시흥시 서울대학로278번길 43-13,031-365-3413,126.73019040,37.36923483,http://place.map.kakao.com/2104049431,병원,배곧
2077998955,배곧연세소아청소년과의원,"의료,건강 > 병원 > 소아청소년과",HP8,병원,경기 시흥시 배곧동 200-1,경기 시흥시 서울대학로278번길 43-13,031-497-7533,126.73019042,37.36922762,http://place.map.kakao.com/2077998955,병원,배곧
74181042,배곧정형외과,"의료,건강 > 병원 > 정형외과",HP8,병원,경기 시흥시 배곧동 199-1,경기 시흥시 배곧3로 96,031-432-1230,126.73077703,37.36966685,http://place.map.kakao.com/74181042,병원,배곧
487540690,배곧조은재활의학과의원,"의료,건강 > 병원 > 재활의학과",HP8,병원,경기 시흥시 배곧동 193-3,경기 시흥시 서울대학로278번길 21,031-503-9555,126.72791567,37.36952966,http://place.map.kakao.com/487540690,병원,배곧
210752984,배곧쥬니어치과의원,"의료,건강 > 병원 > 치과",HP8,병원,경기 시흥시 배곧동 200-1,경기 시흥시 서울대학로278번길 43-13,031-994-2028,126.73019511,37.36918078,http://place.map.kakao.com/210752984,병원,배곧
2137890050,배곧치과의원,"의료,건강 > 병원 > 치과",HP8,병원,경기 시흥시 배곧동 125,경기 시흥시 배곧4로 32-9,031-433-2822,126.72719627,37.37677493,http://place.map.kakao.com/2137890050,병원,배곧
724269788,배곧탑치과의원,"의료,건강 > 병원 > 치과",HP8,병원,경기 시흥시 배곧동 191,경기 시흥시 서울대학로278번길 19-13,031-431-2822,126.72770513,37.37156098,http://place.map.kakao.com/724269788,병원,배곧
27445981,배곧퍼스트치과의원,"의료,건강 > 병원 > 치과",HP8,병원,경기 시흥시 배곧동 194-1,경기 시흥시 배곧3로 80,031-433-2080,126.72906577,37.37055135,http://place.map.kakao.com/27445981,병원,배곧
27472743,사랑내과의원,"의료,건강 > 병원 > 내과",HP8,병원,경기 시흥시 배곧동 194-1,경기 시흥시 배곧3로 80,031-497-1002,126.72906577,37.37055135,http://place.map.kakao.com/27472743,병원,배곧
361727241,삼성키즈소아청소년과,"의료,건강 > 병원 > 소아청소년과",HP8,병원,경기 시흥시 배곧동 199-1,경기 시흥시 배곧3로 96,031-431-0365,126.73033491,37.36986317,http://place.map.kakao.com/361727241,병원,배곧
1393507818,샤인치과의원,"의료,건강 > 병원 > 치과",HP8,병원,경기 시흥시 배곧동 200-1,경기 시흥시 서울대학로278번길 43-13,031-499-2804,126.73022520,37.36897541,http://place.map.kakao.com/1393507818,병원,배곧
527526525,서울뷰의원 시흥배곧,"의료,건강 > 병원 > 피부과",HP8,병원,경기 시흥시 배곧동 200-1,경기 시흥시 서울대학로278번길 43-13,031-8042-2121,126.73019156,37.36922672,http://place.map.kakao.com/527526525,병원,배곧
37817700,서울삼성내과의원,"의료,건강 > 병원 > 내과",HP8,병원,경기 시흥시 배곧동 199-1,경기 시흥시 배곧3로 96,031-431-7117,126.73044677,37.36983549,http://place.map.kakao.com/37817700,병원,배곧
413216240,서울수현치과의원,"의료,건강 > 병원 > 치과",HP8,병원,경기 시흥시 배곧동 128,경기 시흥시 배곧4로 32-19,031-498-2820,126.72623694,37.37729891,http://place.map.kakao.com/413216240,병원,배곧
265584409,서울아산이비인후과의원,"의료,건강 > 병원 > 이비인후과",HP8,병원,경기 시흥시 배곧동 200-1,경기 시흥시 서울대학로278번길 43-13,031-433-7511,126.73019156,37.36922672,http://place.map.kakao.com/265584409,병원,배곧
1539461102,서울웃는아이소아치과의원,"의료,건강 > 병원 > 치과",HP8,병원,경기 시흥시 배곧동 194-2,경기 시흥시 배곧3로 86,031-313-2877,126.72938067,37.37025834,http://place.map.kakao.com/1539461102,병원,배곧
711018337,서울윈치과의원,"의료,건강 > 병원 > 치과",HP8,병원,경기 시흥시 배곧동 194-2,경기 시흥시 배곧3로 86,031-319-3321,126.72948256,37.37017748,http://place.map.kakao.com/711018337,병원,배곧
956886517,스노우의원 시흥배곧점,"의료,건강 > 병원 > 피부과",HP8,병원,경기 시흥시 배곧동 194-2,경기 시흥시 배곧3로 86,031-499-9966,126.72938631,37.37026016,http://place.map.kakao.com/956886517,병원,배곧
1957948363,엘뷰티의원,"의료,건강 > 병원 > 피부과",HP8,병원,경기 시흥시 배곧동 216,경기 시흥시 서울대학로278번길 34,031-496-9120,126.72893874,37.36820480,http://place.map.kakao.com/1957948363,병원,배곧
1002005256,연세강남신경외과의원,"의료,건강 > 병원 > 신경외과",HP8,병원,경기 시흥시 배곧동 199-1,경기 시흥시 배곧3로 96,031-431-7588,126.73041970,37.36983093,http://place.map.kakao.com/1002005256,병원,배곧
519979713,연세베스트의원,"의료,건강 > 병원 > 일반의원",HP8,병원,경기 시흥시 배곧동 191,경기 시흥시 서울대학로278번길 19-13,031-488-9910,126.72799538,37.37027949,http://place.map.kakao.com/519979713,병원,배곧
1775376724,연세우리내과의원,"의료,건강 > 병원 > 내과",HP8,병원,경기 시흥시 배곧동 194-2,경기 시흥시 배곧3로 86,031-507-2479,126.72953207,37.37022445,http://place.map.kakao.com/1775376724,병원,배곧
35123920,연세클리어의원,"의료,건강 > 병원 > 피부과",HP8,병원,경기 시흥시 배곧동 199-1,경기 시흥시 배곧3로 96,031-365-5533,126.73042967,37.36988231,http://place.map.kakao.com/35123920,병원,배곧
347892983,연세탑의원,"의료,건강 > 병원 > 일반의원",HP8,병원,경기 시흥시 배곧동 128,경기 시흥시 배곧4로 32-19,031-509-5075,126.72623245,37.37729169,http://place.map.kakao.com/347892983,병원,배곧
1210153578,열린마음정신건강의학과의원,"의료,건강 > 병원 > 정신건강의학과",HP8,병원,경기 시흥시 배곧동 199-1,경기 시흥시 배곧3로 96,031-432-8383,126.73038912,37.36985699,http://place.map.kakao.com/1210153578,병원,배곧
907981698,유앤아이의원 시흥배곧점,"의료,건강 > 병원 > 피부과",HP8,병원,경기 시흥시 배곧동 199-1,경기 시흥시 배곧3로 96,031-362-6028,126.73001107,37.36981828,http://place.map.kakao.com/907981698,병원,배곧
2143254528,코아이비인후과의원,"의료,건강 > 병원 > 이비인후과",HP8,병원,경기 시흥시 배곧동 194-1,경기 시흥시 배곧3로 80,031-319-3220,126.72906577,37.37055135,http://place.map.kakao.com/2143254528,병원,배곧
2040388195,포에버의원 시흥점,"의료,건강 > 병원 > 피부과",HP8,병원,경기 시흥시 배곧동 194-2,경기 시흥시 배곧3로 86,1644-8132,126.72950850,37.37018655,http://place.map.kakao.com/2040388195,병원,배곧
11980720,늘푸른치과의원,"의료,건강 > 병원 > 치과",HP8,병원,경기 시흥시 장곡동 820-3,경기 시흥시 진말로9번길 2,031-404-2822,126.78524447,37.37846596,http://place.map.kakao.com/11980720,병원,연성
888130855,도담성모정형외과의원,"의료,건강 > 병원 > 정형외과",HP8,병원,경기 시흥시 장곡동 823-1,경기 시흥시 진말로 20,031-365-5987,126.78579138,37.37910488,http://place.map.kakao.com/888130855,병원,연성
821347313,미올린의원 시흥점,"의료,건강 > 병원 > 피부과",HP8,병원,경기 시흥시 장곡동 817-3,경기 시흥시 장곡로37번길 16,031-313-2536,126.78440213,37.37808960,http://place.map.kakao.com/821347313,병원,연성
349948221,밴스의원 시흥,"의료,건강 > 병원 > 피부과",HP8,병원,경기 시흥시 장곡동 882-4,경기 시흥시 장곡1로 5,031-8042-3652,126.78478841,37.37962385,http://place.map.kakao.com/349948221,병원,연성
1778596935,삼성늘봄산부인과의원,"의료,건강 > 병원 > 산부인과",HP8,병원,경기 시흥시 장곡동 895-5,경기 시흥시 황고개로 531,031-504-7575,126.78860892,37.37812333,http://place.map.kakao.com/1778596935,병원,연성
74421754,성모베스트내과의원,"의료,건강 > 병원 > 내과",HP8,병원,경기 시흥시 장곡동 877-1,경기 시흥시 장곡로 50,031-315-2121,126.78319069,37.37964526,http://place.map.kakao.com/74421754,병원,연성
1267871932,시흥장곡역치과의원,"의료,건강 > 병원 > 치과",HP8,병원,경기 시흥시 장곡동 932-5,경기 시흥시 황고개로 530,031-314-2842,126.78924788,37.37815420,http://place.map.kakao.com/1267871932,병원,연성
13518267,엘치과의원,"의료,건강 > 병원 > 치과",HP8,병원,경기 시흥시 포동 13-22,경기 시흥시 신현로38번길 26,031-315-2812,126.78406475,37.40754516,http://place.map.kakao.com/13518267,병원,연성
1941360882,연세햇님소아청소년과의원,"의료,건강 > 병원 > 소아청소년과",HP8,병원,경기 시흥시 장곡동 932-5,경기 시흥시 황고개로 530,031-313-5688,126.78925114,37.37820106,http://place.map.kakao.com/1941360882,병원,연성
1211012160,우리의원,"의료,건강 > 병원 > 일반의원",HP8,병원,경기 시흥시 장곡동 904-2,경기 시흥시 인선길 21,031-506-1075,126.78609091,37.37700153,http://place.map.kakao.com/1211012160,병원,연성
1415190702,원이비인후과의원,"의료,건강 > 병원 > 이비인후과",HP8,병원,경기 시흥시 장곡동 895-5,경기 시흥시 황고개로 531,031-317-8001,126.78860892,37.37812333,http://place.map.kakao.com/1415190702,병원,연성
25620179,이배진내과의원,"의료,건강 > 병원 > 내과",HP8,병원,경기 시흥시 장곡동 823-1,경기 시흥시 진말로 20,031-317-8375,126.78579137,37.37910758,http://place.map.kakao.com/25620179,병원,연성
1043738791,장곡정형외과의원,"의료,건강 > 병원 > 정형외과",HP8,병원,경기 시흥시 장곡동 385-8,경기 시흥시 장곡로 50,031-317-7780,126.78313625,37.37973076,http://place.map.kakao.com/1043738791,병원,연성
18055482,제일내과의원,"의료,건강 > 병원 > 내과",HP8,병원,경기 시흥시 하중동 856-6,경기 시흥시 하중로 199,031-404-2228,126.80501941,37.39398699,http://place.map.kakao.com/18055482,병원,연성
1495275389,최소아청소년과의원,"의료,건강 > 병원 > 소아청소년과",HP8,병원,경기 시흥시 장곡동 820-3,경기 시흥시 진말로9번길 2,031-503-7533,126.78535320,37.37834542,http://place.map.kakao.com/1495275389,병원,연성
438210810,코코이비인후과의원,"의료,건강 > 병원 > 이비인후과",HP8,병원,경기 시흥시 장곡동 877-1,경기 시흥시 장곡로 50,031-435-0503,126.78302142,37.37961161,http://place.map.kakao.com/438210810,병원,연성
10884599,편한이치과의원,"의료,건강 > 병원 > 치과",HP8,병원,경기 시흥시 하중동 857-1,경기 시흥시 하중로 201,031-404-7528,126.80513273,37.39383580,http://place.map.kakao.com/10884599,병원,연성
9534408,하나치과의원,"의료,건강 > 병원 > 치과",HP8,병원,경기 시흥시 장곡동 823-1,경기 시흥시 진말로 20,031-317-4020,126.78579137,37.37910848,http://place.map.kakao.com/9534408,병원,연성
10008419,하이덴치과의원,"의료,건강 > 병원 > 치과",HP8,병원,경기 시흥시 장곡동 877-1,경기 시흥시 장곡로 50,031-435-2875,126.78316340,37.37971098,http://place.map.kakao.com/10008419,병원,연성
8629432,한빛 치과의원,"의료,건강 > 병원 > 치과",HP8,병원,경기 시흥시 하중동 856-1,경기 시흥시 하중로 193,031-318-2875,126.80459366,37.39442238,http://place.map.kakao.com/8629432,병원,연성
11748785,한사랑산부인과의원,"의료,건강 > 병원 > 산부인과",HP8,병원,경기 시흥시 장곡동 823-1,경기 시흥시 진말로 20,031-317-8374,126.78579137,37.37910758,http://place.map.kakao.com/11748785,병원,연성
9660301,굿모닝치과의원,"의료,건강 > 병원 > 치과",HP8,병원,경기 시흥시 월곶동 1009-2,경기 시흥시 월곶중앙로 58,031-404-1879,126.73900678,37.38894104,http://place.map.kakao.com/9660301,병원,월곶
8814198,김영준내과의원,"의료,건강 > 병원 > 내과",HP8,병원,경기 시흥시 월곶동 1009-3,경기 시흥시 월곶중앙로 58,031-317-6860,126.73912670,37.38887553,http://place.map.kakao.com/8814198,병원,월곶
637706647,마음한방병원,"의료,건강 > 병원 > 한방병원",HP8,병원,경기 시흥시 월곶동 991-28,경기 시흥시 월곶중앙로14번길 68,031-8042-7584,126.74171952,37.39213120,http://place.map.kakao.com/637706647,병원,월곶
100949543,배곧건치과의원,"의료,건강 > 병원 > 치과",HP8,병원,경기 시흥시 배곧동 18-3,경기 시흥시 배곧5로 66-7,031-8042-7528,126.73471937,37.38213961,http://place.map.kakao.com/100949543,병원,월곶
2012118312,배곧누리의원,"의료,건강 > 병원 > 소아청소년과",HP8,병원,경기 시흥시 배곧동 18-3,경기 시흥시 배곧5로 66-7,031-499-2223,126.73473405,37.38213874,http://place.map.kakao.com/2012118312,병원,월곶
9107076,서울드림치과의원,"의료,건강 > 병원 > 치과",HP8,병원,경기 시흥시 월곶동 1010-4,경기 시흥시 월곶중앙로70번길 3,031-435-4428,126.73805387,37.38954352,http://place.map.kakao.com/9107076,병원,월곶
1104104647,서울안녕내과의원,"의료,건강 > 병원 > 내과",HP8,병원,경기 시흥시 월곶동 1008,경기 시흥시 월곶중앙로58번길 5-6,031-316-8857,126.73875868,37.38949462,http://place.map.kakao.com/1104104647,병원,월곶
18285625,아산드림소아청소년과의원,"의료,건강 > 병원 > 소아청소년과",HP8,병원,경기 시흥시 월곶동 1010-4,경기 시흥시 월곶중앙로70번길 3,031-435-0505,126.73818357,37.38959066,http://place.map.kakao.com/18285625,병원,월곶
13553104,연세사랑 의원,"의료,건강 > 병원 > 일반의원",HP8,병원,경기 시흥시 월곶동 994-1,경기 시흥시 월곶중앙로30번길 4,031-435-0970,126.74233359,37.38758509,http://place.map.kakao.com/13553104,병원,월곶
1726148260,열린이비인후과의원,"의료,건강 > 병원 > 이비인후과",HP8,병원,경기 시흥시 월곶동 1010-4,경기 시흥시 월곶중앙로70번길 3,031-318-7275,126.73817220,37.38961316,http://place.map.kakao.com/1726148260,병원,월곶
786699812,월곶바른치과,"의료,건강 > 병원 > 치과",HP8,병원,경기 시흥시 월곶동 1014-1,경기 시흥시 월곶중앙로 63,,126.73806107,37.38877226,http://place.map.kakao.com/786699812,병원,월곶
13553103,이신우가정의학과의원,"의료,건강 > 병원 > 통증클리닉",HP8,병원,경기 시흥시 월곶동 1010-4,경기 시흥시 월곶중앙로70번길 3,031-317-3993,126.73792236,37.38937023,http://place.map.kakao.com/13553103,병원,월곶
1950103175,파티마외과의원,"의료,건강 > 병원 > 외과",HP8,병원,경기 시흥시 월곶동 1010-4,경기 시흥시 월곶중앙로70번길 3,031-317-4341,126.73816659,37.38960414,http://place.map.kakao.com/1950103175,병원,월곶
1434623415,굿모닝재활의학과의원,"의료,건강 > 병원 > 재활의학과",HP8,병원,경기 시흥시 은행동 646,경기 시흥시 은계번영길 1,031-313-8305,126.80162313,37.43656974,http://place.map.kakao.com/1434623415,병원,은행·은계
1970427546,뉴욕치과의원,"의료,건강 > 병원 > 치과",HP8,병원,경기 시흥시 은행동 646-10,경기 시흥시 은계번영길 23,031-435-2804,126.80390420,37.43710875,http://place.map.kakao.com/1970427546,병원,은행·은계
1848062339,리멤버피부과의원 시흥점,"의료,건강 > 병원 > 피부과",HP8,병원,경기 시흥시 은행동 646-4,경기 시흥시 은계번영길 9,031-311-1125,126.80162516,37.43750950,http://place.map.kakao.com/1848062339,병원,은행·은계
2008405488,리얼유의원,"의료,건강 > 병원 > 피부과",HP8,병원,경기 시흥시 은행동 646-10,경기 시흥시 은계번영길 23,031-365-3369,126.80391318,37.43712949,http://place.map.kakao.com/2008405488,병원,은행·은계
1705499371,명소아청소년과의원,"의료,건강 > 병원 > 소아청소년과",HP8,병원,경기 시흥시 은행동 646-6,경기 시흥시 은계번영길 13,031-311-7576,126.80259714,37.43742823,http://place.map.kakao.com/1705499371,병원,은행·은계
10420380,문소아과의원,"의료,건강 > 병원 > 소아청소년과",HP8,병원,경기 시흥시 은행동 539-7,경기 시흥시 은행로 130,031-315-0029,126.80000220,37.44273805,http://place.map.kakao.com/10420380,병원,은행·은계
1756929779,미르소아청소년과의원,"의료,건강 > 병원 > 소아청소년과",HP8,병원,경기 시흥시 은행동 646-4,경기 시흥시 은계번영길 9,031-313-2075,126.80163306,37.43751492,http://place.map.kakao.com/1756929779,병원,은행·은계
1058066035,바로나정형외과의원,"의료,건강 > 병원 > 정형외과",HP8,병원,경기 시흥시 은행동 646-8,경기 시흥시 은계번영길 19,031-316-0854,126.80301018,37.43719646,http://place.map.kakao.com/1058066035,병원,은행·은계
69210502,바른소아청소년과의원,"의료,건강 > 병원 > 소아청소년과",HP8,병원,경기 시흥시 은행동 645-1,경기 시흥시 은계번영길 2,031-364-8232,126.80223336,37.43654283,http://place.map.kakao.com/69210502,병원,은행·은계
985336110,봄봄정신건강의학과의원,"의료,건강 > 병원 > 정신건강의학과",HP8,병원,경기 시흥시 은행동 646-4,경기 시흥시 은계번영길 9,031-311-7588,126.80163544,37.43747077,http://place.map.kakao.com/985336110,병원,은행·은계
1910463308,삼성바른내과의원 시흥,"의료,건강 > 병원 > 내과",HP8,병원,경기 시흥시 은행동 646-10,경기 시흥시 은계번영길 23,031-311-2479,126.80411202,37.43714243,http://place.map.kakao.com/1910463308,병원,은행·은계
1930995574,삼성새봄안과의원,"의료,건강 > 병원 > 안과",HP8,병원,경기 시흥시 은행동 646-5,경기 시흥시 은계번영길 11,031-507-0990,126.80216104,37.43740408,http://place.map.kakao.com/1930995574,병원,은행·은계
1063147716,새론산부인과의원,"의료,건강 > 병원 > 산부인과",HP8,병원,경기 시흥시 은행동 646-10,경기 시흥시 은계번영길 23,031-311-0345,126.80400794,37.43719181,http://place.map.kakao.com/1063147716,병원,은행·은계
1941383682,서울라이프치과,"의료,건강 > 병원 > 치과",HP8,병원,경기 시흥시 은행동 646-4,경기 시흥시 은계번영길 9,031-316-2879,126.80176422,37.43748270,http://place.map.kakao.com/1941383682,병원,은행·은계
920337037,서울바른정치과의원,"의료,건강 > 병원 > 치과",HP8,병원,경기 시흥시 은행동 646-8,경기 시흥시 은계번영길 19,031-404-2804,126.80304051,37.43726499,http://place.map.kakao.com/920337037,병원,은행·은계
1069839233,성모퍼스트내과의원,"의료,건강 > 병원 > 내과",HP8,병원,경기 시흥시 은행동 646-4,경기 시흥시 은계번영길 9,031-311-7511,126.80163544,37.43747077,http://place.map.kakao.com/1069839233,병원,은행·은계
9158968,수치과의원,"의료,건강 > 병원 > 치과",HP8,병원,경기 시흥시 은행동 547-7,경기 시흥시 은행로 92,031-311-2879,126.79751071,37.43971722,http://place.map.kakao.com/9158968,병원,은행·은계
1012398029,숨앤소리이비인후과의원,"의료,건강 > 병원 > 이비인후과",HP8,병원,경기 시흥시 은행동 646-8,경기 시흥시 은계번영길 19,031-507-5123,126.80301787,37.43727937,http://place.map.kakao.com/1012398029,병원,은행·은계
13011117,시흥조아치과의원,"의료,건강 > 병원 > 치과",HP8,병원,경기 시흥시 은행동 547-4,경기 시흥시 은행로 86,031-318-9916,126.79713680,37.43925525,http://place.map.kakao.com/13011117,병원,은행·은계
571359773,에코이비인후과의원,"의료,건강 > 병원 > 이비인후과",HP8,병원,경기 시흥시 은행동 646-5,경기 시흥시 은계번영길 11,031-504-3838,126.80215987,37.43742029,http://place.map.kakao.com/571359773,병원,은행·은계
737089489,연세드림내과의원,"의료,건강 > 병원 > 내과",HP8,병원,경기 시흥시 은행동 646,경기 시흥시 은계번영길 1,031-316-8275,126.80158237,37.43659940,http://place.map.kakao.com/737089489,병원,은행·은계
962743793,연세디에이지의원,"의료,건강 > 병원 > 피부과",HP8,병원,경기 시흥시 은행동 646-4,경기 시흥시 은계번영길 9,031-318-1013,126.80163419,37.43751492,http://place.map.kakao.com/962743793,병원,은행·은계
1845217670,올스마일치과 시흥점,"의료,건강 > 병원 > 치과",HP8,병원,경기 시흥시 은행동 646-6,경기 시흥시 은계번영길 13,031-313-2804,126.80256344,37.43735339,http://place.map.kakao.com/1845217670,병원,은행·은계
1451771374,은계두리이비인후과,"의료,건강 > 병원 > 이비인후과",HP8,병원,경기 시흥시 은행동 646-10,경기 시흥시 은계번영길 23,031-365-4750,126.80397087,37.43710796,http://place.map.kakao.com/1451771374,병원,은행·은계
1834166830,은계바른정형외과의원,"의료,건강 > 병원 > 정형외과",HP8,병원,경기 시흥시 은행동 646-4,경기 시흥시 은계번영길 9,031-312-8252,126.80162516,37.43750950,http://place.map.kakao.com/1834166830,병원,은행·은계
1427247128,은계새미소치과의원,"의료,건강 > 병원 > 치과",HP8,병원,경기 시흥시 은행동 646-10,경기 시흥시 은계번영길 23,031-311-1434,126.80392224,37.43712229,http://place.map.kakao.com/1427247128,병원,은행·은계
1294584898,은계성모정형외과의원,"의료,건강 > 병원 > 정형외과",HP8,병원,경기 시흥시 은행동 646-10,경기 시흥시 은계번영길 23,031-503-7575,126.80392224,37.43712229,http://place.map.kakao.com/1294584898,병원,은행·은계
268690002,은계스마트치과의원,"의료,건강 > 병원 > 치과",HP8,병원,경기 시흥시 은행동 646,경기 시흥시 은계번영길 1,031-504-5445,126.80160959,37.43655980,http://place.map.kakao.com/268690002,병원,은행·은계
466113708,은계아이빛주니어치과의원,"의료,건강 > 병원 > 치과",HP8,병원,경기 시흥시 은행동 646-8,경기 시흥시 은계번영길 19,031-311-2275,126.80304051,37.43726499,http://place.map.kakao.com/466113708,병원,은행·은계
465444367,은계연세이비인후과의원,"의료,건강 > 병원 > 이비인후과",HP8,병원,경기 시흥시 은행동 646,경기 시흥시 은계번영길 1,031-504-3100,126.80161646,37.43652738,http://place.map.kakao.com/465444367,병원,은행·은계
1490193918,은계이엠365의원,"의료,건강 > 병원 > 일반의원",HP8,병원,경기 시흥시 은행동 93-3,경기 시흥시 은행고길 28,031-317-9111,126.79932832,37.44076369,http://place.map.kakao.com/1490193918,병원,은행·은계
1104568313,은계코아이비인후과의원,"의료,건강 > 병원 > 이비인후과",HP8,병원,경기 시흥시 은행동 646-6,경기 시흥시 은계번영길 13,031-506-2772,126.80257477,37.43733990,http://place.map.kakao.com/1104568313,병원,은행·은계
674207787,은계탑내과의원,"의료,건강 > 병원 > 내과",HP8,병원,경기 시흥시 은행동 611,경기 시흥시 은계로 260,031-509-7577,126.80313245,37.44486970,http://place.map.kakao.com/674207787,병원,은행·은계
206267070,은계퍼스트치과의원,"의료,건강 > 병원 > 치과",HP8,병원,경기 시흥시 은행동 646-5,경기 시흥시 은계번영길 11,031-504-7528,126.80218433,37.43757171,http://place.map.kakao.com/206267070,병원,은행·은계
564438353,은계하나내과의원,"의료,건강 > 병원 > 내과",HP8,병원,경기 시흥시 은행동 646-8,경기 시흥시 은계번영길 19,031-317-2111,126.80304051,37.43726499,http://place.map.kakao.com/564438353,병원,은행·은계
14552451,이바로치과교정과치과의원,"의료,건강 > 병원 > 치과",HP8,병원,경기 시흥시 은행동 646-4,경기 시흥시 은계번영길 9,031-315-2885,126.80163419,37.43751492,http://place.map.kakao.com/14552451,병원,은행·은계
118505966,클리어치과교정과치과의원,"의료,건강 > 병원 > 치과",HP8,병원,경기 시흥시 은행동 649,경기 시흥시 수인로 3245,031-314-2822,126.79800718,37.43830527,http://place.map.kakao.com/118505966,병원,은행·은계
1539155091,클리어치과의원,"의료,건강 > 병원 > 치과",HP8,병원,경기 시흥시 은행동 649,경기 시흥시 수인로 3245,0507-1402-2822,126.79800718,37.43830527,http://place.map.kakao.com/1539155091,병원,은행·은계
786923314,프렌즈의원,"의료,건강 > 병원 > 소아청소년과",HP8,병원,경기 시흥시 은행동 618-1,경기 시흥시 수인로 3244,031-314-3377,126.79846322,37.43889982,http://place.map.kakao.com/786923314,병원,은행·은계
499779175,피오라의원,"의료,건강 > 병원 > 피부과",HP8,병원,경기 시흥시 은행동 646-8,경기 시흥시 은계번영길 19,031-317-3117,126.80301562,37.43727756,http://place.map.kakao.com/499779175,병원,은행·은계
1843783618,365장곡편한내과의원,"의료,건강 > 병원 > 내과",HP8,병원,경기 시흥시 장곡동 251,경기 시흥시 장현장곡로 2,031-311-7553,126.78929784,37.37886250,http://place.map.kakao.com/1843783618,병원,장현
754578569,강한마디재활의학과,"의료,건강 > 병원 > 재활의학과",HP8,병원,경기 시흥시 장곡동 932-5,경기 시흥시 황고개로 530,031-315-7100,126.78925114,37.37820106,http://place.map.kakao.com/754578569,병원,장현
1820177997,김사라소아청소년과의원,"의료,건강 > 병원 > 소아청소년과",HP8,병원,경기 시흥시 장곡동 251,경기 시흥시 장현장곡로 2,031-315-0608,126.78929218,37.37886609,http://place.map.kakao.com/1820177997,병원,장현
2045613769,미소아이안과 장곡,"의료,건강 > 병원 > 안과",HP8,병원,경기 시흥시 장곡동 932-2,경기 시흥시 장현장곡로 2,031-311-1006,126.78928214,37.37882462,http://place.map.kakao.com/2045613769,병원,장현
1886879208,미엘피부과의원 시흥점,"의료,건강 > 병원 > 피부과",HP8,병원,경기 시흥시 장곡동 251,경기 시흥시 장현장곡로 2,031-312-9800,126.78929784,37.37886250,http://place.map.kakao.com/1886879208,병원,장현
1303762910,서울스마트치과의원,"의료,건강 > 병원 > 치과",HP8,병원,경기 시흥시 장곡동 251,경기 시흥시 장현장곡로 2,031-311-2850,126.78929220,37.37885888,http://place.map.kakao.com/1303762910,병원,장현
1083894367,아이한길소아치과,"의료,건강 > 병원 > 치과",HP8,병원,경기 시흥시 장곡동 932-3,경기 시흥시 황고개로 536,031-8044-7522,126.78924807,37.37848938,http://place.map.kakao.com/1083894367,병원,장현
2120290486,연세탑마취통증의학과,"의료,건강 > 병원 > 정형외과",HP8,병원,경기 시흥시 장곡동 251,경기 시흥시 장현장곡로 2,031-795-9575,126.78929784,37.37886250,http://place.map.kakao.com/2120290486,병원,장현
664024112,예가치과의원,"의료,건강 > 병원 > 치과",HP8,병원,경기 시흥시 장곡동 196,경기 시흥시 장현장곡로 6,031-435-2879,126.78970753,37.37892089,http://place.map.kakao.com/664024112,병원,장현
1596318440,예일연합이비인후과의원,"의료,건강 > 병원 > 일반의원",HP8,병원,경기 시흥시 장곡동 251,경기 시흥시 장현장곡로 2,031-313-7585,126.78929784,37.37886250,http://place.map.kakao.com/1596318440,병원,장현
1596238392,참편한비뇨의학과의원,"의료,건강 > 병원 > 비뇨기과",HP8,병원,경기 시흥시 장곡동 251,경기 시흥시 장현장곡로 2,031-404-8236,126.78929784,37.37886250,http://place.map.kakao.com/1596238392,병원,장현
614698817,키즈드림소아청소년과의원,"의료,건강 > 병원 > 소아청소년과",HP8,병원,경기 시흥시 장곡동 196,경기 시흥시 장현장곡로 6,031-311-7797,126.78970753,37.37891999,http://place.map.kakao.com/614698817,병원,장현
10994300,85서울정형외과의원,"의료,건강 > 병원 > 정형외과",HP8,병원,경기 시흥시 정왕동 1734-7,경기 시흥시 정왕대로 230,031-434-8575,126.73858836,37.34486112,http://place.map.kakao.com/10994300,병원,정왕
11032841,굿모닝미항외과의원,"의료,건강 > 병원 > 항문외과",HP8,병원,경기 시흥시 정왕동 1734-7,경기 시흥시 정왕대로 230,031-505-7272,126.73856679,37.34489802,http://place.map.kakao.com/11032841,병원,정왕
8613042,더클래식산부인과의원,"의료,건강 > 병원 > 산부인과",HP8,병원,경기 시흥시 정왕동 1735-1,경기 시흥시 중심상가2길 2,031-431-7110,126.73579468,37.34596859,http://place.map.kakao.com/8613042,병원,정왕
10292476,동서외과의원,"의료,건강 > 병원 > 외과",HP8,병원,경기 시흥시 정왕동 1726-1,경기 시흥시 정왕대로 174,031-433-8275,126.73349398,37.34806823,http://place.map.kakao.com/10292476,병원,정왕
7845204,두리이비인후과의원,"의료,건강 > 병원 > 이비인후과",HP8,병원,경기 시흥시 정왕동 1734-5,경기 시흥시 정왕대로 220,031-431-7222,126.73771891,37.34564129,http://place.map.kakao.com/7845204,병원,정왕
656312628,마디탄탄정형외과의원,"의료,건강 > 병원 > 정형외과",HP8,병원,경기 시흥시 정왕동 1744-1,경기 시흥시 중심상가4길 24,031-498-8875,126.73729640,37.34349501,http://place.map.kakao.com/656312628,병원,정왕
24584476,마음과마음정신건강의학과의원,"의료,건강 > 병원 > 정신건강의학과",HP8,병원,경기 시흥시 정왕동 1734-7,경기 시흥시 정왕대로 230,031-499-4975,126.73821569,37.34493238,http://place.map.kakao.com/24584476,병원,정왕
9018616,마음속내과의원,"의료,건강 > 병원 > 내과",HP8,병원,경기 시흥시 정왕동 1734-7,경기 시흥시 정왕대로 230,031-506-7000,126.73868995,37.34485684,http://place.map.kakao.com/9018616,병원,정왕
10344103,메디월드의원,"의료,건강 > 병원 > 정신건강의학과",HP8,병원,경기 시흥시 정왕동 1736-2,경기 시흥시 중심상가2길 12-2,031-499-1447,126.73652745,37.34555215,http://place.map.kakao.com/10344103,병원,정왕
26455594,미소안e바른치과의원,"의료,건강 > 병원 > 치과",HP8,병원,경기 시흥시 정왕동 1736-2,경기 시흥시 중심상가2길 12-2,031-432-2874,126.73647332,37.34554121,http://place.map.kakao.com/26455594,병원,정왕
1097768274,바로드림치과의원 시화점,"의료,건강 > 병원 > 치과",HP8,병원,경기 시흥시 정왕동 1734-2,경기 시흥시 정왕대로 210,031-498-2282,126.73687143,37.34594215,http://place.map.kakao.com/1097768274,병원,정왕
10404376,박동원재활의학과의원,"의료,건강 > 병원 > 재활의학과",HP8,병원,경기 시흥시 정왕동 1734-5,경기 시흥시 정왕대로 220,031-433-3311,126.73753903,37.34544267,http://place.map.kakao.com/10404376,병원,정왕
10407420,방승호내과의원,"의료,건강 > 병원 > 내과",HP8,병원,경기 시흥시 정왕동 1736-2,경기 시흥시 중심상가2길 12-2,031-488-8275,126.73646883,37.34553399,http://place.map.kakao.com/10407420,병원,정왕
9068483,사과나무치과,"의료,건강 > 병원 > 치과",HP8,병원,경기 시흥시 정왕동 1731-1,경기 시흥시 중심상가로 146,031-431-3223,126.73196797,37.34683578,http://place.map.kakao.com/9068483,병원,정왕
27420108,서울바로마취통증의학과의원,"의료,건강 > 병원 > 통증클리닉",HP8,병원,경기 시흥시 정왕동 1734-7,경기 시흥시 정왕대로 230,031-433-2290,126.73855204,37.34492231,http://place.map.kakao.com/27420108,병원,정왕
11492096,서울보스톤고른이치과의원,"의료,건강 > 병원 > 치과",HP8,병원,경기 시흥시 정왕동 1737-2,경기 시흥시 중심상가3길 10-1,031-319-2804,126.73674991,37.34519133,http://place.map.kakao.com/11492096,병원,정왕
1718759213,서울숙면치과의원 시흥,"의료,건강 > 병원 > 치과",HP8,병원,경기 시흥시 정왕동 1737-1,경기 시흥시 중심상가3길 10,031-311-2875,126.73690757,37.34528809,http://place.map.kakao.com/1718759213,병원,정왕
519297820,서울정성드림치과의원,"의료,건강 > 병원 > 치과",HP8,병원,경기 시흥시 정왕동 1739-2,경기 시흥시 중심상가4길 10-1,031-504-2928,126.73809920,37.34435276,http://place.map.kakao.com/519297820,병원,정왕
17210090,시화박산부인과의원,"의료,건강 > 병원 > 산부인과",HP8,병원,경기 시흥시 정왕동 1726-4,경기 시흥시 정왕대로 184,031-319-7861,126.73441249,37.34747922,http://place.map.kakao.com/17210090,병원,정왕
13518786,시화센타치과의원,"의료,건강 > 병원 > 치과",HP8,병원,경기 시흥시 정왕동 1736-2,경기 시흥시 중심상가2길 12-2,031-434-2828,126.73650932,37.34557373,http://place.map.kakao.com/13518786,병원,정왕
8448078,시화예치과병원,"의료,건강 > 병원 > 치과",HP8,병원,경기 시흥시 정왕동 1735-4,경기 시흥시 마유로 330,031-432-0600,126.73536748,37.34549549,http://place.map.kakao.com/8448078,병원,정왕
12385626,시화한방병원,"의료,건강 > 병원 > 한방병원",HP8,병원,경기 시흥시 정왕동 1740-2,경기 시흥시 마유로 320,031-497-7571,126.73460263,37.34476215,http://place.map.kakao.com/12385626,병원,정왕
1840877924,시흥고려튼튼의원,"의료,건강 > 병원 > 재활의학과",HP8,병원,경기 시흥시 정왕동 1734-2,경기 시흥시 정왕대로 210,031-499-7585,126.73687143,37.34594215,http://place.map.kakao.com/1840877924,병원,정왕
582500695,시흥한방병원,"의료,건강 > 병원 > 한방병원",HP8,병원,경기 시흥시 정왕동 1739-1,경기 시흥시 중심상가4길 10,031-364-8275,126.73826919,37.34447478,http://place.map.kakao.com/582500695,병원,정왕
701354935,신기찬정형외과의원,"의료,건강 > 병원 > 정형외과",HP8,병원,경기 시흥시 정왕동 1739-6,경기 시흥시 중심상가4길 16-1,031-432-1432,126.73772151,37.34392214,http://place.map.kakao.com/701354935,병원,정왕
8421798,안필수피부과의원,"의료,건강 > 병원 > 피부과",HP8,병원,경기 시흥시 정왕동 1734-7,경기 시흥시 정왕대로 230,031-431-8275,126.73856849,37.34473494,http://place.map.kakao.com/8421798,병원,정왕
12153660,에덴산부인과의원,"의료,건강 > 병원 > 산부인과",HP8,병원,경기 시흥시 정왕동 1734-7,경기 시흥시 정왕대로 230,031-319-5275,126.73853744,37.34489976,http://place.map.kakao.com/12153660,병원,정왕
10057617,에덴의원,"의료,건강 > 병원 > 피부과",HP8,병원,경기 시흥시 정왕동 1734-7,경기 시흥시 정왕대로 230,031-503-0002,126.73861987,37.34488822,http://place.map.kakao.com/10057617,병원,정왕
10578258,에이스치과의원,"의료,건강 > 병원 > 치과",HP8,병원,경기 시흥시 정왕동 1734-7,경기 시흥시 정왕대로 230,031-504-5000,126.73850675,37.34496546,http://place.map.kakao.com/10578258,병원,정왕
661687416,우리안과의원,"의료,건강 > 병원 > 안과",HP8,병원,경기 시흥시 정왕동 1734-5,경기 시흥시 정왕대로 220,031-498-7856,126.73768558,37.34548985,http://place.map.kakao.com/661687416,병원,정왕
25654368,유디치과의원 시흥점,"의료,건강 > 병원 > 치과",HP8,병원,경기 시흥시 정왕동 1738-1,경기 시흥시 중심상가2길 22,031-499-1480,126.73756351,37.34489490,http://place.map.kakao.com/25654368,병원,정왕
27606411,이튼튼치과의원,"의료,건강 > 병원 > 치과",HP8,병원,경기 시흥시 정왕동 1739-7,경기 시흥시 중심상가4길 18,031-498-0026,126.73757189,37.34378485,http://place.map.kakao.com/27606411,병원,정왕
9380040,임 피부비뇨기과의원,"의료,건강 > 병원 > 비뇨기과",HP8,병원,경기 시흥시 정왕동 1734-5,경기 시흥시 정왕대로 220,031-497-7722,126.73758404,37.34548061,http://place.map.kakao.com/9380040,병원,정왕
9818717,정왕동 비앤에스의원,"의료,건강 > 병원 > 피부과",HP8,병원,경기 시흥시 정왕동 1734-5,경기 시흥시 정왕대로 220,031-499-2162,126.73767442,37.34545378,http://place.map.kakao.com/9818717,병원,정왕
288858343,정왕연세소아청소년과의원,"의료,건강 > 병원 > 소아청소년과",HP8,병원,경기 시흥시 정왕동 1734-7,경기 시흥시 정왕대로 230,031-433-7533,126.73861141,37.34504859,http://place.map.kakao.com/288858343,병원,정왕
1250379310,제일365소아청소년과의원,"의료,건강 > 병원 > 소아청소년과",HP8,병원,경기 시흥시 정왕동 1734-5,경기 시흥시 정왕대로 220,031-497-6063,126.73769210,37.34556194,http://place.map.kakao.com/1250379310,병원,정왕
11949832,조안과의원,"의료,건강 > 병원 > 안과",HP8,병원,경기 시흥시 정왕동 1734-7,경기 시흥시 정왕대로 230,031-433-7575,126.73860179,37.34489449,http://place.map.kakao.com/11949832,병원,정왕
14821540,조은내과의원,"의료,건강 > 병원 > 내과",HP8,병원,경기 시흥시 정왕동 1734-5,경기 시흥시 정왕대로 220,031-434-9700,126.73785499,37.34545418,http://place.map.kakao.com/14821540,병원,정왕
11239141,최비뇨기과의원,"의료,건강 > 병원 > 비뇨기과",HP8,병원,경기 시흥시 정왕동 1735-1,경기 시흥시 중심상가2길 2,031-497-2861,126.73579473,37.34595417,http://place.map.kakao.com/11239141,병원,정왕
10880180,프라임비뇨기과 시화클리닉,"의료,건강 > 병원 > 비뇨기과",HP8,병원,경기 시흥시 정왕동 1734-7,경기 시흥시 정왕대로 230,031-506-3375,126.73848356,37.34514201,http://place.map.kakao.com/10880180,병원,정왕
21214420,행복한의원,"의료,건강 > 병원 > 정형외과",HP8,병원,경기 시흥시 정왕동 1728-20,경기 시흥시 중심상가로 161,031-434-8275,126.73400701,37.34596819,http://place.map.kakao.com/21214420,병원,정왕
10961661,훼미리치과의원,"의료,건강 > 병원 > 치과",HP8,병원,경기 시흥시 정왕동 1734-5,경기 시흥시 정왕대로 220,031-319-2875,126.73750322,37.34535519,http://place.map.kakao.com/10961661,병원,정왕