개방자치단체코드,관리번호,구분명,근거법령명,화장실명,소재지도로명주소,소재지지번주소,남성용-대변기수,남성용-소변기수,남성용-장애인용대변기수,남성용-장애인용소변기수,남성용-어린이용대변기수,남성용-어린이용소변기수,여성용-대변기수,여성용-장애인용대변기수,여성용-어린이용대변기수,관리기관명,전화번호,개방시간,개방시간상세,설치연월,화장실소유구분명,오물처리방식,안전관리시설설치대상여부,비상벨설치여부,비상벨설치장소,화장실입구CCTV설치유무,기저귀교환대유무,기저귀교환대장소,리모델링연월,데이터기준일자,데이터갱신구분,데이터갱신시점,최종수정시점
4010000,202440100000101682,공중화장실,법제3조제5호,85호,경기도 시흥시 거북섬로26(정왕동),경기도 시흥시 정왕동 2726-5,1,3,1,0,0,0,4,1,0,경기도 시흥시 공원과,0313103865,정시,00:00-00:00,202103,공공기관-지방자치단체,수세식,Y,Y,장애인화장실+남자화장실+여자화장실,N,Y,남자화장실+여자화장실,,2024-12-27,I,2026-05-15 18:43:45,2024-12-27 10:50:12
4010000,202440100000101683,공중화장실,법제3조제5호,86호,경기도 시흥시 거북섬로 180(정왕동),경기도 시흥시 정왕동 2738-1,1,1,1,0,0,0,3,1,0,경기도 시흥시 공원과,0313103865,상시,,202103,공공기관-지방자치단체,수세식,Y,Y,장애인화장실+남자화장실+여자화장실,N,Y,남자화장실+여자화장실,,2024-12-27,I,2026-05-15 18:43:45,2024-12-27 10:50:12
4010000,202440100000101684,공중화장실,법제3조제16호-영제3조제1항제4호,ABC행복학습타운,경기도 시흥시 소래산길 11,경기도 시흥시 대야동 332-1,45,83,6,6,0,0,57,6,0,시흥도시공사,0314886855,정시,19:00-18:00,199506,공공기관-지방자치단체,수세식,Y,Y,장애인화장실+남자화장실+여자화장실,Y,Y,남자화장실+여자화장실,,2024-12-27,I,2026-05-15 18:43:45,2024-12-27 10:50:12
4010000,202440100000101687,공중화장실,법제3조제11호,KH에너지(주)주유소,"경기도 시흥시 금오로 269 (과림동, sk범일이엔씨주)",경기도 시흥시 과림동 764-2,1,1,0,0,0,0,2,0,0,개인,0226830051,정시,06:00-23:00,200810,민간,수세식,N,N,,N,N,,,2024-12-27,I,2026-05-15 18:43:45,2024-12-27 10:50:12
4010000,202440100000101689,공중화장실,법제3조제5호,갯골생태공원(인포센터),경기도 시흥시 동서로 287,경기도 시흥시 장곡동 724-32,3,5,1,0,0,0,8,1,0,시흥도시공사,0314806900,상시,,201502,공공기관-지방자치단체,수세식,Y,Y,여자화장실,Y,Y,남자화장실+여자화장실,,2024-12-27,I,2026-05-15 18:43:45,2024-12-27 10:50:12
4010000,202440100000101690,공중화장실,법제3조제5호,갯골생태공원(캠핑장),경기도 시흥시 동서로 137-71,경기도 시흥시 월곶동 520-240,2,3,1,0,0,0,4,1,0,시흥도시공사,0314886999,정시,19:00-18:00,201502,공공기관-지방자치단체,수세식,Y,Y,여자화장실,Y,Y,남자화장실+여자화장실,,2024-12-27,I,2026-05-15 18:43:45,2024-12-27 10:50:12
4010000,202440100000101691,공중화장실,법제3조제5호,갯골생태공원(해수체험장),경기도 시흥시 동서로 287,경기도 시흥시 장곡동 724-32,2,3,0,0,0,0,6,0,0,시흥도시공사,0314806900,상시,,201502,공공기관-지방자치단체,수세식,Y,Y,여자화장실,N,N,,,2024-12-27,I,2026-05-15 18:43:45,2024-12-27 10:50:12
4010000,202440100000101696,개방화장실,법제3조제16호-영제3조제1항제1호,과림동주민센터,"경기도 시흥시 금오로 383 (과림동, 과림동주민센터)",경기도 시흥시 과림동 490-11,1,2,0,1,0,0,1,1,0,경기도 시흥시 주민센터(과림동),0313104663,정시,09:00-18:00,199209,공공기관-지방자치단체,수세식,Y,Y,여자화장실,N,N,,,2024-12-27,I,2026-05-15 18:43:45,2024-12-27 10:50:12
4010000,202440100000101699,개방화장실,법제3조제13호,국민체육센터,경기도 시흥시 하중로 226,경기도 시흥시 하중동 880-1,9,12,1,0,0,0,13,1,0,시흥도시공사,03180810119,정시,09:00-18:00,201501,공공기관-국가공공기관,수세식,N,Y,장애인화장실+여자화장실,Y,Y,남자화장실+여자화장실,,2024-12-27,I,2026-05-15 18:43:45,2024-12-27 10:50:12
4010000,202440100000101700,공중화장실,법제3조제5호,군서공원,"경기도 시흥시 정왕천로369번길 46 (정왕동, 정왕1동 그린경로당)",경기도 시흥시 정왕동 1581,2,3,0,0,0,0,2,0,0,경기도 시흥시 공원과,0313103864,상시,,201702,공공기관-지방자치단체,수세식,N,Y,장애인화장실+여자화장실,Y,N,,,2024-12-27,I,2026-05-15 18:43:45,2024-12-27 10:50:12
4010000,202440100000101701,개방화장실,법제3조제16호-영제3조제1항제4호,군자도서관,경기도 시흥시 군자로 499,경기도 시흥시 거모동 1508-8,4,6,1,0,0,0,10,1,0,경기도 시흥시 중앙도서관,0313105197,정시,09:00-22:00,201003,공공기관-지방자치단체,수세식,Y,Y,장애인화장실,N,Y,여자화장실,,2024-12-27,I,2026-05-15 18:43:45,2024-12-27 10:50:12
4010000,202440100000101704,개방화장실,법제3조제16호-영제3조제1항제1호,군자파출소,"경기도 시흥시 군자로 513 (거모동, 군자파출소)",경기도 시흥시 거모동 1757-6,1,1,0,0,0,0,1,0,0,시흥경찰서,0314910112,상시,,201611,공공기관-국가공공기관,수세식,N,N,,N,N,,,2024-12-27,I,2026-05-15 18:43:45,2024-12-27 10:50:12
4010000,202440100000101709,공중화장실,법제3조제5호,나래솔공원,경기도 시흥시 함송로29번길 67,경기도 시흥시 정왕동 1878-11,1,3,1,0,0,0,4,1,0,경기도 시흥시 공원과,0313103865,상시,,199801,공공기관-지방자치단체,수세식,N,Y,여자화장실,N,Y,남자화장실+여자화장실,,2024-12-27,I,2026-05-15 18:43:45,2024-12-27 10:50:12
4010000,202440100000101713,개방화장실,법제3조제16호-영제3조제1항제4호,능곡도서관,경기도 시흥시 능곡중앙로 85,경기도 시흥시 능곡동 552,6,9,3,0,0,0,15,3,0,경기도 시흥시 능곡도서관,0313102560,정시,09:00-22:00,201008,공공기관-지방자치단체,수세식,N,Y,장애인화장실,N,N,,,2024-12-27,I,2026-05-15 18:43:45,2024-12-27 10:50:12
4010000,202440100000101714,개방화장실,법제3조제13호,능곡어울림센터,경기도 시흥시 능곡로 140,경기도 시흥시 능곡동 710,12,14,5,0,0,0,41,5,0,시흥도시공사,0314886947,정시,09:00-18:00,201810,공공기관-국가공공기관,수세식,N,Y,장애인화장실+여자화장실,N,Y,남자화장실+여자화장실,,2024-12-27,I,2026-05-15 18:43:45,2024-12-27 10:50:12
4010000,202440100000101715,공중화장실,법제3조제5호,능곡중앙공원 화장실,경기도 시흥시 능곡동 766,경기도 시흥시 능곡동 766,1,4,0,0,0,0,4,0,0,경기도 시흥시 공원과,0313103870,상시,,199801,공공기관-지방자치단체,수세식,N,Y,여자화장실,Y,N,,,2024-12-27,I,2026-05-15 18:43:45,2024-12-27 10:50:12
4010000,202440100000101716,개방화장실,법제3조제16호-영제3조제1항제1호,능곡파출소,"경기도 시흥시 장현능곡로 211 (능곡동, 능곡파출소)",경기도 시흥시 능곡동 613,1,1,0,0,0,0,1,0,0,시흥경찰서,0313150113,상시,,200901,공공기관-국가공공기관,수세식,N,N,,N,N,,,2024-12-27,I,2026-05-15 18:43:45,2024-12-27 10:50:12
4010000,202440100000101718,공중화장실,법제3조제5호,능골공원 화장실,경기도 시흥시 능곡동 781,경기도 시흥시 능곡동 781,1,3,1,0,0,0,3,1,0,경기도 시흥시 공원과,0313103870,상시,,200904,공공기관-지방자치단체,수세식,N,Y,여자화장실,Y,N,,,2024-12-27,I,2026-05-15 18:43:45,2024-12-27 10:50:12
4010000,202440100000101719,개방화장실,법제3조제8호,달월역,"경기도 시흥시 서해안로736번길 55 (월곶동, 달월역)",경기도 시흥시 월곶동 662-3,2,4,1,0,1,0,6,1,1,경기도 시흥시 한국철도공사,03180775616,정시,05:00-00:00,201206,공공기관-국가공공기관,수세식,N,Y,장애인화장실+남자화장실+여자화장실,Y,Y,여자화장실,,2024-12-27,I,2026-05-15 18:43:45,2024-12-27 10:50:12
4010000,202440100000101720,개방화장실,법제3조제13호,달월체육관,경기도 시흥시 군자로 9,경기도 시흥시 월곶동 950-20,2,2,0,1,0,0,2,0,0,시흥도시공사,03180840138,정시,09:00-18:00,200901,공공기관-국가공공기관,수세식,N,Y,남자화장실+여자화장실,Y,N,,,2024-12-27,I,2026-05-15 18:43:45,2024-12-27 10:50:12
4010000,202440100000101722,공중화장실,법제3조제11호,대광주유소,"경기도 시흥시 금오로 499 (과림동, SK대광주유소)",경기도 시흥시 과림동 305-1,1,1,0,0,0,0,1,0,0,개인,0226870651,정시,06:00-23:00,199401,민간,수세식,N,N,,N,N,,,2024-12-27,I,2026-05-15 18:43:45,2024-12-27 10:50:12
4010000,202440100000101727,개방화장실,법제3조제16호-영제3조제1항제1호,대야동주민센터,경기도 시흥시 복지로 37,경기도 시흥시 대야동 491-3,2,2,1,0,0,0,3,1,0,대야동 마을자치과,0313103787,정시,09:00-8:00,199703,공공기관-지방자치단체,수세식,N,Y,장애인화장실,N,N,,,2024-12-27,I,2026-05-15 18:43:45,2024-12-27 10:50:12
4010000,202440100000101729,개방화장실,법제3조제5호,대야삼 2공원 공중화장실,경기도 시흥시 비둘기공원1길 6,경기도 시흥시 대야동 418-126,2,1,1,1,0,0,4,1,0,대야동 안전생활과,0313102694,상시,,202012,공공기관-지방자치단체,수세식,N,Y,장애인화장실+남자화장실+여자화장실,Y,Y,남자화장실+여자화장실,,2024-12-27,I,2026-05-15 18:43:45,2024-12-27 10:50:12
4010000,202440100000101730,공중화장실,법제3조제5호,대야이 1수변공원 화장실,경기도 시흥시 은행로218번길 14(대야동),경기도 시흥시 대야동 358-3,2,1,1,1,0,0,4,1,0,대야동 안전생활과,0313102694,상시,,202108,공공기관-지방자치단체,수세식,N,Y,장애인화장실+남자화장실+여자화장실,Y,Y,남자화장실+여자화장실,,2024-12-27,I,2026-05-15 18:43:45,2024-12-27 10:50:12
4010000,202440100000101731,개방화장실,법제3조제16호-영제3조제1항제1호,대야파출소,경기도 시흥시 호현로 42-1 (대야동),경기도 시흥시 대야동 494,1,1,0,0,0,0,1,0,0,시흥경찰서,0313110112,상시,,199101,공공기관-국가공공기관,수세식,N,N,,N,N,,,2024-12-27,I,2026-05-15 18:43:45,2024-12-27 10:50:12
4010000,202440100000101732,공중화장실,법제3조제16호-영제3조제1항제4호,대야평생학습관,경기도 시흥시 은행로 173번길14,경기도 시흥시 대야동 571-3,4,4,1,0,0,0,5,1,0,시흥도시공사,0313102524,정시,09:00-18:00,199510,공공기관-지방자치단체,수세식,Y,Y,장애인화장실+여자화장실,N,Y,여자화장실,,2024-12-27,I,2026-05-15 18:43:45,2024-12-27 10:50:12
4010000,202440100000101736,개방화장실,법제3조제17호-영제3조제2항제1호,길산지식산업센터,경기도 시흥시 경기과기대로 219,경기도 시흥시 정왕동 1277-14,6,4,1,2,0,0,6,1,0,길산지식산업센터관리단,03180634114,상시,,201909,민간,수세식,N,N,,N,N,,,2024-12-27,I,2026-05-15 18:43:45,2024-12-27 10:50:12
4010000,202440100000101737,공중화장실,법제3조제11호,동양주유소,"경기도 시흥시 금오로 580 (과림동, SK동양주유소)",경기도 시흥시 과림동 94-1,2,0,0,0,0,0,2,0,0,개인,0226111120,정시,06:00-23:00,199502,민간,수세식,N,N,,N,N,,,2024-12-27,I,2026-05-15 18:43:45,2024-12-27 10:50:12
4010000,202440100000101738,개방화장실,법제3조제17호-영제3조제2항제1호,더웰오피스텔,경기도 시흥시 뒷방울길 19-1,경기도 시흥시 정왕동 2638,2,1,0,0,0,0,3,0,0,더웰오피스텔관리단,0314311504,상시,,202302,민간,수세식,N,N,,N,N,,,2024-12-27,I,2026-05-15 18:43:45,2024-12-27 10:50:12
4010000,202440100000101743,개방화장실,법제3조제17호-영제3조제2항제1호,동우디지털파크,경기도 시흥시 정왕천로 197,경기도 시흥시 정왕동 1288-2,8,12,0,0,0,0,6,0,0,동우디지털파크관리단,0314981000,정시,08:00-19:00,200311,민간,수세식,N,N,,N,N,,,2024-12-27,I,2026-05-15 18:43:45,2024-12-27 10:50:13
4010000,202440100000101744,개방화장실,법제3조제16호-영제3조제1항제4호,매화도서관,경기도 시흥시 매화로 20,경기도 시흥시 매화동 77-1,2,3,1,0,0,0,4,1,0,경기도 시흥시 매화도서관,0313102580,정시,10:00-22:00,201201,공공기관-지방자치단체,수세식,N,Y,장애인화장실,N,N,,,2024-12-27,I,2026-05-15 18:43:45,2024-12-27 10:50:13
4010000,202440100000101745,개방화장실,법제3조제16호-영제3조제1항제1호,매화동주민센터,"경기도 시흥시 매화로 22 (매화동, 매화동주민센터)",경기도 시흥시 매화동 77-8,2,3,1,0,0,0,4,1,0,경기도 시흥시 주민센터(매화동),0313104421,정시,09:00-18:00,201101,공공기관-지방자치단체,수세식,N,Y,여자화장실,N,Y,여자화장실,,2024-12-27,I,2026-05-15 18:43:45,2024-12-27 10:50:13
4010000,202440100000101746,개방화장실,법제3조제16호-영제3조제1항제1호,매화파출소,"경기도 시흥시 매화로 36 (매화동, 매화파출소)",경기도 시흥시 매화동 202-1,1,1,0,0,0,0,1,0,0,시흥경찰서,0313150112,상시,,200002,공공기관-국가공공기관,수세식,N,N,,N,N,,,2024-12-27,I,2026-05-15 18:43:45,2024-12-27 10:50:13
4010000,202440100000101751,공중화장실,법제3조제5호,목감공원 화장실,경기도 시흥시 솔고개길 43,경기도 시흥시 목감동 398,1,1,1,0,1,1,4,1,1,경기도 시흥시 공원과,0313103869,상시,,201512,공공기관-지방자치단체,수세식,N,Y,여자화장실,N,Y,남자화장실+여자화장실,,2024-12-27,I,2026-05-15 18:43:45,2024-12-27 10:50:13
4010000,202440100000101754,개방화장실,법제3조제13호,목감다니생활체육관,경기도 시흥시 마산로 43,경기도 시흥시 조남동 산689,2,2,1,1,0,0,3,1,0,시흥도시공사,03180840143,정시,09:00-18:00,202211,공공기관-국가공공기관,수세식,N,Y,장애인화장실+남자화장실+여자화장실,Y,N,,,2024-12-27,I,2026-05-15 18:43:45,2024-12-27 10:50:13
4010000,202440100000101755,개방화장실,법제3조제16호-영제3조제1항제4호,목감도서관,경기도 시흥시 솔고개길 33,경기도 시흥시 목감동 398,13,5,3,0,0,0,18,4,0,경기도 시흥시 목감도서관,0313102590,정시,09:00-22:00,201902,공공기관-지방자치단체,수세식,N,Y,장애인화장실+남자화장실+여자화장실,N,N,,,2024-12-27,I,2026-05-15 18:43:45,2024-12-27 10:50:13
4010000,202440100000101761,공중화장실,법제3조제11호,무지내주유소,경기도 시흥시 금오로 144 (무지내동),경기도 시흥시 무지내동 277-1,1,1,0,0,0,0,1,0,0,개인,0313138333,정시,06:00-23:00,201008,민간,수세식,N,N,,N,N,,,2024-12-27,I,2026-05-15 18:43:45,2024-12-27 10:50:13
4010000,202440100000101762,공중화장실,법제3조제5호,물빛공원,경기도 시흥시 배곧동 62,경기도 시흥시 배곧동 62,2,3,1,0,0,0,4,1,0,경기도 시흥시 공원과,0313103863,상시,,201601,공공기관-지방자치단체,수세식,N,Y,장애인화장실+남자화장실+여자화장실,Y,Y,여자화장실,,2024-12-27,I,2026-05-15 18:43:45,2024-12-27 10:50:13
4010000,202440100000101763,공중화장실,법제3조제2호,물왕 공중화장실,경기도 시흥시 동서로857번길 11 (물왕동),경기도 시흥시 물왕동 95-14,2,2,0,0,0,0,2,0,0,경기도 시흥시 하수관리과,0313106163,상시,,199609,공공기관-지방자치단체,수세식,N,Y,여자화장실,N,N,,,2024-12-27,I,2026-05-15 18:43:45,2024-12-27 10:50:13
4010000,202440100000101765,개방화장실,법제3조제16호-영제3조제1항제1호,배곧1동주민센터,경기도 시흥시 배곧4로 94-41,경기도 시흥시 배곧동 169,4,3,3,0,0,0,6,3,0,배곧1동주민센터,0313106904,정시,09:00-18:00,202107,공공기관-지방자치단체,수세식,N,Y,장애인화장실+남자화장실+여자화장실,N,Y,남자화장실+여자화장실,,2024-12-27,I,2026-05-15 18:43:45,2024-12-27 10:50:13
4010000,202440100000101766,개방화장실,법제3조제16호-영제3조제1항제1호,배곧2어울림센터,경기도 시흥시 배곧1로 30,경기도 시흥시 배곧동 274,4,4,2,0,0,0,6,2,0,배곧2동 행정복지센터,0313106792,정시,(월~금)09:00-21:00+(토) 09:00-18:00+(일) 09:00-17:00,202208,공공기관-지방자치단체,수세식,Y,Y,장애인화장실+남자화장실+여자화장실,Y,N,,,2024-12-27,I,2026-05-15 18:43:45,2024-12-27 10:50:13
4010000,202440100000101767,개방화장실,법제3조제16호-영제3조제1항제4호,배곧도서관,경기도 시흥시 배곧4로 102,경기도 시흥시 배곧동 162,1,5,5,0,1,0,12,5,1,경기도 시흥시 중앙도서관,0313105289,정시,09:00-22:00,202008,공공기관-지방자치단체,수세식,Y,Y,장애인화장실+남자화장실+여자화장실,N,Y,여자화장실,,2024-12-27,I,2026-05-15 18:43:45,2024-12-27 10:50:13
4010000,202440100000101768,공중화장실,법제3조제5호,배곧생명공원,경기도 시흥시 배곧동 187,경기도 시흥시 배곧동 187,4,4,1,0,0,0,8,0,0,경기도 시흥시 공원과,0313103863,상시,,201601,공공기관-지방자치단체,수세식,N,Y,여자화장실,N,Y,남자화장실+여자화장실,,2024-12-27,I,2026-05-15 18:43:45,2024-12-27 10:50:13
4010000,202440100000101769,공중화장실,법제3조제5호,배곧생명공원 간이화장실,경기도 시흥시 배곧동 187,경기도 시흥시 배곧동 187,2,3,1,0,0,0,4,1,0,경기도 시흥시 공원과,0313103863,상시,,201501,공공기관-지방자치단체,수세식,N,Y,장애인화장실+남자화장실+여자화장실,N,Y,남자화장실+여자화장실,,2024-12-27,I,2026-05-15 18:43:45,2024-12-27 10:50:13
4010000,202440100000101772,개방화장실,법제3조제16호-영제3조제1항제1호,배곧파출소,경기도 시흥시 서울대학로 264번길 45,경기도 시흥시 배곧동 212,1,1,0,0,0,0,1,0,0,시흥경찰서,0313109112,상시,,201906,공공기관-국가공공기관,수세식,N,N,,N,N,,,2024-12-27,I,2026-05-15 18:43:45,2024-12-27 10:50:13
4010000,202440100000101773,공중화장실,법제3조제5호,배곧한울공원,경기도 시흥시 해송십리로 61,경기도 시흥시 정왕동 1771-9,5,11,5,0,0,1,18,6,0,시흥도시공사,0314886965,상시,,201702,공공기관-지방자치단체,수세식,N,Y,남자화장실+여자화장실,N,Y,남자화장실+여자화장실,,2024-12-27,I,2026-05-15 18:43:45,2024-12-27 10:50:13
4010000,202440100000101776,공중화장실,법제3조제11호,보금자리주유소,"경기도 시흥시 금오로 94 (무지내동, gs신원주유소)",경기도 시흥시 무지내동 370,2,2,0,0,0,0,2,0,0,개인,0314352335,상시,,200705,민간,수세식,N,N,,N,N,,,2024-12-27,I,2026-05-15 18:43:45,2024-12-27 10:50:13
4010000,202440100000101779,공중화장실,법제3조제5호,비둘기공원 화장실,경기도 시흥시 대은로 16-29,경기도 시흥시 은행동 551,2,5,0,0,0,0,6,0,0,경기도 시흥시 공원과,0313103870,상시,,200810,공공기관-지방자치단체,수세식,N,Y,여자화장실,Y,N,,,2024-12-27,I,2026-05-15 18:43:45,2024-12-27 10:50:13
4010000,202440100000101782,공중화장실,법제3조제5호,산들공원(관리사무소) 화장실,경기도 시흥시 군자동 1352,경기도 시흥시 군자동 1352,2,3,1,0,0,0,4,1,0,경기도 시흥시 공원과,0313103870,상시,,201005,공공기관-지방자치단체,수세식,N,Y,여자화장실,Y,N,,,2024-12-27,I,2026-05-15 18:43:45,2024-12-27 10:50:13
4010000,202440100000101783,공중화장실,법제3조제5호,산들공원(물놀이장) 화장실,경기도 시흥시 군자동 1352,경기도 시흥시 군자동 1352,1,3,1,0,0,0,3,1,0,경기도 시흥시 공원과,0313103871,상시,,201611,공공기관-지방자치단체,수세식,N,Y,여자화장실,Y,N,,,2024-12-27,I,2026-05-15 18:43:45,2024-12-27 10:50:13
4010000,202440100000101784,공중화장실,법제3조제5호,산현 공중화장실,경기도 시흥시 물왕수변로 63 (산현동),경기도 시흥시 산현동 247,3,4,0,0,0,0,8,0,0,경기도 시흥시 하수관리과,0313106163,상시,,200905,공공기관-지방자치단체,수세식,N,Y,장애인화장실+여자화장실,N,Y,남자화장실+여자화장실,202412,2024-12-27,I,2026-05-15 18:43:45,2024-12-27 10:50:13
4010000,202440100000101785,공중화장실,법제3조제5호,산현공원 화장실,경기도 시흥시 목감남서로 15,경기도 시흥시 조남동 670,1,1,1,0,1,1,4,1,1,경기도 시흥시 공원과,0313103869,상시,,201611,공공기관-지방자치단체,수세식,N,Y,여자화장실,N,Y,남자화장실+여자화장실,,2024-12-27,I,2026-05-15 18:43:45,2024-12-27 10:50:13
4010000,202440100000101794,공중화장실,법제3조제5호,샛말공원 화장실,경기도 시흥시 하중로173번길 23(하중동),경기도 시흥시 하중동 848,1,2,0,0,0,0,2,0,0,경기도 시흥시 공원과,0313103871,상시,,201008,공공기관-지방자치단체,수세식,N,Y,여자화장실,N,N,,,2024-12-27,I,2026-05-15 18:43:45,2024-12-27 10:50:13
4010000,202440100000101795,공중화장실,법제3조제5호,생금집,경기도 시흥시 죽율로 45-32 (죽율동),경기도 시흥시 죽율동 765,1,1,0,0,0,0,2,0,0,경기도 시흥시 문화예술과,0313106707,정시,09:00-18:00,200506,공공기관-지방자치단체,수세식,N,N,,N,N,,,2024-12-27,I,2026-05-15 18:43:45,2024-12-27 10:50:13
4010000,202440100000101803,개방화장실,법제3조제16호-영제3조제1항제4호,소래빛도서관,경기도 시흥시 비둘기공원로 25,경기도 시흥시 대야동 562-4,8,9,0,0,1,0,17,0,1,경기도 시흥시 소래빛도서관,0313105243,정시,09:00-22:00,200608,공공기관-지방자치단체,수세식,N,Y,장애인화장실,N,N,,,2024-12-27,I,2026-05-15 18:43:45,2024-12-27 10:50:13
4010000,202440100000101804,공중화장실,법제3조제2호,소래철교 공중화장실,경기도 시흥시 월곶해안로 29 (월곶동),경기도 시흥시 월곶동 991-25,1,2,0,0,0,0,4,0,0,경기도 시흥시 하수관리과,0313106163,상시,,200708,공공기관-지방자치단체,수세식,N,Y,여자화장실,N,N,,,2024-12-27,I,2026-05-15 18:43:45,2024-12-27 10:50:13
4010000,202440100000101806,공중화장실,법제3조제5호,솔숲공원 화장실,경기도 시흥시 미산로 144번길 17,경기도 시흥시 미산동 산12-6,2,3,1,0,0,0,5,1,0,경기도 시흥시 공원과,0313103870,상시,,201010,공공기관-지방자치단체,수세식,N,Y,여자화장실,N,Y,남자화장실+여자화장실,,2024-12-27,I,2026-05-15 18:43:45,2024-12-27 10:50:13
4010000,202440100000101807,공중화장실,법제3조제5호,송운공원,경기도 시흥시 정왕동 1873-1,경기도 시흥시 정왕동 1873-1,2,3,0,0,0,0,2,0,0,경기도 시흥시 공원과,0313103862,상시,,199801,공공기관-지방자치단체,수세식,N,Y,여자화장실,Y,N,,,2024-12-27,I,2026-05-15 18:43:45,2024-12-27 10:50:13
4010000,202440100000101813,개방화장실,법제3조제16호-영제3조제1항제1호,시화파출소,"경기도 시흥시 중심상가로 271 (정왕동, 시화파출소)",경기도 시흥시 정왕동 1785-4,1,1,0,0,0,0,1,0,0,시흥경찰서,0314320112,상시,,199801,공공기관-국가공공기관,수세식,N,N,,N,N,,,2024-12-27,I,2026-05-15 18:43:45,2024-12-27 10:50:13
4010000,202440100000101815,개방화장실,법제3조제16호-영제3조제1항제1호,시흥경찰서,"경기도 시흥시 황고개로 513 (장곡동, 시흥경찰서)",경기도 시흥시 장곡동 340,1,1,0,0,0,0,1,0,0,시흥경찰서,0313109221,상시,,200401,공공기관-지방자치단체,수세식,N,N,,N,N,,,2024-12-27,I,2026-05-15 18:43:45,2024-12-27 10:50:13
4010000,202440100000101816,개방화장실,법제3조제16호-영제3조제1항제4호,시흥교육지원청,"경기도 시흥시 마유로446번길 11-2 (정왕동, 시흥교육청)",경기도 시흥시 정왕동 806-20,6,9,0,0,0,0,15,0,0,경기도 시흥시 시흥교육지원청 경영지원과,0314882465,정시,09:00-18:00,201110,공공기관-국가공공기관,수세식,N,N,,N,N,,,2024-12-27,I,2026-05-15 18:43:45,2024-12-27 10:50:13
4010000,202440100000101820,공중화장실,법제3조제16호-영제3조제1항제1호,시흥대야동우체국,"경기도 시흥시 호현로 58 (대야동, 시흥대야동우체국)",경기도 시흥시 대야동 485,1,1,0,0,0,0,1,0,0,시흥우체국,03180412753,정시,09:00-18:00,199407,공공기관-지방공공기관(지방공기업/지방출자출연기관),수세식,N,N,,N,N,,,2024-12-27,I,2026-05-15 18:43:45,2024-12-27 10:50:13
4010000,202440100000101822,개방화장실,법제3조제16호-영제3조제1항제1호,시흥배곧동우체국,경기도 시흥시 서울대학로278번길 45,경기도 시흥시 배곧동 208,0,0,1,0,0,0,1,1,0,시흥우체국,03180412753,정시,19:00-18:00,202111,공공기관-지방공공기관(지방공기업/지방출자출연기관),수세식,N,Y,남자화장실+여자화장실,N,N,,,2024-12-27,I,2026-05-15 18:43:45,2024-12-27 10:50:13
4010000,202440100000101823,개방화장실,법제3조제16호-영제3조제1항제1호,시흥세무서,"경기도 시흥시 마유로 368 (정왕동, 시흥세무서)",경기도 시흥시 정왕동 1799-1,15,15,1,0,0,0,25,1,0,시흥세무서,0313107247,정시,09:00-18:00,201101,공공기관-지방자치단체,수세식,N,Y,장애인화장실+남자화장실+여자화장실,N,N,,,2024-12-27,I,2026-05-15 18:43:45,2024-12-27 10:50:13
4010000,202440100000101824,개방화장실,법제3조제16호-영제3조제1항제3호,시흥소방서 공중화장실,"경기도 시흥시 정왕신길로 206 (정왕동, 시흥소방서)",경기도 시흥시 정왕동 1800-1,2,3,0,0,0,0,2,0,0,시흥소방서,0313100502,상시,,201201,공공기관-지방자치단체,수세식,N,N,,N,N,,,2024-12-27,I,2026-05-15 18:43:45,2024-12-27 10:50:13
4010000,202440100000101825,개방화장실,법제3조제16호-영제3조제1항제3호,시흥시가족센터 공중화장실,경기도 시흥시 정왕천로 449번길 51,경기도 시흥시 정왕동 1187,3,3,1,0,0,0,10,1,0,경기도 시흥시 외국인주민과,0313102612,정시,19:00-18:00,201711,공공기관-지방자치단체,수세식,N,Y,장애인화장실,N,N,,,2024-12-27,I,2026-05-15 18:43:45,2024-12-27 10:50:13
4010000,202440100000101827,개방화장실,법제3조제16호-영제3조제1항제3호,시흥시농업기술센터,경기도 시흥시 관곡지로 139,경기도 시흥시 하중동 271,3,4,0,0,0,0,7,0,0,시흥시농업기술센터,0313106203,상시,,201111,공공기관-지방자치단체,수세식,N,N,,Y,N,,,2024-12-27,I,2026-05-15 18:43:45,2024-12-27 10:50:13
4010000,202440100000101828,개방화장실,법제3조제16호-영제3조제1항제3호,시흥시보건소,"경기도 시흥시 호현로 55 (대야동, 시흥시보건소대야종합사회복지관)",경기도 시흥시 대야동 484-5,11,10,2,2,0,0,13,3,0,시흥시 보건소,0313105812,정시,09:00-18:00,200210,공공기관-지방자치단체,수세식,N,Y,장애인화장실+남자화장실+여자화장실,N,N,,202401,2024-12-27,I,2026-05-15 18:43:45,2024-12-27 10:50:13
4010000,202440100000101829,개방화장실,법제3조제13호,시흥시생활체육회,"경기도 시흥시 서해안로 1589 (대야동, 시흥시체육관)",경기도 시흥시 대야동 377-27,10,12,0,0,0,0,9,0,0,경기도 시흥시 주민센터(장곡동),0313104751,정시,09:00-18:00,201505,공공기관-지방자치단체,수세식,N,N,,N,N,,,2024-12-27,I,2026-05-15 18:43:45,2024-12-27 10:50:13
4010000,202440100000101830,개방화장실,법제3조제16호-영제3조제1항제5호,시흥시외국인복지센터 공중화장실,경기도 시흥시 공단1대로259번길 5,경기도 시흥시 정왕동 1366-6,2,4,0,0,0,0,3,0,0,경기도 시흥시 외국인주민과,0313102643,미개방,(평일)09:00-18:00+(일요일)09:00-18:00,200708,공공기관-지방자치단체,수세식,Y,N,,N,N,,,2024-12-27,I,2026-05-15 18:43:45,2024-12-27 10:50:13
4010000,202440100000101831,개방화장실,법제3조제16호-영제3조제1항제5호,시흥시 다-가치유스센터 공중화장실,경기도 시흥시 군서로50번길 6-1,경기도 시흥시 정왕동 1206-13,5,1,0,0,0,0,3,0,0,경기도 시흥시 외국인주민과,0313103005,정시,09:00-17:00,201902,공공기관-지방자치단체,수세식,N,N,,N,N,,,2024-12-27,I,2026-05-15 18:43:45,2024-12-27 10:50:13
4010000,202440100000101832,개방화장실,법제3조제16호-영제3조제1항제3호,시흥시청 본관,"경기도 시흥시 시청로 20 (장현동, 시흥시청)",경기도 시흥시 장현동 300,3,6,1,0,0,0,3,1,0,경기도 시흥시 회계과,0313106163,정시,00:09-18:00,199707,공공기관-지방자치단체,수세식,N,Y,여자화장실,Y,Y,여자화장실,,2024-12-27,I,2026-05-15 18:43:45,2024-12-27 10:50:13
4010000,202440100000101834,개방화장실,법제3조제13호,시흥시체육관,경기도 시흥시 서해안로 1589,경기도 시흥시 대야동 377-27,7,12,1,1,3,0,9,0,2,시흥도시공사,03180840140,정시,09:00-18:00,201501,공공기관-국가공공기관,수세식,N,Y,장애인화장실+여자화장실,N,N,,,2024-12-27,I,2026-05-15 18:43:45,2024-12-27 10:50:13
4010000,202440100000101835,개방화장실,법제3조제13호,시흥어울림 국민체육센터,경기도 시흥시 정왕대로 233번길 33,경기도 시흥시 정왕동 1800-6,10,11,5,0,2,0,21,4,2,시흥도시공사,0313107863,정시,09:00-18:00,201910,공공기관-지방자치단체,수세식,N,Y,장애인화장실+여자화장실,Y,N,,,2024-12-27,I,2026-05-15 18:43:45,2024-12-27 10:50:13
4010000,202440100000101836,개방화장실,법제3조제16호-영제3조제1항제1호,시흥연성동우체국,경기도 시흥시 장곡로54번길 42,경기도 시흥시 장곡동 793-2,0,1,1,0,0,0,1,0,0,시흥우체국,03180412753,정시,09:00-18:00,200002,공공기관-지방공공기관(지방공기업/지방출자출연기관),수세식,N,N,,N,N,,,2024-12-27,I,2026-05-15 18:43:45,2024-12-27 10:50:13
4010000,202440100000101837,개방화장실,법제3조제16호-영제3조제1항제1호,시흥우체국,경기도 시흥시 공단1대로 241,경기도 시흥시 정왕동 1366-10,2,3,1,0,0,0,2,1,0,시흥우체국,03180412753,정시,19:00-18:00,200011,공공기관-지방공공기관(지방공기업/지방출자출연기관),수세식,N,N,,N,N,,,2024-12-27,I,2026-05-15 18:43:45,2024-12-27 10:50:13
4010000,202440100000101839,개방화장실,법제3조제16호-영제3조제1항제1호,시흥정왕동우체국,경기도 시흥시 군서마을로 32,경기도 시흥시 정왕동 1213,0,0,1,0,0,0,1,1,0,시흥우체국,03180412753,정시,09:00-18:00,199512,공공기관-지방공공기관(지방공기업/지방출자출연기관),수세식,N,N,,N,N,,,2024-12-27,I,2026-05-15 18:43:45,2024-12-27 10:50:13
4010000,202440100000101851,공중화장실,법제3조제5호,신천공원 화장실,경기도 시흥시 포도원로 109번길 9,경기도 시흥시 신천동 57,4,2,1,0,0,0,8,1,0,경기도 시흥시 공원과,0313103870,상시,,201510,공공기관-지방자치단체,수세식,N,Y,장애인화장실+남자화장실+여자화장실,Y,Y,남자화장실+여자화장실,,2024-12-27,I,2026-05-15 18:43:45,2024-12-27 10:50:14
4010000,202440100000101852,개방화장실,법제3조제16호-영제3조제1항제4호,신천도서관,경기도 시흥시 신천로 89-18,경기도 시흥시 신천동 765-5,4,2,0,0,0,2,4,0,0,경기도 시흥시 신천도서관,0313105243,정시,10:00-22:00,201101,공공기관-지방자치단체,수세식,N,Y,장애인화장실,N,N,,,2024-12-27,I,2026-05-15 18:43:45,2024-12-27 10:50:14
4010000,202440100000101858,개방화장실,법제3조제16호-영제3조제1항제1호,신천파출소,"경기도 시흥시 신천로100번안길 15 (신천동, 신천파출소)",경기도 시흥시 신천동 772-24,1,1,0,0,0,0,1,0,0,시흥경찰서,0313140112,상시,,199202,공공기관-국가공공기관,수세식,N,N,,N,N,,,2024-12-27,I,2026-05-15 18:43:45,2024-12-27 10:50:14
4010000,202440100000101860,개방화장실,법제3조제16호-영제3조제1항제1호,신현동주민센터,"경기도 시흥시 신현로 46 (포동, 신현동주민센터)",경기도 시흥시 포동 20-33,2,2,1,0,0,0,2,1,0,경기도 시흥시 주민센터(신현동),0313104374,정시,09:00-18:00,199210,공공기관-지방자치단체,수세식,N,Y,여자화장실,N,Y,남자화장실,,2024-12-27,I,2026-05-15 18:43:45,2024-12-27 10:50:14
4010000,202440100000101862,개방화장실,법제3조제13호,실내배드민턴체육관,"경기도 시흥시 역전로 50 (정왕동, 시흥시 배드민턴장)",경기도 시흥시 정왕동 2158,2,2,1,0,0,0,2,1,0,경기도 시흥시 주민센터(장곡동),0313104751,정시,07:00-22:00,201907,공공기관-지방자치단체,수세식,N,N,,Y,N,,,2024-12-27,I,2026-05-15 18:43:45,2024-12-27 10:50:14
4010000,202440100000101871,공중화장실,법제3조제5호,연꽃어린이공원 화장실,경기도 시흥시 하상동 367,경기도 시흥시 하상동 367,1,1,0,0,0,0,1,0,0,경기도 시흥시 공원과,0313103871,상시,,201911,공공기관-지방자치단체,수세식,N,N,,N,N,,,2024-12-27,I,2026-05-15 18:43:45,2024-12-27 10:50:14
4010000,202440100000101872,개방화장실,법제3조제16호-영제3조제1항제1호,연성동주민센터,"경기도 시흥시 새재로 30 (장현동, 연성주민센터)",경기도 시흥시 장현동 272-9,1,2,0,0,0,0,2,0,0,경기도 시흥시 주민센터(연성동),0313104709,정시,09:00-18:00,200401,공공기관-지방자치단체,수세식,N,Y,여자화장실,N,N,,,2024-12-27,I,2026-05-15 18:43:45,2024-12-27 10:50:14
4010000,202440100000101873,개방화장실,법제3조제16호-영제3조제1항제4호,연성센터 공중화장실,"경기도 시흥시 새재로 29 (장현동, 시흥소방서 연성119안전센터)",경기도 시흥시 장현동 548-5,2,1,0,0,0,0,2,0,0,시흥소방서,0313100532,상시,,201605,공공기관-지방자치단체,수세식,N,N,,N,N,,,2024-12-27,I,2026-05-15 18:43:45,2024-12-27 10:50:14
4010000,202440100000101876,공중화장실,법제3조제5호,영모재공원 화장실,경기도 시흥시 능골길26,경기도 시흥시 능곡동 617,2,1,1,0,0,1,2,1,0,경기도 시흥시 공원과,0313103870,상시,,200807,공공기관-지방자치단체,수세식,N,Y,여자화장실,Y,N,,,2024-12-27,I,2026-05-15 18:43:45,2024-12-27 10:50:14
4010000,202440100000101877,개방화장실,법제3조제17호-영제3조제2항제1호,아브뉴프랑 레드,경기도 시흥시 서울대학로278번길 8,경기도 시흥시 배곧동 214,4,8,1,1,0,0,8,2,0,아브뉴프랑관리단,0314335554,상시,,201906,민간,수세식,N,N,,N,N,,,2024-12-27,I,2026-05-15 18:43:45,2024-12-27 10:50:14
4010000,202440100000101878,공중화장실,법제3조제5호,오이도기념공원,경기도 시흥시 오이도로 332,경기도 시흥시 정왕동 2022-6,3,3,1,0,0,0,7,1,0,시흥도시공사,0314886909,상시,,199912,공공기관-지방자치단체,수세식,N,Y,여자화장실,N,Y,여자화장실,,2024-12-27,I,2026-05-15 18:43:45,2024-12-27 10:50:14
4010000,202440100000101879,공중화장실,법제3조제5호,오이도선사유적공원,경기도 시흥시 정왕동 1072-4,경기도 시흥시 정왕동 1072-4,4,5,1,0,0,0,10,1,0,시흥도시공사,0314886909,상시,,199912,공공기관-지방자치단체,수세식,N,Y,여자화장실,N,Y,여자화장실,202309,2024-12-27,I,2026-05-15 18:43:45,2024-12-27 10:50:14
4010000,202440100000101880,공중화장실,법제3조제5호,오이도선사유적공원(전망대),경기도 시흥시 오이도로 97,경기도 시흥시 정왕동 1089-1,2,2,0,0,0,0,4,0,0,시흥도시공사,0314886909,상시,,199912,공공기관-지방자치단체,수세식,N,Y,여자화장실,N,Y,여자화장실,,2024-12-27,I,2026-05-15 18:43:45,2024-12-27 10:50:14
4010000,202440100000101881,공중화장실,법제3조제5호,오이도선사유적공원(주차장),경기도 시흥시 정왕동 988,경기도 시흥시 정왕동 988,1,2,1,0,0,0,3,1,0,시흥도시공사,0314886909,상시,,199912,공공기관-지방자치단체,수세식,N,Y,여자화장실,N,Y,여자화장실,202309,2024-12-27,I,2026-05-15 18:43:45,2024-12-27 10:50:14
4010000,202440100000101882,공중화장실,법제3조제5호,오이도선사유적공원(후문),경기도 시흥시 정왕동 1078-8,경기도 시흥시 정왕동 1078-8,1,3,1,0,0,0,4,1,0,시흥도시공사,0314886909,상시,,199912,공공기관-지방자치단체,수세식,N,Y,여자화장실,N,Y,여자화장실,,2024-12-27,I,2026-05-15 18:43:45,2024-12-27 10:50:14
4010000,202440100000101883,개방화장실,법제3조제17호-영제3조제2항제1호,아브뉴프랑 블루,경기도 시흥시 서울대학로264번길 25,경기도 시흥시 배곧동 219,4,8,1,1,0,0,8,2,0,아브뉴프랑관리단,0314335554,상시,,201906,민간,수세식,N,N,,N,N,,,2024-12-27,I,2026-05-15 18:43:45,2024-12-27 10:50:14
4010000,202440100000101884,개방화장실,법제3조제17호-영제3조제2항제1호,아브뉴프랑 옐로우,경기도 시흥시 서울대학로 278번길 34,경기도 시흥시 배곧동 216,4,8,1,1,0,0,8,2,0,아브뉴프랑관리단,0314335554,상시,,201906,민간,수세식,N,N,,N,N,,,2024-12-27,I,2026-05-15 18:43:45,2024-12-27 10:50:14
4010000,202440100000101885,개방화장실,법제3조제8호,오이도역,경기도 시흥시 역전로 430 (정왕동),경기도 시흥시 정왕동 878,3,3,1,0,0,1,8,1,0,경기도 시흥시 한국철도공사,0313197788,정시,04:30-00:30,200007,공공기관-국가공공기관,수세식,N,Y,장애인화장실+여자화장실,Y,Y,여자화장실,,2024-12-27,I,2026-05-15 18:43:45,2024-12-27 10:50:14
4010000,202440100000101887,공중화장실,법제3조제5호,옥구공원 2주차장,"경기도 시흥시 서해안로 277 (정왕동, 론볼 경기장 운영센터)",경기도 시흥시 정왕동 2138,3,5,0,0,0,0,5,0,0,경기도 시흥시 공원과,0313103862,상시,,199812,공공기관-지방자치단체,수세식,N,Y,여자화장실,N,Y,여자화장실,,2024-12-27,I,2026-05-15 18:43:45,2024-12-27 10:50:14
4010000,202440100000101888,공중화장실,법제3조제5호,옥구공원 3주차장,"경기도 시흥시 서해안로 277 (정왕동, 론볼 경기장 운영센터)",경기도 시흥시 정왕동 2138,2,5,0,0,0,0,4,0,0,경기도 시흥시 공원과,0313103862,상시,,199812,공공기관-지방자치단체,수세식,N,Y,여자화장실,N,Y,여자화장실,,2024-12-27,I,2026-05-15 18:43:45,2024-12-27 10:50:14
4010000,202440100000101889,공중화장실,법제3조제5호,옥구공원 숲속교실,"경기도 시흥시 서해안로 277 (정왕동, 론볼 경기장 운영센터)",경기도 시흥시 정왕동 2138,2,2,0,0,0,0,2,0,0,경기도 시흥시 공원과,0313103862,상시,,199812,공공기관-지방자치단체,수세식,N,Y,여자화장실,N,N,,,2024-12-27,I,2026-05-15 18:43:45,2024-12-27 10:50:14
4010000,202440100000101890,공중화장실,법제3조제5호,옥구공원관리사무실,"경기도 시흥시 서해안로 277 (정왕동, 론볼 경기장 운영센터)",경기도 시흥시 정왕동 2138,3,3,1,0,0,1,7,1,0,경기도 시흥시 공원과,0313103862,상시,,199812,공공기관-지방자치단체,수세식,N,Y,여자화장실,N,Y,여자화장실,202406,2024-12-27,I,2026-05-15 18:43:45,2024-12-27 10:50:14
4010000,202440100000101891,공중화장실,법제3조제16호-영제3조제1항제1호,옥구지구대,"경기도 시흥시 정왕대로118번길 1 (정왕동, 옥구지구대)",경기도 시흥시 정왕동 1849-7,1,1,0,0,0,0,1,0,0,시흥경찰서,0314990112,상시,,200808,공공기관-지방자치단체,수세식,N,N,,N,N,,,2024-12-27,I,2026-05-15 18:43:45,2024-12-27 10:50:14
4010000,202440100000101896,공중화장실,법제3조제5호,웃터골공원 화장실,경기도 시흥시 대은로 104번길 15,경기도 시흥시 은행동 600,1,1,0,0,0,0,2,0,0,경기도 시흥시 공원과,0313103870,상시,,199812,공공기관-지방자치단체,수세식,N,Y,여자화장실,N,N,,,2024-12-27,I,2026-05-15 18:43:45,2024-12-27 10:50:14
4010000,202440100000101897,공중화장실,법제3조제11호,원창 롯데제2주유소,"경기도 시흥시 금오로 304 (과림동, GS남경주유소)",경기도 시흥시 과림동 678-1,1,2,0,0,0,0,2,0,0,개인,0236665189,정시,06:00-23:00,200509,민간,수세식,N,N,,N,N,,,2024-12-27,I,2026-05-15 18:43:45,2024-12-27 10:50:14
4010000,202440100000101898,개방화장실,법제3조제16호-영제3조제1항제4호,월곶도서관,경기도 시흥시 월곶해안로161번길 7,경기도 시흥시 월곶동 1012,3,6,2,0,0,0,8,1,0,경기도 시흥시 중앙도서관,0313105254,정시,09:00-22:00,200907,공공기관-지방자치단체,수세식,Y,Y,장애인화장실,N,Y,여자화장실,,2024-12-27,I,2026-05-15 18:43:45,2024-12-27 10:50:14
4010000,202440100000101899,공중화장실,법제3조제16호-영제3조제1항제3호,월곶동문화센터,경기도 시흥시 월곶해안로 161번길 7(월곶동),경기도 시흥시 월곶동 1012,1,2,1,0,0,0,3,1,0,경기도 시흥시 주민센터(월곶동),0313104774,정시,09:00-18:00,201502,공공기관-지방자치단체,수세식,N,N,,N,N,,,2024-12-27,I,2026-05-15 18:43:45,2024-12-27 10:50:14
4010000,202440100000101900,개방화장실,법제3조제16호-영제3조제1항제1호,월곶동주민센터,"경기도 시흥시 월곶중앙로 54 (월곶동, 월곶자율방범대)",경기도 시흥시 월곶동 1006-1,2,3,1,0,0,0,2,1,0,경기도 시흥시 주민센터(월곶동),0313104774,정시,09:00-18:00,201502,공공기관-지방자치단체,수세식,N,Y,장애인화장실+남자화장실+여자화장실,N,Y,여자화장실,,2024-12-27,I,2026-05-15 18:43:45,2024-12-27 10:50:14
4010000,202440100000101901,개방화장실,법제3조제8호,월곶역,"경기도 시흥시 월곶중앙로14번길 56 (월곶동, 월곶역)",경기도 시흥시 월곶동 992-8,8,11,1,0,0,0,19,1,1,경기도 시흥시 한국철도공사,03180775511,정시,05:00-00:30,201206,공공기관-국가공공기관,수세식,N,Y,장애인화장실+남자화장실+여자화장실,Y,N,,,2024-12-27,I,2026-05-15 18:43:45,2024-12-27 10:50:14
4010000,202440100000101902,개방화장실,법제3조제13호,월곶역체육시설,경기도 시흥시 월곶중앙로 14번길 64,경기도 시흥시 월곶동 520-89,1,1,0,0,0,0,1,0,0,시흥도시공사,03180840165,정시,09:00-18:00,201502,공공기관-국가공공기관,수세식,N,Y,남자화장실+여자화장실,N,N,,,2024-12-27,I,2026-05-15 18:43:45,2024-12-27 10:50:14
4010000,202440100000101903,개방화장실,법제3조제17호-영제3조제2항제1호,아브뉴프랑 오렌지,경기도 시흥시 서울대학로278번길 26,경기도 시흥시 배곧동 215,4,8,1,1,0,0,8,2,0,아브뉴프랑관리단,0314335554,상시,,201906,민간,수세식,N,N,,N,N,,,2024-12-27,I,2026-05-15 18:43:45,2024-12-27 10:50:14
4010000,202440100000101904,개방화장실,법제3조제17호-영제3조제2항제1호,아브뉴프랑 퍼플,경기도 시흥시 서울대학로 264번길 7,경기도 시흥시 배곧동 220,4,8,1,1,0,0,8,2,0,아브뉴프랑관리단,0314335554,상시,,201906,민간,수세식,N,N,,N,N,,,2024-12-27,I,2026-05-15 18:43:45,2024-12-27 10:50:14
4010000,202440100000101905,공중화장실,법제3조제5호,은계숲생태공원 화장실,경기도 시흥시 은계로 300,경기도 시흥시 대야동 674,2,4,1,0,0,0,8,1,0,경기도 시흥시 공원과,0313103893,상시,,201905,공공기관-지방자치단체,수세식,N,Y,장애인화장실+남자화장실+여자화장실,N,Y,남자화장실+여자화장실,,2024-12-27,I,2026-05-15 18:43:45,2024-12-27 10:50:14
4010000,202440100000101906,공중화장실,법제3조제5호,은계중앙공원 화장실,경기도 시흥시 은행동 56-1,경기도 시흥시 은행동 56-1,2,4,1,0,0,0,8,1,0,경기도 시흥시 공원과,0313103893,상시,,201905,공공기관-지방자치단체,수세식,N,Y,장애인화장실+남자화장실+여자화장실,N,Y,남자화장실+여자화장실,,2024-12-27,I,2026-05-15 18:43:45,2024-12-27 10:50:14
4010000,202440100000101907,공중화장실,법제3조제5호,은계호수공원 화장실,경기도 시흥시 은계중앙로 214,경기도 시흥시 은행동 601-191,2,4,1,0,0,0,8,1,0,경기도 시흥시 공원과,0313103893,상시,,201905,공공기관-지방자치단체,수세식,N,Y,장애인화장실+남자화장실+여자화장실,N,Y,남자화장실+여자화장실,,2024-12-27,I,2026-05-15 18:43:45,2024-12-27 10:50:14
4010000,202440100000101908,개방화장실,법제3조제16호-영제3조제1항제1호,은행동주민센터,"경기도 시흥시 수인로3247번길 25 (은행동, 은행동주민센터)",경기도 시흥시 은행동 113-9,6,8,1,0,1,0,9,2,1,경기도 시흥시 주민센터(은행동),0313104391,정시,09:00-18:00,201001,공공기관-지방자치단체,수세식,N,Y,여자화장실,N,N,,,2024-12-27,I,2026-05-15 18:43:45,2024-12-27 10:50:14
4010000,202440100000101909,공중화장실,법제3조제16호-영제3조제1항제3호,은행센터 공중화장실,"경기도 시흥시 대은로 4 (은행동, 시흥소방서)",경기도 시흥시 은행동 559-1,2,3,0,0,0,0,1,0,0,시흥소방서,0313100512,상시,,201202,공공기관-지방자치단체,수세식,N,N,,N,N,,,2024-12-27,I,2026-05-15 18:43:45,2024-12-27 10:50:14
4010000,202440100000101910,개방화장실,법제3조제16호-영제3조제1항제1호,은행파출소,"경기도 시흥시 은행로 148 (은행동, 시흥경찰서은행지구대)",경기도 시흥시 은행동 541-1,1,1,0,0,0,0,1,0,0,시흥경찰서,0313180112,상시,,201905,공공기관-국가공공기관,수세식,N,N,,N,N,,,2024-12-27,I,2026-05-15 18:43:45,2024-12-27 10:50:14
4010000,202440100000101911,개방화장실,법제3조제16호-영제3조제1항제1호,장곡동주민센터,"경기도 시흥시 인선길 14 (장곡동, 장곡동 주민센터)",경기도 시흥시 장곡동 344,6,9,1,0,0,0,15,1,0,경기도 시흥시 주민센터(장곡동),0313104754,정시,09:00-18:00,202307,공공기관-지방자치단체,수세식,N,Y,여자화장실,Y,Y,여자화장실,,2024-12-27,I,2026-05-15 18:43:45,2024-12-27 10:50:14
4010000,202440100000101912,공중화장실,법제3조제16호-영제3조제1항제1호,장곡지구대,"경기도 시흥시 장곡로54번길 25-14 (장곡동, 장곡지구대)",경기도 시흥시 장곡동 793-3,1,1,0,0,0,0,1,0,0,시흥경찰서,0313170112,상시,,200001,공공기관-지방자치단체,수세식,N,N,,N,N,,,2024-12-27,I,2026-05-15 18:43:45,2024-12-27 10:50:14
4010000,202440100000101914,공중화장실,법제3조제5호,젊음과패기공원,경기도 시흥시 정왕대로233번길 21-1,경기도 시흥시 정왕동 1800-5,2,3,0,0,0,0,3,0,0,경기도 시흥시 공원과,0313103864,상시,,199812,공공기관-지방자치단체,수세식,N,Y,장애인화장실+여자화장실,Y,N,,,2024-12-27,I,2026-05-15 18:43:45,2024-12-27 10:50:14
4010000,202440100000101915,개방화장실,법제3조제16호-영제3조제1항제1호,정왕1동주민센터,경기도 시흥시 정왕대로298번길 15,경기도 시흥시 정왕동 1785-3,3,3,1,0,0,0,3,0,0,경기도 시흥시 주민센터(정왕1동),0313104543,정시,09:00-18:00,200503,공공기관-지방자치단체,수세식,N,Y,장애인화장실+여자화장실,Y,Y,여자화장실,,2024-12-27,I,2026-05-15 18:43:45,2024-12-27 10:50:14
4010000,202440100000101916,개방화장실,법제3조제16호-영제3조제1항제1호,정왕2동주민센터,"경기도 시흥시 정왕대로 122 (정왕동, 정왕2동주민센터)",경기도 시흥시 정왕동 1849-1,2,3,1,0,1,0,4,1,1,경기도 시흥시 주민센터(정왕2동),0313104581,정시,09:00-18:00,200404,공공기관-지방자치단체,수세식,N,Y,여자화장실,N,N,남자화장실+여자화장실,,2024-12-27,I,2026-05-15 18:43:45,2024-12-27 10:50:14
4010000,202440100000101917,개방화장실,법제3조제16호-영제3조제1항제3호,정왕3동행정복지센터 공중화장실,경기도 시흥시 정왕대로53번길 38,경기도 시흥시 정왕동 1866-1,7,7,1,0,0,0,8,1,1,경기도 시흥시 정왕3동 행정복지센터,0313104604,정시,09:00-18:00,201608,공공기관-지방자치단체,수세식,N,Y,여자화장실,N,Y,여자화장실,202007,2024-12-27,I,2026-05-15 18:43:45,2024-12-27 10:50:14
4010000,202440100000101918,개방화장실,법제3조제16호-영제3조제1항제1호,정왕4동주민센터,"경기도 시흥시 함송로29번길 23 (정왕동, 정왕4동 주민센터)",경기도 시흥시 정왕동 1878-13,4,4,0,0,0,0,4,0,0,경기도 시흥시 주민센터(정왕4동),0313104634,정시,09:00-18:00,200501,공공기관-지방자치단체,수세식,N,Y,여자화장실,N,N,,202405,2024-12-27,I,2026-05-15 18:43:45,2024-12-27 10:50:14
4010000,202440100000101920,개방화장실,법제3조제13호,정왕배드민턴장,경기도 시흥시 역전로 50,경기도 시흥시 정왕동 2158,4,4,2,2,2,0,4,2,2,시흥도시공사,03180840165,정시,09:00-18:00,200912,공공기관-국가공공기관,수세식,N,Y,장애인화장실+남자화장실+여자화장실,Y,N,,,2024-12-27,I,2026-05-15 18:43:45,2024-12-27 10:50:14
4010000,202440100000101921,공중화장실,법제3조제16호-영제3조제1항제1호,정왕보건지소,"경기도 시흥시 정왕대로233번길 19 (정왕동, 정왕보건소)",경기도 시흥시 정왕동 1799-5,7,9,2,0,0,0,14,2,0,경기도 시흥시 정왕보건지소,0313105901,정시,09:00-18:00,200211,공공기관-지방자치단체,수세식,N,N,,N,N,,,2024-12-27,I,2026-05-15 18:43:45,2024-12-27 10:50:14
4010000,202440100000101922,개방화장실,법제3조제16호-영제3조제1항제1호,정왕본동주민센터,"경기도 시흥시 역전로 228 (정왕동, 정왕본동주민센터)",경기도 시흥시 정왕동 2149-3,2,3,1,1,0,0,3,1,0,경기도 시흥시 주민센터(정왕본동),0313104523,정시,09:00-18:00,200812,공공기관-지방자치단체,수세식,N,Y,장애인화장실+여자화장실,Y,Y,여자화장실,,2024-12-27,I,2026-05-15 18:43:45,2024-12-27 10:50:14
4010000,202440100000101923,공중화장실,법제3조제16호-영제3조제1항제1호,정왕센터 공중화장실,"경기도 시흥시 공단1대로259번길 1 (정왕동, 정왕 119안전센터)",경기도 시흥시 정왕동 1366-7,2,2,0,0,0,0,1,0,0,시흥소방서,0313100522,상시,,200403,공공기관-지방자치단체,수세식,N,N,,N,N,,,2024-12-27,I,2026-05-15 18:43:45,2024-12-27 10:50:14
4010000,202440100000101924,개방화장실,법제3조제16호-영제3조제1항제4호,정왕어린이도서관,경기도 시흥시 정왕시장길 45,경기도 시흥시 정왕동 1212-8,2,2,1,0,1,0,6,1,1,경기도 시흥시 중앙도서관,0313105197,정시,09:00-18:00,200911,공공기관-지방자치단체,수세식,Y,N,,N,Y,여자화장실,,2024-12-27,I,2026-05-15 18:43:45,2024-12-27 10:50:14
4010000,202440100000101925,개방화장실,법제3조제8호,정왕역,경기도 시흥시 마유로 418번길 15,경기도 시흥시 정왕동 2324-2,4,5,1,0,0,0,4,1,0,경기도 시흥시 한국철도공사,03180775511,정시,04:30-00:30,200007,공공기관-국가공공기관,수세식,N,Y,장애인화장실+여자화장실,N,Y,여자화장실,,2024-12-27,I,2026-05-15 18:43:45,2024-12-27 10:50:14
4010000,202440100000101926,개방화장실,법제3조제13호,정왕육상경기장,경기도 시흥시 역전로 2,경기도 시흥시 정왕동 2160,3,3,0,1,0,0,3,0,0,시흥도시공사,03180840165,정시,09:00-18:00,201406,공공기관-국가공공기관,수세식,N,Y,장애인화장실+여자화장실,Y,N,,,2024-12-27,I,2026-05-15 18:43:45,2024-12-27 10:50:14
4010000,202440100000101928,개방화장실,법제3조제13호,정왕전용탁구장,경기도 시흥시 역전로 50,경기도 시흥시 정왕동 2158,1,1,1,0,0,0,3,1,0,시흥도시공사,03180840165,정시,09:00-18:00,200301,공공기관-지방공공기관(지방공기업/지방출자출연기관),수세식,N,Y,장애인화장실+남자화장실+여자화장실,N,N,,,2024-12-27,I,2026-05-15 18:43:45,2024-12-27 10:50:14
4010000,202440100000101931,공중화장실,법제3조제5호,정왕중앙공원,경기도 시흥시 옥구천동로374번길 88,경기도 시흥시 정왕동 1845-1,2,3,1,0,0,0,3,0,0,경기도 시흥시 공원과,0313103862,상시,,199812,공공기관-지방자치단체,수세식,N,Y,여자화장실,N,N,,,2024-12-27,I,2026-05-15 18:43:45,2024-12-27 10:50:14
4010000,202440100000101932,공중화장실,법제3조제16호-영제3조제1항제1호,정왕지구대,"경기도 시흥시 정왕신길로 216 (정왕동, 정왕파출소)",경기도 시흥시 정왕동 1800-10,1,1,0,0,0,0,1,0,0,시흥경찰서,0314334112,상시,,200605,공공기관-지방자치단체,수세식,N,N,,N,N,,,2024-12-27,I,2026-05-15 18:43:45,2024-12-27 10:50:14
4010000,202440100000101933,공중화장실,법제3조제16호-영제3조제1항제4호,정왕평생학습관,경기도 시흥시 정왕대로 233번길 21,경기도 시흥시 정왕동 1800-7,10,15,4,0,1,4,25,5,1,시흥도시공사,03180840158,정시,09:00-18:00,200301,공공기관-국가공공기관,수세식,Y,Y,장애인화장실,N,N,,,2024-12-27,I,2026-05-15 18:43:45,2024-12-27 10:50:14
4010000,202440100000101940,공중화장실,법제3조제16호-영제3조제1항제1호,주차장 공중화장실,경기도 시흥시 월곶해안로 188,경기도 시흥시 월곶동 1020-1,4,6,1,0,0,1,8,1,0,경기도 시흥시 하수관리과,0313106163,상시,,200007,공공기관-지방자치단체,수세식,N,Y,여자화장실,N,Y,남자화장실+여자화장실,,2024-12-27,I,2026-05-15 18:43:45,2024-12-27 10:50:14
4010000,202440100000101941,공중화장실,법제3조제5호,죽율체육공원,경기도 시흥시 죽율동 610,경기도 시흥시 죽율동 610,2,3,1,0,0,0,5,1,1,경기도 시흥시 공원과,0313103864,상시,,202201,공공기관-지방자치단체,수세식,N,Y,장애인화장실+여자화장실,Y,Y,남자화장실+여자화장실,,2024-12-27,I,2026-05-15 18:43:45,2024-12-27 10:50:14
4010000,202440100000101942,개방화장실,법제3조제16호-영제3조제1항제4호,중앙도서관,경기도 시흥시 정왕대로 191,경기도 시흥시 정왕동 1845-2,10,14,1,0,0,0,13,2,0,경기도 시흥시 중앙도서관,0313105205,정시,09:00-22:00,200205,공공기관-지방자치단체,수세식,Y,Y,장애인화장실,N,N,,201902,2024-12-27,I,2026-05-15 18:43:45,2024-12-27 10:50:15
4010000,202440100000101945,개방화장실,법제3조제16호-영제3조제1항제6호,청소년수련관,경기도 시흥시 은행로 179,경기도 시흥시 대야동 571-2,10,16,2,0,0,0,26,2,0,시흥시청소년재단(시흥시청소년수련관),0313151890,미개방,(평일)09:00~21:00+(토)09:00~18:00,200705,공공기관-국가공공기관,수세식,N,Y,장애인화장실+여자화장실,N,Y,남자화장실+여자화장실,,2024-12-27,I,2026-05-15 18:43:45,2024-12-27 10:50:15
4010000,202440100000101946,개방화장실,법제3조제17호-영제3조제2항제1호,오이도철강단지,경기도 시흥시 서해안로 81-44,경기도 시흥시 정왕동 2211,7,9,1,0,0,0,5,1,0,오이도철강단지관린단,03180419797,상시,,200709,민간,수세식,N,N,,N,N,,,2024-12-27,I,2026-05-15 18:43:45,2024-12-27 10:50:15
4010000,202440100000101947,공중화장실,법제3조제5호,체육공원 가족휴게공원,"경기도 시흥시 역전로 2 (정왕동, 시흥시 육상경기장)",경기도 시흥시 정왕동 2160,2,3,0,0,0,0,3,0,0,경기도 시흥시 공원과,0313103864,상시,,199812,공공기관-지방자치단체,수세식,N,Y,남자화장실+여자화장실,N,Y,남자화장실+여자화장실,,2024-12-27,I,2026-05-15 18:43:45,2024-12-27 10:50:15
4010000,202440100000101948,공중화장실,법제3조제5호,체육공원 관리사무소,"경기도 시흥시 역전로 2 (정왕동, 시흥시 육상경기장)",경기도 시흥시 정왕동 2160,2,3,1,0,0,0,3,1,0,경기도 시흥시 공원과,0313103864,상시,,199812,공공기관-지방자치단체,수세식,N,Y,장애인화장실+여자화장실,N,Y,남자화장실+여자화장실,,2024-12-27,I,2026-05-15 18:43:45,2024-12-27 10:50:15
4010000,202440100000101949,공중화장실,법제3조제5호,체육공원 야구장,"경기도 시흥시 역전로 2 (정왕동, 시흥시 육상경기장)",경기도 시흥시 정왕동 2160,1,2,1,0,0,0,2,1,0,경기도 시흥시 공원과,0313103864,상시,,199812,공공기관-지방자치단체,수세식,N,Y,장애인화장실+여자화장실,N,Y,남자화장실+여자화장실,,2024-12-27,I,2026-05-15 18:43:45,2024-12-27 10:50:15
4010000,202440100000101951,공중화장실,법제3조제5호,큰솔공원,"경기도 시흥시 큰솔로 67-8 (정왕동, 정왕본동 큰솔경로당)",경기도 시흥시 정왕동 1512,2,3,0,0,0,0,2,0,0,경기도 시흥시 공원과,0313103864,상시,,199812,공공기관-지방자치단체,수세식,N,Y,장애인화장실+여자화장실,N,N,,,2024-12-27,I,2026-05-15 18:43:45,2024-12-27 10:50:15
4010000,202440100000101952,공중화장실,법제3조제5호,태평공원 화장실,경기도 시흥시 하상동 343-36,경기도 시흥시 하상동 343-36,1,2,0,0,0,0,2,0,0,경기도 시흥시 공원과,0313103871,상시,,201008,공공기관-지방자치단체,수세식,N,Y,여자화장실,N,N,,,2024-12-27,I,2026-05-15 18:43:45,2024-12-27 10:50:15
4010000,202440100000101954,공중화장실,법제3조제5호,평안공원,"경기도 시흥시 정왕대로298번길 36 (정왕동, 도서관)",경기도 시흥시 정왕동 1787-4,1,2,1,0,0,0,2,1,0,경기도 시흥시 공원과,0313103864,상시,,199812,공공기관-지방자치단체,수세식,N,Y,장애인화장실+여자화장실,Y,Y,남자화장실+여자화장실,,2024-12-27,I,2026-05-15 18:43:45,2024-12-27 10:50:15
4010000,202440100000101957,개방화장실,법제3조제17호-영제3조제2항제1호,월드프라자,경기도 시흥시 중심상가3길 22,경기도 시흥시 정왕동 1742-5,2,2,0,0,0,0,2,0,0,월드프라자관리실,0314321322,정시,08:00-22:00,199712,민간,수세식,N,N,,N,N,,,2024-12-27,I,2026-05-15 18:43:45,2024-12-27 10:50:15
4010000,202440100000101959,공중화장실,법제3조제5호,하늬공원,경기도 시흥시 시화호수전원1길 94,경기도 시흥시 정왕동 2795,1,3,1,0,0,0,4,1,0,경기도 시흥시 공원과,0313103865,상시,,199812,공공기관-지방자치단체,수세식,N,Y,장애인화장실+남자화장실+여자화장실,N,Y,남자화장실+여자화장실,,2024-12-27,I,2026-05-15 18:43:45,2024-12-27 10:50:15
4010000,202440100000101961,공중화장실,법제3조제11호,한결주유소,경기도 시흥시 금오로 427 (과림동),경기도 시흥시 과림동 440-33,2,2,0,0,0,0,2,0,0,개인,0226250217,정시,06:00-23:00,199407,민간,수세식,N,N,,N,N,,,2024-12-27,I,2026-05-15 18:43:45,2024-12-27 10:50:15
4010000,202440100000101963,공중화장실,법제3조제11호,한양주유소,"경기도 시흥시 금오로 219 (무지내동, SK능내까치주유소)",경기도 시흥시 무지내동 36-5,2,2,0,0,0,0,0,0,0,개인,0313188841,정시,06:00-23:00,199412,민간,수세식,N,N,,N,N,,,2024-12-27,I,2026-05-15 18:43:45,2024-12-27 10:50:15
4010000,202440100000101964,공중화장실,법제3조제5호,한울공원 간이화장실,경기도 시흥시 배곧동 307,경기도 시흥시 배곧동 307,1,2,1,0,0,0,3,1,0,시흥도시공사,0314886963,상시,,201812,공공기관-지방자치단체,수세식,N,Y,여자화장실,N,Y,여자화장실,,2024-12-27,I,2026-05-15 18:43:45,2024-12-27 10:50:15
4010000,202440100000101965,공중화장실,법제3조제5호,한울공원 간이화장실2,경기도 시흥시 배곧동 42,경기도 시흥시 배곧동 42,1,2,1,0,0,0,3,1,0,시흥도시공사,0314886963,상시,,201812,공공기관-지방자치단체,수세식,N,Y,여자화장실,N,Y,여자화장실,,2024-12-27,I,2026-05-15 18:43:45,2024-12-27 10:50:15
4010000,202440100000101966,공중화장실,법제3조제5호,한울공원 간이화장실3,경기도 시흥시 해송십리로 333,경기도 시흥시 배곧동 42,1,2,0,0,0,0,3,1,0,시흥도시공사,0314886963,상시,,201610,공공기관-지방자치단체,수세식,N,Y,여자화장실,N,N,,,2024-12-27,I,2026-05-15 18:43:45,2024-12-27 10:50:15
4010000,202440100000101967,공중화장실,법제3조제5호,한울공원 관광휴게동,경기도 시흥시 해송십리로 289,경기도 시흥시 배곧동 42,10,14,1,0,0,0,25,1,0,시흥도시공사,0314886963,상시,,201812,공공기관-지방자치단체,수세식,N,Y,장애인화장실+남자화장실+여자화장실,N,Y,남자화장실+여자화장실,,2024-12-27,I,2026-05-15 18:43:45,2024-12-27 10:50:15
4010000,202440100000101968,공중화장실,법제3조제5호,한울공원 해넘이 화장실,경기도 시흥시 해송십리로 507,경기도 시흥시 배곧동 1,2,3,1,0,0,0,4,1,0,시흥도시공사,0314886963,상시,,201812,공공기관-지방자치단체,수세식,N,Y,여자화장실,N,Y,여자화장실,,2024-12-27,I,2026-05-15 18:43:45,2024-12-27 10:50:15
4010000,202440100000101972,개방화장실,법제3조제13호,함송체육관,경기도 시흥시 함송로 8,경기도 시흥시 정왕동 1886-1,1,2,1,0,0,0,3,1,0,시흥도시공사,03180840142,정시,10:00-22:00,201712,공공기관-국가공공기관,수세식,N,Y,장애인화장실+남자화장실+여자화장실,Y,Y,남자화장실+여자화장실,,2024-12-27,I,2026-05-15 18:43:45,2024-12-27 10:50:15
4010000,202440100000101973,공중화장실,법제3조제5호,함줄공원,경기도 시흥시 봉화로 13 (정왕동),경기도 시흥시 정왕동 1774-1,2,4,0,0,0,0,5,0,0,경기도 시흥시 농업기술센터,0313106215,상시,,201812,공공기관-지방자치단체,수세식,N,Y,여자화장실,N,N,,,2024-12-27,I,2026-05-15 18:43:45,2024-12-27 10:50:15
4010000,202440100000101974,공중화장실,법제3조제5호,함현공원,경기도 시흥시 함송로29번길 31 (정왕동),경기도 시흥시 정왕동 1878-3,2,3,0,0,0,0,2,0,0,경기도 시흥시 공원과,0313103862,상시,,199812,공공기관-지방자치단체,수세식,N,Y,여자화장실,N,N,,,2024-12-27,I,2026-05-15 18:43:45,2024-12-27 10:50:15
4010000,202440100000101975,공중화장실,법제3조제5호,해미공원,경기도 시흥시 정왕동 2598-3,경기도 시흥시 정왕동 2598-3,1,3,1,0,0,0,4,1,0,경기도 시흥시 공원과,0313103865,상시,,201712,공공기관-지방자치단체,수세식,N,Y,장애인화장실+남자화장실+여자화장실,N,Y,남자화장실+여자화장실,,2024-12-27,I,2026-05-15 18:43:45,2024-12-27 10:50:15
4010000,202440100000101976,공중화장실,법제3조제16호-영제3조제1항제1호,해양경찰 공중화장실,경기도 시흥시 월곶해안로 213 (월곶동),경기도 시흥시 월곶동 1018-11,3,3,0,0,0,0,5,0,0,경기도 시흥시 하수관리과,0313106163,상시,,199807,공공기관-지방자치단체,수세식,N,Y,장애인화장실+여자화장실,N,Y,남자화장실,,2024-12-27,I,2026-05-15 18:43:45,2024-12-27 10:50:15
4010000,202440100000101983,공중화장실,법제3조제5호,희망공원관리동,경기도 시흥시 군자천로131번길 64 (정왕동),경기도 시흥시 정왕동 1358,3,4,0,0,0,0,3,0,0,경기도 시흥시 공원과,0313103862,상시,,199812,공공기관-지방자치단체,수세식,N,Y,여자화장실,Y,N,,,2024-12-27,I,2026-05-15 18:43:45,2024-12-27 10:50:15
4010000,202440100000101984,공중화장실,법제3조제5호,희망공원주차장,경기도 시흥시 군자천로131번길 64 (정왕동),경기도 시흥시 정왕동 1358,2,5,0,0,0,0,2,0,0,경기도 시흥시 공원과,0313103862,상시,,199812,공공기관-지방자치단체,수세식,N,Y,여자화장실,N,N,,,2024-12-27,I,2026-05-15 18:43:45,2024-12-27 10:50:15
4010000,202440100000101985,개방화장실,법제3조제16호-영제3조제1항제1호,군자동주민센터,"경기도 시흥시 도일로102번길 11 (거모동, 군자동주민센터)",경기도 시흥시 거모동 1660-2,4,6,0,0,0,0,5,0,0,군자동주민센터,0313104491,정시,09:00-18:00,201808,공공기관-지방자치단체,수세식,N,Y,여자화장실,N,N,,,2024-12-27,I,2026-05-15 18:43:45,2024-12-27 10:50:15
4010000,202440100000101986,개방화장실,법제3조제13호,은계어울림센터,경기도 시흥시 은계로 240,경기도 시흥시 은행동 611-5,4,12,4,4,4,0,22,4,6,시흥도시공사,0313107838,미개방,"(평일)06:00-22:00,(토)09:00-18:00",202209,공공기관-국가공공기관,수세식,N,Y,장애인화장실+남자화장실+여자화장실,N,Y,남자화장실+여자화장실,202305,2024-12-27,I,2026-05-15 18:43:45,2024-12-27 10:50:15
4010000,202440100000101987,개방화장실,법제3조제16호-영제3조제1항제3호,매화청소년문화센터,경기도 시흥시 매화로 34,경기도 시흥시 매화동 203,5,2,2,0,0,0,7,2,0,시흥시청소년재단(매화청소년문화센터),0313158761,정시,(월~금)09:00-21:00+(토) 09:00-18:00+(일) 09:00-17:00,201711,공공기관-지방자치단체,수세식,N,Y,장애인화장실+여자화장실,Y,Y,남자화장실+여자화장실,,2024-12-27,I,2026-05-15 18:43:45,2024-12-27 10:50:15
4010000,202440100000101988,개방화장실,법제3조제16호-영제3조제1항제3호,연성청소년문화의집,경기도 시흥시 관곡지로 260,경기도 시흥시 하상동 372-1,2,2,1,0,0,0,4,1,0,시흥시청소년재단(연성청소년문화의집),0314350924,정시,(월~금)09:00-21:00+(토) 09:00-18:00+(일) 09:00-17:00,202301,공공기관-지방자치단체,수세식,N,Y,장애인화장실+남자화장실+여자화장실,Y,N,,,2024-12-27,I,2026-05-15 18:43:45,2024-12-27 10:50:15
4010000,202440100000101989,개방화장실,법제3조제13호,목감어울림센터,경기도 시흥시 목감우회로 23,경기도 시흥시 조남동 697,2,2,1,0,0,0,3,1,0,목감동행정복지센터,0313104468,정시,(월~금)09:00-21:00+(토) 09:00-18:00+(일) 09:00-17:00,202205,공공기관-지방자치단체,수세식,N,Y,장애인화장실+남자화장실+여자화장실,Y,Y,여자화장실,,2024-12-27,I,2026-05-15 18:43:45,2024-12-27 10:50:15
4010000,202440100000101990,개방화장실,법제3조제16호-영제3조제1항제3호,정왕3동행정복지센터(2층),경기도 시흥시 정왕대로53번길 38,경기도 시흥시 정왕동 1866-1,2,3,0,0,0,0,2,1,0,정왕3동행정복지센터,0313104613,정시,(월~금)09:00-21:00+(토) 09:00-18:00+(일) 09:00-17:00,200202,공공기관-지방자치단체,수세식,N,Y,여자화장실,N,N,,,2024-12-27,I,2026-05-15 18:43:45,2024-12-27 10:50:15
4010000,202440100000101991,개방화장실,법제3조제13호,월곶어울림센터,경기도 시흥시 월곶중앙로30번안길 7,경기도 시흥시 월곶동 995-2,2,2,2,0,0,0,2,2,0,월곶동행정복지센터,0313104772,정시,(월~금)09:00-21:00+(토) 09:00-18:00+(일) 09:00-17:00,202206,공공기관-지방자치단체,수세식,N,Y,장애인화장실+남자화장실+여자화장실,N,Y,여자화장실,,2024-12-27,I,2026-05-15 18:43:45,2024-12-27 10:50:15
4010000,202440100000101992,개방화장실,법제3조제13호,배곧1어울림센터,경기도 시흥시 배곧4로 94-41,경기도 시흥시 배곧동 169,2,2,1,0,0,0,4,1,0,배곧1동행정복지센터,0313106903,정시,(월~금)09:00-21:00+(토) 09:00-18:00+(일) 09:00-17:00,202107,공공기관-지방자치단체,수세식,N,Y,여자화장실,N,Y,남자화장실+여자화장실,,2024-12-27,I,2026-05-15 18:43:45,2024-12-27 10:50:15
4010000,202440100000101994,개방화장실,법제3조제16호-영제3조제1항제5호,시흥시장곡종합사회복지관 화장실,경기도 시흥시 동서장곡길 55,경기도 시흥시 장곡동 879,3,4,1,2,0,0,5,1,0,경기도 시흥시청,0313805446,정시,09:00-18:00,202106,공공기관-지방자치단체,수세식,N,Y,장애인화장실,Y,N,,,2024-12-27,I,2026-05-15 18:43:45,2024-12-27 10:50:15
4010000,202440100000101995,개방화장실,법제3조제16호-영제3조제1항제5호,시흥시대야종합사회복지관,경기도 시흥히 호현로55,경기도 시흥시 대야동 484-5,5,10,5,5,1,1,10,5,1,시흥시대야종합사회복지관,0314048112,정시,09:00-18:00,200212,공공기관-지방자치단체,수세식,N,Y,남자화장실+여자화장실,N,Y,여자화장실,201905,2024-12-27,I,2026-05-15 18:43:45,2024-12-27 10:50:15
4010000,202440100000101996,공중화장실,법제3조제16호-영제3조제1항제5호,거모종합사회복지관1층,경기도 시흥시 군자로466번길37,경기도 시흥시 거모동 1738-9,3,2,1,1,0,0,3,1,0,거모종합사회복지과,0314936347,정시,09:00-18:00,199710,민간,수세식,N,N,,N,Y,여자화장실,201104,2024-12-27,I,2026-05-15 18:43:45,2024-12-27 10:50:15
4010000,202440100000101997,개방화장실,법제3조제16호-영제3조제1항제5호,시흥시정왕종합사회복지관,경기도 시흥시 정왕대로 233번길 27,경기도 시흥시 정왕동 1800-8,7,12,0,0,0,0,10,0,0,시흥시청 복지정책과,0313103562,정시,09:00-18:00,200006,공공기관-지방자치단체,수세식,N,N,,Y,Y,여자화장실,,2024-12-27,I,2026-05-15 18:43:45,2024-12-27 10:50:15
4010000,202440100000101998,공중화장실,법제3조제16호-영제3조제1항제5호,함현상생종합사회복지관 화장실,경기도 시흥시 함송로29번길 67,경기도 시흥시 정왕동 1878-11,15,14,5,5,0,0,19,5,0,함현상생종합사회복지관,0314348040,정시,09:00-18:00,200412,민간,수세식,N,N,,N,N,,,2024-12-27,I,2026-05-15 18:43:45,2024-12-27 10:50:15
4010000,202440100000101999,개방화장실,법제3조제16호-영제3조제1항제5호,시흥시목감종합사회복지관 화장실,경기도 시흥시 목감초등길 45,경기도 시흥시 조남동 산9-19,1,2,1,0,1,0,3,1,1,시흥시목감종합사회복지관,0314030110,정시,09:00-18:00,199904,공공기관-지방자치단체,수세식,N,N,,N,N,,202006,2024-12-27,I,2026-05-15 18:43:45,2024-12-27 10:50:15
4010000,202440100000102000,공중화장실,법제3조제16호-영제3조제1항제5호,작은자리종합사회복지관,경기도 시흥시 시흥대로 1087,경기도 시흥시 신천동 882-2,2,3,2,1,0,0,3,2,0,작은자리종합사회복지관,0313136249,정시,09:00-18:00,200610,민간,수세식,N,N,,N,N,,,2024-12-27,I,2026-05-15 18:43:45,2024-12-27 10:50:15
4010000,202440100000102011,개방화장실,법제3조제16호-영제3조제1항제1호,시흥에코센터 화장실,경기도 시흥시 경기과기대로 284(정왕동),경기도 시흥시 정왕동 2133,1,2,1,0,0,1,4,1,4,경기도 시흥시 환경정책과,0313105989,정시,09:30-17:30,201508,공공기관-지방자치단체,수세식,Y,Y,장애인화장실+남자화장실+여자화장실,N,Y,남자화장실+여자화장실,,2024-12-27,I,2026-05-15 18:43:45,2024-12-27 10:50:15
4010000,202440100000102015,개방화장실,법제3조제3호,시흥오이도박물관,경기도 시흥시 오이도로 332(정왕동),경기도 시흥시 정왕동 2022-6,3,9,3,0,1,0,6,3,10,시흥도시공사,0314886972,정시,"(평일, 주말)10:00-18:00+휴관일(매주월요일, 1월1일, 설날, 추석 당일) 이용불가",201907,공공기관-지방자치단체,수세식,N,Y,장애인화장실+남자화장실+여자화장실,Y,Y,남자화장실+여자화장실,,2024-12-27,I,2026-05-15 18:43:45,2024-12-27 10:50:15
4010000,202440100000102016,공중화장실,법제3조제5호,매꼴문화공원 화장실,경기도 시흥시 장곡동 861,경기도 시흥시 장곡동 861,2,2,1,0,1,0,4,1,1,경기도 시흥시 공원과,0313103873,상시,,202308,공공기관-지방자치단체,수세식,N,Y,장애인화장실+남자화장실+여자화장실,N,Y,남자화장실+여자화장실,,2024-12-27,I,2026-05-15 18:43:45,2024-12-27 10:50:15
4010000,202440100000102017,공중화장실,법제3조제5호,가온근린공원 화장실,경기도 시흥시 장현순환로 50(장곡동),경기도 시흥시 장곡동 938-1,3,4,1,0,1,0,8,1,1,경기도 시흥시 공원과,0313103873,상시,,202307,공공기관-지방자치단체,수세식,N,Y,장애인화장실+남자화장실+여자화장실,N,N,,,2024-12-27,I,2026-05-15 18:43:45,2024-12-27 10:50:15
4010000,202440100000102018,공중화장실,법제3조제5호,따오기공원공중화장실,경기도 시흥시 동서로 914,경기도 시흥시 산현동 16-9,2,2,1,0,0,0,6,1,0,경기도 시흥시 공원과,0313103872,상시,,202310,공공기관-지방자치단체,수세식,N,Y,장애인화장실+남자화장실+여자화장실,N,Y,남자화장실+여자화장실,,2024-12-27,I,2026-05-15 18:43:45,2024-12-27 10:50:15
4010000,202540100000100001,개방화장실,,SR프라자 개방화장실,"경기도 시흥시 수인로 3245, SR프라자 (은행동)",경기도 시흥시 은행동 649 SR프라자,1,1,1,1,0,0,1,1,0,김철호,0313138889,상시,,,민간,수세식,,Y,장애인화장실,N,N,,,2025-01-17,I,2026-05-15 18:43:46,2026-02-21 06:24:11
4010000,202540100000100002,개방화장실,,배곧로얄팰리스 테크노1차 개방화장실,"경기도 시흥시 서울대학로 59-21, 배곧로얄팰리스 테크노1차 (배곧동)",경기도 시흥시 배곧동 299-3 배곧로얄팰리스 테크노1차,3,4,0,0,0,0,4,0,0,강창욱(배곧로얄팰리스 테크노1차),0314329871,상시,,,민간,수세식,,Y,남자화장실+여자화장실,Y,N,,,2025-02-25,I,2026-05-15 18:43:46,2026-01-18 15:55:17
4010000,202540100000100003,개방화장실,,상록 A&C 빌딩 개방화장실,"경기도 시흥시 복지로 96, A&C빌딩 (대야동)",경기도 시흥시 대야동 568-2 A&C빌딩,2,2,0,0,0,0,2,0,0,상록빌딩관리단,0313120887,상시,,,민간,수세식,,N,,N,N,,,2025-06-04,I,2026-05-15 18:43:46,2026-01-18 15:55:04
4010000,202540100000100004,개방화장실,,신천패션타운A 개방화장실,경기도 시흥시 수인로3413번길 6 (신천동),경기도 시흥시 신천동 410-2,3,4,0,0,0,0,5,0,0,신천패션타운 상인회,0313648416,상시,,,민간,수세식,,N,,N,Y,여자화장실+남자화장실,,2025-12-26,I,2026-05-15 18:43:46,2026-01-18 15:54:49
4010000,202640100000100002,개방화장실,,동양타워지식산업센터 개방화장실,"경기도 시흥시 산기대학로 330, 동양타워지식산업센터 1층 (정왕동)",경기도 시흥시 정왕동 1290-14 동양타워지식산업센터,2,2,1,1,0,0,2,1,0,동양타워지식산업센터 관리위원회,03180638114,상시,,,민간,수세식,,Y,여자화장실,Y,N,,,2026-01-28,I,2026-05-15 18:43:46,2026-01-30 15:26:09
4010000,202640100000100003,개방화장실,,SB센타 스틸랜드 개방화장실,"경기도 시흥시 오이도로 21, STEEL LAND (정왕동)",경기도 시흥시 정왕동 2210 STEEL LAND,4,6,1,0,0,0,6,1,0,박경상(스틸랜드관리단),,상시,,,민간,수세식,,N,,Y,N,,,2026-02-20,I,2026-05-15 18:43:46,2026-02-20 15:04:17
4010000,202640100000100004,개방화장실,,더오션2차 개방화장실,"경기도 시흥시 거북섬둘레길 34, 더오션Ⅱ (정왕동)",경기도 시흥시 정왕동 2718-6 더오션Ⅱ,3,2,1,0,0,0,3,1,0,나재호(주식회사 혜안),,상시,,,민간,수세식,,Y,장애인화장실+남자화장실+여자화장실,Y,Y,남자화장실+여자화장실,,2026-02-20,I,2026-05-15 18:43:46,2026-02-20 15:08:32
4010000,202640100000100005,공중화장실,,능곡동 선사유적,"경기도 시흥시 능곡중앙로 140, 공원내 화장실 (능곡동)",경기도 시흥시 능곡동 489 공원내 화장실,0,1,1,0,0,0,1,1,0,경기도 시흥시 문화예술과,,정시,08:00~21:00,202509,공공기관-지방자치단체,수세식,,N,,Y,Y,여자화장실,,2026-03-05,I,2026-05-15 18:43:46,2026-03-05 10:40:10
4010000,202640100000100006,개방화장실,,거북섬동 행정복지센터,"경기도 시흥시 거북섬5길 16, 거북섬프라자 208, 209호 (정왕동)",경기도 시흥시 정왕동 2720-11 거북섬프라자,2,1,0,1,0,0,2,0,0,경기도 시흥시 거북섬동 행정복지센터,,정시,09:00~18:00,202307,공공기관-지방자치단체,수세식,,Y,남자화장실+여자화장실,Y,Y,남자화장실+여자화장실,,2026-03-05,I,2026-05-15 18:43:46,2026-03-05 10:43:30
4010000,202640100000100007,개방화장실,,메가스퀘어 개방화장실,"경기도 시흥시 거북섬둘레길 10, 시화MTV 메가스퀘어 (정왕동)",경기도 시흥시 정왕동 2718-1 시화MTV 메가스퀘어,3,5,1,0,0,0,3,1,0,메가스퀘어,,정시,09:00~21:00,,민간,수세식,,Y,장애인화장실+남자화장실+여자화장실,Y,Y,남자화장실+여자화장실,,2026-03-13,I,2026-05-15 18:43:46,2026-03-13 13:11:35
