region_id,region_name,sido,lawd_cd,valid_from,valid_to,source
seoul-jongno,종로구,서울특별시,11110,202508,202607,행정표준코드관리시스템 법정동코드
seoul-jung,중구,서울특별시,11140,202508,202607,행정표준코드관리시스템 법정동코드
seoul-yongsan,용산구,서울특별시,11170,202508,202607,행정표준코드관리시스템 법정동코드
seoul-seongdong,성동구,서울특별시,11200,202508,202607,행정표준코드관리시스템 법정동코드
seoul-gwangjin,광진구,서울특별시,11215,202508,202607,행정표준코드관리시스템 법정동코드
seoul-dongdaemun,동대문구,서울특별시,11230,202508,202607,행정표준코드관리시스템 법정동코드
seoul-jungnang,중랑구,서울특별시,11260,202508,202607,행정표준코드관리시스템 법정동코드
seoul-seongbuk,성북구,서울특별시,11290,202508,202607,행정표준코드관리시스템 법정동코드
seoul-gangbuk,강북구,서울특별시,11305,202508,202607,행정표준코드관리시스템 법정동코드
seoul-dobong,도봉구,서울특별시,11320,202508,202607,행정표준코드관리시스템 법정동코드
seoul-nowon,노원구,서울특별시,11350,202508,202607,행정표준코드관리시스템 법정동코드
seoul-eunpyeong,은평구,서울특별시,11380,202508,202607,행정표준코드관리시스템 법정동코드
seoul-seodaemun,서대문구,서울특별시,11410,202508,202607,행정표준코드관리시스템 법정동코드
seoul-mapo,마포구,서울특별시,11440,202508,202607,행정표준코드관리시스템 법정동코드
seoul-yangcheon,양천구,서울특별시,11470,202508,202607,행정표준코드관리시스템 법정동코드
seoul-gangseo,강서구,서울특별시,11500,202508,202607,행정표준코드관리시스템 법정동코드
seoul-guro,구로구,서울특별시,11530,202508,202607,행정표준코드관리시스템 법정동코드
seoul-geumcheon,금천구,서울특별시,11545,202508,202607,행정표준코드관리시스템 법정동코드
seoul-yeongdeungpo,영등포구,서울특별시,11560,202508,202607,행정표준코드관리시스템 법정동코드
seoul-dongjak,동작구,서울특별시,11590,202508,202607,행정표준코드관리시스템 법정동코드
seoul-gwanak,관악구,서울특별시,11620,202508,202607,행정표준코드관리시스템 법정동코드
seoul-seocho,서초구,서울특별시,11650,202508,202607,행정표준코드관리시스템 법정동코드
seoul-gangnam,강남구,서울특별시,11680,202508,202607,행정표준코드관리시스템 법정동코드
seoul-songpa,송파구,서울특별시,11710,202508,202607,행정표준코드관리시스템 법정동코드
seoul-gangdong,강동구,서울특별시,11740,202508,202607,행정표준코드관리시스템 법정동코드
incheon-jung,중구,인천광역시,28110,202508,202606,행정표준코드관리시스템 법정동코드(개편 전)
incheon-dong,동구,인천광역시,28140,202508,202606,행정표준코드관리시스템 법정동코드(개편 전)
incheon-michuhol,미추홀구,인천광역시,28177,202508,202607,행정표준코드관리시스템 법정동코드
incheon-yeonsu,연수구,인천광역시,28185,202508,202607,행정표준코드관리시스템 법정동코드
incheon-namdong,남동구,인천광역시,28200,202508,202607,행정표준코드관리시스템 법정동코드
incheon-bupyeong,부평구,인천광역시,28237,202508,202607,행정표준코드관리시스템 법정동코드
incheon-gyeyang,계양구,인천광역시,28245,202508,202607,행정표준코드관리시스템 법정동코드
incheon-seo,서구,인천광역시,28260,202508,202606,행정표준코드관리시스템 법정동코드(개편 전)
incheon-ganghwa,강화군,인천광역시,28710,202508,202607,행정표준코드관리시스템 법정동코드
incheon-ongjin,옹진군,인천광역시,28720,202508,202607,행정표준코드관리시스템 법정동코드
incheon-jemulpo,제물포구,인천광역시,28125,202607,202607,행정표준코드관리시스템 법정동코드(2026-07-01 개편 후)
incheon-yeongjong,영종구,인천광역시,28155,202607,202607,행정표준코드관리시스템 법정동코드(2026-07-01 개편 후)
incheon-seohae,서해구,인천광역시,28275,202607,202607,행정표준코드관리시스템 법정동코드(2026-07-01 개편 후)
incheon-geomdan,검단구,인천광역시,28290,202607,202607,행정표준코드관리시스템 법정동코드(2026-07-01 개편 후)
gyeonggi-suwon,수원시,경기도,41110,202508,202606,행정표준코드관리시스템 법정동코드(개편 전)
gyeonggi-seongnam,성남시,경기도,41130,202508,202606,행정표준코드관리시스템 법정동코드(개편 전)
gyeonggi-uijeongbu,의정부시,경기도,41150,202508,202607,행정표준코드관리시스템 법정동코드
gyeonggi-anyang,안양시,경기도,41170,202508,202606,행정표준코드관리시스템 법정동코드(개편 전)
gyeonggi-bucheon,부천시,경기도,41190,202508,202606,행정표준코드관리시스템 법정동코드(개편 전)
gyeonggi-gwangmyeong,광명시,경기도,41210,202508,202607,행정표준코드관리시스템 법정동코드
gyeonggi-pyeongtaek,평택시,경기도,41220,202508,202607,행정표준코드관리시스템 법정동코드
gyeonggi-dongducheon,동두천시,경기도,41250,202508,202607,행정표준코드관리시스템 법정동코드
gyeonggi-ansan,안산시,경기도,41270,202508,202606,행정표준코드관리시스템 법정동코드(개편 전)
gyeonggi-goyang,고양시,경기도,41280,202508,202606,행정표준코드관리시스템 법정동코드(개편 전)
gyeonggi-gwacheon,과천시,경기도,41290,202508,202607,행정표준코드관리시스템 법정동코드
gyeonggi-guri,구리시,경기도,41310,202508,202607,행정표준코드관리시스템 법정동코드
gyeonggi-namyangju,남양주시,경기도,41360,202508,202607,행정표준코드관리시스템 법정동코드
gyeonggi-osan,오산시,경기도,41370,202508,202607,행정표준코드관리시스템 법정동코드
gyeonggi-siheung,시흥시,경기도,41390,202508,202607,행정표준코드관리시스템 법정동코드
gyeonggi-gunpo,군포시,경기도,41410,202508,202607,행정표준코드관리시스템 법정동코드
gyeonggi-uiwang,의왕시,경기도,41430,202508,202607,행정표준코드관리시스템 법정동코드
gyeonggi-hanam,하남시,경기도,41450,202508,202607,행정표준코드관리시스템 법정동코드
gyeonggi-yongin,용인시,경기도,41460,202508,202606,행정표준코드관리시스템 법정동코드(개편 전)
gyeonggi-paju,파주시,경기도,41480,202508,202607,행정표준코드관리시스템 법정동코드
gyeonggi-icheon,이천시,경기도,41500,202508,202607,행정표준코드관리시스템 법정동코드
gyeonggi-anseong,안성시,경기도,41550,202508,202607,행정표준코드관리시스템 법정동코드
gyeonggi-gimpo,김포시,경기도,41570,202508,202607,행정표준코드관리시스템 법정동코드
gyeonggi-hwaseong,화성시,경기도,41590,202508,202606,행정표준코드관리시스템 법정동코드(개편 전)
gyeonggi-gwangju,광주시,경기도,41610,202508,202607,행정표준코드관리시스템 법정동코드
gyeonggi-yangju,양주시,경기도,41630,202508,202607,행정표준코드관리시스템 법정동코드
gyeonggi-pocheon,포천시,경기도,41650,202508,202607,행정표준코드관리시스템 법정동코드
gyeonggi-yeoju,여주시,경기도,41670,202508,202607,행정표준코드관리시스템 법정동코드
gyeonggi-yeoncheon,연천군,경기도,41800,202508,202607,행정표준코드관리시스템 법정동코드
gyeonggi-gapyeong,가평군,경기도,41820,202508,202607,행정표준코드관리시스템 법정동코드
gyeonggi-yangpyeong,양평군,경기도,41830,202508,202607,행정표준코드관리시스템 법정동코드
gyeonggi-suwon-jangan,수원시 장안구,경기도,41111,202607,202607,행정표준코드관리시스템 법정동코드(2026-07-01 개편 후)
gyeonggi-suwon-gwonseon,수원시 권선구,경기도,41113,202607,202607,행정표준코드관리시스템 법정동코드(2026-07-01 개편 후)
gyeonggi-suwon-paldal,수원시 팔달구,경기도,41115,202607,202607,행정표준코드관리시스템 법정동코드(2026-07-01 개편 후)
gyeonggi-suwon-yeongtong,수원시 영통구,경기도,41117,202607,202607,행정표준코드관리시스템 법정동코드(2026-07-01 개편 후)
gyeonggi-seongnam-sujeong,성남시 수정구,경기도,41131,202607,202607,행정표준코드관리시스템 법정동코드(2026-07-01 개편 후)
gyeonggi-seongnam-jungwon,성남시 중원구,경기도,41133,202607,202607,행정표준코드관리시스템 법정동코드(2026-07-01 개편 후)
gyeonggi-seongnam-bundang,성남시 분당구,경기도,41135,202607,202607,행정표준코드관리시스템 법정동코드(2026-07-01 개편 후)
gyeonggi-anyang-manan,안양시 만안구,경기도,41171,202607,202607,행정표준코드관리시스템 법정동코드(2026-07-01 개편 후)
gyeonggi-anyang-dongan,안양시 동안구,경기도,41173,202607,202607,행정표준코드관리시스템 법정동코드(2026-07-01 개편 후)
gyeonggi-bucheon-wonmi,부천시 원미구,경기도,41192,202607,202607,행정표준코드관리시스템 법정동코드(2026-07-01 개편 후)
gyeonggi-bucheon-sosa,부천시 소사구,경기도,41194,202607,202607,행정표준코드관리시스템 법정동코드(2026-07-01 개편 후)
gyeonggi-bucheon-ojeong,부천시 오정구,경기도,41196,202607,202607,행정표준코드관리시스템 법정동코드(2026-07-01 개편 후)
gyeonggi-ansan-sangnok,안산시 상록구,경기도,41271,202607,202607,행정표준코드관리시스템 법정동코드(2026-07-01 개편 후)
gyeonggi-ansan-danwon,안산시 단원구,경기도,41273,202607,202607,행정표준코드관리시스템 법정동코드(2026-07-01 개편 후)
gyeonggi-goyang-deogyang,고양시 덕양구,경기도,41281,202607,202607,행정표준코드관리시스템 법정동코드(2026-07-01 개편 후)
gyeonggi-goyang-ilsandong,고양시 일산동구,경기도,41285,202607,202607,행정표준코드관리시스템 법정동코드(2026-07-01 개편 후)
gyeonggi-goyang-ilsanseo,고양시 일산서구,경기도,41287,202607,202607,행정표준코드관리시스템 법정동코드(2026-07-01 개편 후)
gyeonggi-yongin-cheoin,용인시 처인구,경기도,41461,202607,202607,행정표준코드관리시스템 법정동코드(2026-07-01 개편 후)
gyeonggi-yongin-giheung,용인시 기흥구,경기도,41463,202607,202607,행정표준코드관리시스템 법정동코드(2026-07-01 개편 후)
gyeonggi-yongin-suji,용인시 수지구,경기도,41465,202607,202607,행정표준코드관리시스템 법정동코드(2026-07-01 개편 후)
gyeonggi-hwaseong-manse,화성시 만세구,경기도,41591,202607,202607,행정표준코드관리시스템 법정동코드(2026-07-01 개편 후)
gyeonggi-hwaseong-hyohaeng,화성시 효행구,경기도,41593,202607,202607,행정표준코드관리시스템 법정동코드(2026-07-01 개편 후)
gyeonggi-hwaseong-byeongjeom,화성시 병점구,경기도,41595,202607,202607,행정표준코드관리시스템 법정동코드(2026-07-01 개편 후)
gyeonggi-hwaseong-dongtan,화성시 동탄구,경기도,41597,202607,202607,행정표준코드관리시스템 법정동코드(2026-07-01 개편 후)
