sigun_nm,bizplc_nm,licensg_ymd,bsn_state_nm,clsbiz_ymd,multi_utlz_bizest_yn,swrm_yn,bathrm_cnt,sanittn_indutype_nm,sanittn_bizcond_nm,refine_road_nm_addr,refine_lotno_addr,refine_zipno,refine_wgs84_lat,refine_wgs84_logt
가평군,보송목욕탕,19911118,영업,,N,N,0,,공동탕업+찜질시설서비스영업,"경기도 가평군 조종면 현창로56번길 27, 보송목욕탕 1~3층",경기도 가평군 조종면 현리 261-8 보송목욕탕 1~3층 ,12437,37.819734,127.3501792
가평군,신청평숯가마사우나,20071220,폐업,20180201,N,N,2,,공동탕업+찜질시설서비스영업,경기도 가평군 청평면 경춘로 556,경기도 가평군 청평면 대성리 49-5번지 ,12457,37.7196083,127.404562
고양시,스타24시불한증막사우나,20000203,영업,,Y,N,0,,공동탕업+찜질시설서비스영업,"경기도 고양시 일산서구 탄중로233번길 25, B101호,B201호 (탄현동, 양우프라자)","경기도 고양시 일산서구 탄현동 1490-1 외 1필지 양우프라자 B101호, B201호 ",10244,37.6946221,126.7703897
고양시,백송사우나,20061120,영업,,Y,N,0,,공동탕업+찜질시설서비스영업,"경기도 고양시 일산서구 덕이로 212 (덕이동,외 2필지 신일산 골프연습장 지하2층(일부))",경기도 고양시 일산서구 덕이동 1047-1 외 2필지 신일산 골프연습장 지하2층(일부) ,10228,37.6966883,126.7393575
고양시,또와,20191211,영업,,Y,Y,2,,공동탕업+찜질시설서비스영업,"경기도 고양시 일산동구 일산로 46, 남정씨티프라자3 801,901호 (백석동)","경기도 고양시 일산동구 백석동 1308 남정씨티프라자 801,901호 ",10449,37.6423442,126.7879035
고양시,삼송월드24시불한증막,20140224,영업,,Y,Y,4,,공동탕업+찜질시설서비스영업,"경기도 고양시 덕양구 권율대로 908, 701,801,901호 (신원동)","경기도 고양시 덕양구 신원동 629 701,801,901호 ",10571,37.6638806,126.8916117
고양시,대화사우나,20030821,영업,,Y,Y,7,,공동탕업+찜질시설서비스영업,"경기도 고양시 일산서구 송포로 35 (대화동,대륙종합상가 지하2,3층)","경기도 고양시 일산서구 대화동 1464-7 대륙종합상가 지하2,3층 ",10219,37.6696305,126.7323768
고양시,원스파사우나,20160906,영업,,Y,N,0,,공동탕업+찜질시설서비스영업,"경기도 고양시 덕양구 의장로 140, 원흥연세프라자제1동 5층6층 (도내동)","경기도 고양시 덕양구 도내동 961 원흥연세프라자 제1동, 5층6층 ",10551,37.6351897,126.8706968
고양시,아쿠아필드 고양점,20170814,영업,,Y,Y,11,,공동탕업+찜질시설서비스영업,"경기도 고양시 덕양구 고양대로 1955, 4(일부)층 (동산동, 스타필드 고양 쇼핑몰동)",경기도 고양시 덕양구 동산동 370 스타필드 고양 쇼핑몰동 4(일부)층 ,10595,37.6470962,126.8948092
고양시,설문스파랜드,20170710,영업,,N,Y,2,,공동탕업+찜질시설서비스영업,"경기도 고양시 일산동구 은마길 239-3, 1동 (설문동)",경기도 고양시 일산동구 설문동 583-19 외 1필지 1동 ,10252,37.7249075,126.8003221
고양시,스파아일랜드,20220420,영업,,Y,Y,2,,공동탕업+찜질시설서비스영업,"경기도 고양시 일산서구 중앙로 1371, 지하1층 83,84호 (주엽동, 강선마을13단지아파트)","경기도 고양시 일산서구 주엽동 81 강선마을 복합상가동 지하1층 83,84호 ",10366,37.6661974,126.7665181
고양시,엠스파,20030225,영업,,Y,Y,10,,공동탕업+찜질시설서비스영업,"경기도 고양시 일산서구 중앙로 1493 (주엽동,번지 문촌마을복합상가 지하1층)",경기도 고양시 일산서구 주엽동 138 번지 문촌마을복합상가 지하1층 ,10379,37.6725454,126.754005
고양시,썬스파(해양),20071226,영업,,Y,Y,3,,공동탕업+찜질시설서비스영업,"경기도 고양시 일산서구 주엽로 134, B101호 (주엽동, 일산시대프라자 )",경기도 고양시 일산서구 주엽동 115-1 일산시대프라자 B101호,10387,37.6707056,126.7581282
고양시,백두산불한증막사우나,20111212,영업,,Y,Y,10,,공동탕업+찜질시설서비스영업,"경기도 고양시 일산서구 킨텍스로 308 (주엽동, 문촌마을상가동 지하1층)",경기도 고양시 일산서구 주엽동 133 문촌마을상가동 지하1층 ,10384,37.6720825,126.7534994
고양시,북한산온천비젠,19951207,영업,,Y,Y,2,,공동탕업+찜질시설서비스영업,"경기도 고양시 덕양구 중고개길 88-10 (지축동, 지하1층, 1층, 2층)","경기도 고양시 덕양구 지축동 207-1 지하1층,1층,2층 ",10580,37.659174,126.9328957
고양시,에이스스파랜드,20050111,영업,,Y,Y,9,,공동탕업+찜질시설서비스영업,"경기도 고양시 일산서구 고봉로 291, 에이스스타디움 501호 일부, 601호 (일산동)","경기도 고양시 일산서구 일산동 555-1 에이스스타디움 501호 일부, 601호 ",10340,37.6852992,126.7771837
고양시,스파렉스24시불가마사우나,20031011,영업,,Y,Y,14,,공동탕업+찜질시설서비스영업,"경기도 고양시 일산서구 산현로92번길 60 (일산동,탄현 이화프라자 401호, 501호)","경기도 고양시 일산서구 일산동 2023 탄현 이화프라자 401호, 501호 ",10347,37.6894239,126.7707922
고양시,동궁스파 24시 사우나,20170227,영업,,Y,Y,2,,공동탕업+찜질시설서비스영업,"경기도 고양시 일산동구 중앙로 1123, 지하1층 일부호 (백석동, 흰돌마을 상가동)",경기도 고양시 일산동구 백석동 1351 ,10421,37.6470766,126.7820318
고양시,로얄자연에스파,20211117,영업,,Y,N,2,,공동탕업+찜질시설서비스영업,"경기도 고양시 일산서구 탄현로 144-103, 다영프라자 지하1층 B101호 (탄현동)",경기도 고양시 일산서구 탄현동 98-6 다영프라자 지하1층 B101호,10248,37.706477,126.7664617
고양시,주엽 여성전용 24시 불한증막,20071226,영업,,Y,Y,3,,공동탕업+찜질시설서비스영업,"경기도 고양시 일산서구 주엽로 134, B101호 (주엽동, 일산시대프라자 )",경기도 고양시 일산서구 주엽동 115-1 일산시대프라자 B101호,10387,37.6707056,126.7581282
고양시,원마운트 찜질스파,20260309,영업,,Y,Y,2,,공동탕업+찜질시설서비스영업,"경기도 고양시 일산서구 한류월드로 300, 고양 원마운트 W201(일부),W801(일부)호 (대화동)","경기도 고양시 일산서구 대화동 2606 고양 원마운트 W201(일부),W801(일부)호 ",10392,37.664554,126.7545272
고양시,주식회사 원마운트,20260309,영업,,Y,Y,2,,공동탕업+찜질시설서비스영업,"경기도 고양시 일산서구 한류월드로 300, 고양 원마운트 W201(일부),W801(일부)호 (대화동)","경기도 고양시 일산서구 대화동 2606 고양 원마운트 W201(일부),W801(일부)호 ",10392,37.664554,126.7545272
고양시,웰니스 스파,20240408,영업,,Y,Y,8,,공동탕업+찜질시설서비스영업,"경기도 고양시 덕양구 오부자1길 37, 지앤지테라스몰 401(일부),402,403,404(일부),501호 (지축동)",경기도 고양시 덕양구 지축동 895 ,10583,37.6520234,126.9138256
고양시,정원숯가마,20100910,폐업,20120827,N,N,0,,공동탕업+찜질시설서비스영업,"경기도 고양시 일산동구 고양대로 950, 1층 전체호 (식사동)",경기도 고양시 일산동구 식사동 835-2번지 1층 전체호,10302,37.6754083,126.7990182
고양시,화사랑참숯가마,20080822,폐업,20131217,N,N,2,,공동탕업+찜질시설서비스영업,"경기도 고양시 일산동구 애니골길 14-47 (풍동,외1필지 가,나동(전체))","경기도 고양시 일산동구 풍동 667-2번지 외1필지 가,나동(전체) ",10301,37.6684212,126.7911694
고양시,후곡여성전용사우나,20040525,폐업,20140429,N,N,,,공동탕업+찜질시설서비스영업,"경기도 고양시 일산서구 일산로 589 (일산동,외3필지 현대프라자B01호)",경기도 고양시 일산서구 일산동 1054-1번지 외3필지 현대프라자B01호 ,10371,37.6795411,126.7628485
고양시,테크노사우나,20090202,폐업,20190701,Y,Y,6,,공동탕업+찜질시설서비스영업,"경기도 고양시 일산동구 일산로 138 (백석동,일산테크노타운부대동 B101호)",경기도 고양시 일산동구 백석동 1141-1번지 일산테크노타운부대동 B101호 ,10442,37.650785,126.7946246
고양시,그린스파 불가마 사우나,20040419,폐업,20131223,N,N,6,,공동탕업+찜질시설서비스영업,"경기도 고양시 일산서구 중앙로 1564 (대화동,외 1필지 801호, 901호, 1001호)","경기도 고양시 일산서구 대화동 2203-1번지 외 1필지 801호, 901호, 1001호 ",10381,37.6762134,126.7482756
고양시,다영프라자(자연에스파),20180411,폐업,20211013,Y,Y,2,,공동탕업+찜질시설서비스영업,"경기도 고양시 일산서구 탄현로 144-103, 다영프라자 지1층 B101호 (탄현동)",경기도 고양시 일산서구 탄현동 98-6 다영프라자 B101호,10248,37.706477,126.7664617
고양시,대성여성전용사우나,19950904,폐업,20200702,Y,N,0,,공동탕업+찜질시설서비스영업,"경기도 고양시 일산서구 일산로 576, B106호 (일산동, 대성프라자)",경기도 고양시 일산서구 일산동 1065-1 대성프라자 B106호,10374,37.6794973,126.764482
고양시,행신불한증막,20111109,폐업,20210706,N,Y,6,,공동탕업+찜질시설서비스영업,"경기도 고양시 덕양구 중앙로 454 (행신동, 401호,402호,501호,502호,601호,602호)","경기도 고양시 덕양구 행신동 1082 401호,402호,501호,502호,601호,602호 ",10486,37.6186185,126.8450013
고양시,몸24시불한증막사우나,20080514,폐업,20131206,N,N,8,,공동탕업+찜질시설서비스영업,"경기도 고양시 일산서구 원일로 69 (일산동,외 2필지 씨티프라자 501호, 601호)","경기도 고양시 일산서구 일산동 606-1번지 외 2필지 씨티프라자 501호, 601호 ",10350,37.6867611,126.7701604
고양시,탑성원사우나,20180104,폐업,20200225,Y,N,0,,공동탕업+찜질시설서비스영업,"경기도 고양시 덕양구 능곡로13번길 15, 지하1층 B101, B106호 (토당동, 한강 능곡역 성원상떼빌)","경기도 고양시 덕양구 토당동 342-7번지 한강 능곡역 성원상떼빌 1단지 지하1층 B101, B106호 ",10508,37.6220186,126.8198829
고양시,백두산 황토불 한증막 사우나,20010206,폐업,20110429,N,N,,,공동탕업+찜질시설서비스영업,경기도 고양시 일산서구 킨텍스로 308,경기도 고양시 일산서구 주엽동 133번지 번지 문촌마을상가동 B101호 ,10384,37.6720825,126.7534994
고양시,천연한방사우나,20030225,폐업,20210315,Y,Y,8,,공동탕업+찜질시설서비스영업,"경기도 고양시 일산서구 중앙로 1376, 지하1층 B-B1-1호 (주엽동, 강선마을10단지아파트)",경기도 고양시 일산서구 주엽동 75 강선마을10단지아파트 ,10366,37.6672637,126.7669498
광명시,에이스스파,20111205,영업,,N,N,8,,공동탕업+찜질시설서비스영업,"경기도 광명시 하안로 108 (소하동, 에이스광명타워 지하1층(113호) 지하2층(201호))",경기도 광명시 소하동 1365 에이스광명타워 지하1층(113호) 지하2층(201호) ,14319,37.4477501,126.8922018
광명시,하안사우나,20030424,영업,,Y,Y,0,,공동탕업+찜질시설서비스영업,"경기도 광명시 범안로 1008 (하안동, 녹원토피아빌딩 지하 1,2층)","경기도 광명시 하안동 302-5 녹원토피아빌딩 지하 1,2층 ",14303,37.4599949,126.8757411
광명시,웰빙사우나,20030424,영업,,N,N,0,,공동탕업+찜질시설서비스영업,경기도 광명시 하안로288번길 15 (하안동),경기도 광명시 하안동 61-1 ,14306,37.4622507,126.8813422
광명시,금강천 목욕탕,20030424,영업,,N,N,,,공동탕업+찜질시설서비스영업,경기도 광명시 광명로848번길 22 (광명동),경기도 광명시 광명동 342-15 ,14273,37.473616,126.8525907
광명시,브리티시휘트니스사우나24,20040129,폐업,20111223,N,N,6,,공동탕업+찜질시설서비스영업,"경기도 광명시 오리로651번길 5, 501호 (하안동, 프라임모터스)",경기도 광명시 하안동 305-1번지 ,14303,37.4587653,126.876735
광명시,한진사우나,20030421,폐업,20111013,N,N,6,,공동탕업+찜질시설서비스영업,경기도 광명시 광명로 877,"경기도 광명시 광명동 200-6번지 ,광명한진타운아파트상가 비101~비111호 ",14287,37.478705,126.8519248
광명시,자수정불사우나,20030929,폐업,20200915,N,Y,2,,공동탕업+찜질시설서비스영업,"경기도 광명시 오리로 856 (철산동,한복빌딩 지하 1,2,3)","경기도 광명시 철산동 413 한복빌딩 지하 1,2,3 ",14240,37.474723,126.8672609
광명시,중앙목욕탕,20090604,폐업,20181123,N,N,2,,공동탕업+찜질시설서비스영업,경기도 광명시 안현로 52 (하안동),경기도 광명시 하안동 30-1번지 ,14247,37.4655654,126.8774815
광명시,하오랜드여성사우나,20030424,폐업,20101115,N,N,,,공동탕업+찜질시설서비스영업,경기도 광명시 안현로 19,경기도 광명시 하안동 682-1번지 ,14245,37.4645313,126.8745274
광명시,한마음여성전용사우나,20030424,폐업,20101029,N,N,,,공동탕업+찜질시설서비스영업,경기도 광명시 하안로 361,경기도 광명시 하안동 681-4번지 ,14245,37.466755,126.8757188
광명시,한양목욕탕,20030424,폐업,20130524,N,Y,,,공동탕업+찜질시설서비스영업,경기도 광명시 모세로 46 (철산동),경기도 광명시 철산동 240-1번지 ,14232,37.48084,126.8700256
광명시,춘천옥찜질방24시사우나,20051027,폐업,20110428,N,N,,,공동탕업+찜질시설서비스영업,경기도 광명시 오리로651번길 11,"경기도 광명시 하안동 305번지 지하1층, 지하2층 ",14303,37.4585821,126.8761825
광명시,아쿠아사우나,20060421,폐업,20230612,N,N,0,,공동탕업+찜질시설서비스영업,"경기도 광명시 도덕로 24, 뉴월드빌딩 지하2층 1호 (광명동)",경기도 광명시 광명동 743-9 뉴월드빌딩 지하2층 1호,14282,37.4679716,126.8506039
광명시,라파광명탕,20030424,폐업,20210512,N,Y,,,공동탕업+찜질시설서비스영업,경기도 광명시 철산로 15 (철산동),경기도 광명시 철산동 245-9 ,14236,37.476438,126.8677101
광주시,황금스파랜드,20041125,영업,,N,Y,0,,공동탕업+찜질시설서비스영업,"경기도 광주시 광주대로55번길 6 (경안동,외2필지)",경기도 광주시 경안동 12-13 외2필지 ,12756,37.4120668,127.2595083
광주시,스파렉스,20050324,영업,,N,Y,2,,공동탕업+찜질시설서비스영업,경기도 광주시 마루들길 259-6,경기도 광주시 양벌동 350-2 외 1필지 ,12793,37.3782049,127.2609605
광주시,궁전사우나,20111115,영업,,N,Y,2,,공동탕업+찜질시설서비스영업,경기도 광주시 양벌로 199,경기도 광주시 양벌동 311-5 ,12793,37.3785901,127.2553795
광주시,백두산랜드,20070706,영업,,N,Y,2,,공동탕업+찜질시설서비스영업,경기도 광주시 경안로98번길 31-15 (경안동),경기도 광주시 경안동 178-1 ,12762,37.409091,127.2501955
광주시,중앙스파월드,20041105,영업,,N,N,2,,공동탕업+찜질시설서비스영업,경기도 광주시 오포읍 대명대길 18-17 (외1필지),경기도 광주시 오포읍 능평리 366-1 외1필지 ,12772,37.3570076,127.1688403
광주시,퇴촌황토참숯가마,20090203,폐업,20180312,N,Y,2,,공동탕업+찜질시설서비스영업,경기도 광주시 퇴촌면 정영로 886-12,경기도 광주시 퇴촌면 영동리 241-2번지 ,12712,37.475254,127.3774927
구리시,상떼빌 사우나,20091008,영업,,Y,Y,2,,공동탕업+찜질시설서비스영업,"경기도 구리시 원수택로64번길 9, 101동 B01호 (수택동,성원상떼빌)",경기도 구리시 수택동 482-2번지 성원상떼빌 101동 B01호,11932,37.597056,127.1429255
구리시,인창불한증막사우나,20220117,영업,,Y,N,7,,공동탕업+찜질시설서비스영업,"경기도 구리시 동구릉로53번길 4, 지하층 101,102호 (인창동)",경기도 구리시 인창동 543 ,11919,37.605365,127.133641
구리시,인창사우나,20190201,폐업,20211001,Y,Y,2,,공동탕업+찜질시설서비스영업,"경기도 구리시 동구릉로53번길 4, 지층 (인창동)",경기도 구리시 인창동 543 ,11919,37.605365,127.133641
구리시,뉴허브사우나,20110819,폐업,20211012,Y,Y,6,,공동탕업+찜질시설서비스영업,"경기도 구리시 벌말로 215 (수택동,2,3,4층)","경기도 구리시 수택동 296 2,3,4층 ",,37.595412,127.1510076
구리시,둥근달사우나,20030528,폐업,20240123,N,Y,0,,공동탕업+찜질시설서비스영업,"경기도 구리시 체육관로 137-8 (교문동,,8)","경기도 구리시 교문동 735-7 ,8 ",11934,37.5969005,127.1362653
구리시,구리불한증막,20051228,폐업,20191105,Y,N,0,,공동탕업+찜질시설서비스영업,경기도 구리시 건원대로99번길 80-9 (인창동),경기도 구리시 인창동 386번지 ,11918,37.6068656,127.1379615
구리시,금강산사우나,20030530,폐업,20161219,N,N,0,,공동탕업+찜질시설서비스영업,경기도 구리시 검배로120번길 21-46 (토평동),경기도 구리시 토평동 1003번지 ,11945,37.5929358,127.1516107
구리시,백성사우나,20230210,폐업,20230926,Y,Y,2,,공동탕업+찜질시설서비스영업,"경기도 구리시 갈매순환로 202, 로터스타워 2층 201호 (갈매동)",경기도 구리시 갈매동 529 로터스타워 ,11901,37.6372071,127.1214478
군포시,산본스파랜드,20040906,영업,,N,N,14,,공동탕업+찜질시설서비스영업,"경기도 군포시 번영로 504, 지층 (산본동)",경기도 군포시 산본동 1231 지층 ,15862,37.3581051,126.9331702
군포시,수리산랜드,20050325,영업,,N,Y,2,,공동탕업+찜질시설서비스영업,경기도 군포시 금당로69번길 35 (당동),"경기도 군포시 당동 949-1 무지개마을 마젤리안(아)지하1,2,3,4층 ",15858,37.3518783,126.9392013
군포시,스파렉스 산본,20030104,영업,,N,Y,2,,공동탕업+찜질시설서비스영업,"경기도 군포시 고산로 693, 하나로빌딩 9층 (산본동)",경기도 군포시 산본동 1060-1 하나로빌딩 ,15802,37.3719772,126.935031
군포시,세지개발,20041217,영업,,N,N,0,,공동탕업+찜질시설서비스영업,"경기도 군포시 당산로 104, 4,6층 (금정동, 두현타워)","경기도 군포시 금정동 765 두현타워 4,6층 ",15830,37.3609802,126.9464172
군포시,두현24시불가마사우나,20041217,영업,,N,N,0,,공동탕업+찜질시설서비스영업,"경기도 군포시 당산로 104, 4,6층 (금정동, 두현타워)","경기도 군포시 금정동 765 두현타워 4,6층 ",15830,37.3609802,126.9464172
군포시,미성맥반석목욕탕,19960214,폐업,20090302,N,Y,2,,공동탕업+찜질시설서비스영업,경기도 군포시 고산로 679,경기도 군포시 산본동 1061-3번지 ,15802,37.3710979,126.9339872
군포시,수리산참숯불가마,20110829,폐업,20151216,N,Y,0,,공동탕업+찜질시설서비스영업,경기도 군포시 대야2로 73 (대야미동),경기도 군포시 대야미동 634-11번지 ,15886,37.3333823,126.9168751
군포시,수리산참숯가마,20060830,폐업,20110119,N,Y,2,,공동탕업+찜질시설서비스영업,,"경기도 군포시 대야미동 1번지 블럭 10롯트외 1필지 대야미수리산참숯불가마 A,B동 ",,37.3389326,126.9243626
군포시,마마불한증막,20070918,폐업,20130221,N,Y,1,,공동탕업+찜질시설서비스영업,경기도 군포시 봉성로 14 (당동),경기도 군포시 당동 898-13번지 지하 ,15856,37.3505043,126.9460199
군포시,수리산참숯불가마,20110222,폐업,20110822,N,N,,,공동탕업+찜질시설서비스영업,경기도 군포시 대야2로 71,"경기도 군포시 대야미동 634-11번지 (1블럭 10,11롯트) ",15886,37.3333823,126.9168751
군포시,월드목욕탕,20030129,폐업,20221102,N,Y,2,,공동탕업+찜질시설서비스영업,경기도 군포시 고산로250번길 12 (당동),"경기도 군포시 당동 917-4 당동중앙프라자 지하1층,지상3,4층 ",15856,37.3470382,126.9449953
김포시,맥스사우나,20200811,영업,,Y,Y,9,,공동탕업+찜질시설서비스영업,"경기도 김포시 김포한강9로75번길 38, 맥스타워 4,5층 (구래동)",경기도 김포시 구래동 6882-8 ,10071,37.6436073,126.6234326
김포시,김포 스프링 스파,20190110,영업,,Y,Y,3,,공동탕업+찜질시설서비스영업,"경기도 김포시 양촌읍 황금로109번길 1, 양촌골드밸리 G-프라자 4,5층","경기도 김포시 양촌읍 학운리 2981 양촌골드밸리 G-프라자 4,5층 ",10048,37.6185738,126.6217097
김포시,운양사우나,20191101,영업,,Y,N,7,,공동탕업+찜질시설서비스영업,"경기도 김포시 김포한강1로 230, 김포운양역 현대센트럴스퀘어 지하1층 101호 (운양동)",경기도 김포시 운양동 1306-6 ,10078,37.6531548,126.6828023
김포시,킹 사우나 찜질방,20070910,영업,,N,Y,12,,공동탕업+찜질시설서비스영업,경기도 김포시 중봉1로 67 (북변동),경기도 김포시 북변동 219-5번지 ,10102,37.6256648,126.7039433
김포시,한강스파24시 사우나,20160927,영업,,Y,Y,2,,공동탕업+찜질시설서비스영업,"경기도 김포시 김포한강9로76번길 63, 7, 8층 804-807호 (구래동, 아스타프라자)","경기도 김포시 구래동 6883-2 아스타프라자 7층,8층(804호-807호) ",10071,37.6453809,126.6268123
김포시,성현불가마사우나,20170616,폐업,20221111,N,Y,2,,공동탕업+찜질시설서비스영업,"경기도 김포시 양촌읍 양곡2로 30, 4,5,6층 (김포메디시티)","경기도 김포시 양촌읍 양곡리 1306-7 김포메디시티(4층,5층,6층) ",10062,37.6540932,126.6275719
김포시,청어람 찜질 사우나,20131220,폐업,20220603,N,N,2,,공동탕업+찜질시설서비스영업,경기도 김포시 중구로 12 (사우동),경기도 김포시 사우동 1115 ,10108,37.6224582,126.7109579
김포시,김포 테마 24시 한증막,20150806,폐업,20190831,N,Y,8,,공동탕업+찜질시설서비스영업,경기도 김포시 통진읍 절골로 42,경기도 김포시 통진읍 옹정리 276-4번지 ,10029,37.6808022,126.5759092
남양주시,웰스포사우나,20211103,영업,,Y,Y,50,,공동탕업+찜질시설서비스영업,"경기도 남양주시 화도읍 창현로 33, 웰스포빌딩 주1동(지1층,1층),주2동(1층),주3동(1층)","경기도 남양주시 화도읍 창현리 551-1 웰스포빌딩 주1동(지1층,1층),주2동(1층),주3동(1층) ",12183,37.6474077,127.3062031
남양주시,로데오유황24시사우나,20141223,영업,,Y,Y,9,,공동탕업+찜질시설서비스영업,"경기도 남양주시 별내중앙로 30, 별내로데오몰 901호 (별내동)",경기도 남양주시 별내동 1006-1 901호,12113,37.6459185,127.1256884
남양주시,빌드업피트니스PT 별내점,20250718,영업,,N,Y,4,,공동탕업+찜질시설서비스영업,"경기도 남양주시 별내중앙로 30, 별내로데오몰 1102호 (별내동)",경기도 남양주시 별내동 1006-1 별내로데오몰 1102호,12113,37.6459185,127.1256884
남양주시,골드스파,20080418,영업,,N,Y,8,,공동탕업+찜질시설서비스영업,경기도 남양주시 오남읍 진건오남로 508 (신명프라자 지하2층),경기도 남양주시 오남읍 오남리 475-8번지 신명프라자 지하2층 ,12050,37.6786825,127.2088993
남양주시,마석황토24시참숯사우나,20071022,영업,,N,Y,2,,공동탕업+찜질시설서비스영업,"경기도 남양주시 화도읍 비룡로 2 (마석프라자 B101,102,213호)","경기도 남양주시 화도읍 창현리 503-9번지 마석프라자 B101,102,213호 ",12179,37.6524567,127.3016667
남양주시,해밀24시불가마사우나,20150210,영업,,Y,Y,2,,공동탕업+찜질시설서비스영업,경기도 남양주시 진접읍 경복대로 239 (단우타워6층7층8층),"경기도 남양주시 진접읍 금곡리 1042-2번지 단우타워6층,7층,8층 ",12059,37.7198044,127.2029176
남양주시,다산킹찜질방,20211213,영업,,Y,N,2,,공동탕업+찜질시설서비스영업,"경기도 남양주시 다산중앙로123번길 22-80, 신해매디컬타워 6층일부,7층(701~703호,704~706호일부,707~710호),8층(801~811호) (다산동)","경기도 남양주시 다산동 6062 신해매디컬타워 6층일부,7층(701~703호,704~706호일부,707~710호),8층(801~811호) ",12248,37.6248047,127.1507141
남양주시,라온사우나,20200928,영업,,N,N,2,,공동탕업+찜질시설서비스영업,"경기도 남양주시 다산중앙로123번길 22-8, 리더스퀘어 803~805호 (다산동)","경기도 남양주시 다산동 6060 리더스퀘어 803,804,805호 ",12248,37.6242919,127.1510451
남양주시,노블레스 스파24시,20140324,영업,,N,Y,2,,공동탕업+찜질시설서비스영업,"경기도 남양주시 순화궁로 116, 지층 103,104,105,106호 (별내동, 별내 노블레스)",경기도 남양주시 별내동 998 ,12113,37.6430559,127.1211801
남양주시,다산킹찜질방,20211213,영업,,Y,N,2,,공동탕업+찜질시설서비스영업,"경기도 남양주시 다산중앙로123번길 22-80, 신해메디컬타워 7층(701~703호,704~706호일부,707~710호)8층(801~811호) (다산동)","경기도 남양주시 다산동 6062 신해메디컬타워 7층(701~703호,704~706호일부,707~710호)8층(801~811호) ",12248,37.6248047,127.1507141
남양주시,아이비스파,20070614,폐업,20120220,N,Y,6,,공동탕업+찜질시설서비스영업,경기도 남양주시 와부읍 수레로116번길 16 (외5필지),경기도 남양주시 와부읍 덕소리 50번지 외5필지 ,12207,37.5915734,127.2224919
남양주시,스타힐,20141017,폐업,20190121,N,Y,2,,공동탕업+찜질시설서비스영업,"경기도 남양주시 와부읍 수레로116번길 16, 3.4.5.6.7층 (아이비타워-2)","경기도 남양주시 와부읍 덕소리 50번지 외5필지 아이비타워-2, 3.4.5.6.7층 ",12207,37.5915734,127.2224919
남양주시,우리웰빙사우나24,20040504,폐업,20100419,N,N,2,,공동탕업+찜질시설서비스영업,경기도 남양주시 오남읍 진건오남로 629-1,경기도 남양주시 오남읍 오남리 683-7번지 ,12040,37.6892711,127.2117275
남양주시,수동성참숯가마,20080313,폐업,20171215,N,N,2,,공동탕업+찜질시설서비스영업,경기도 남양주시 수동면 비룡로 916-59,경기도 남양주시 수동면 입석리 540-22번지 ,12029,37.7193904,127.3187127
남양주시,덕소황토불가마,20110905,폐업,20140613,N,Y,2,,공동탕업+찜질시설서비스영업,,경기도 남양주시 와부읍 덕소리 600-14번지 세양청마루 1-비101호 ,12215,37.5857466,127.2095674
남양주시,케이피 토탈 휘트니스,20110516,폐업,20161007,N,Y,8,,공동탕업+찜질시설서비스영업,"경기도 남양주시 경춘로 1260 (평내동,하나프라자 9층)",경기도 남양주시 평내동 579번지 하나프라자 9층 ,12223,37.646674,127.2348242
동두천시,두드림  스파월드,20070614,영업,,Y,Y,13,,공동탕업+찜질시설서비스영업,"경기도 동두천시 삼육사로 1041 (생연동,외 2필지)",경기도 동두천시 생연동 290-1번지 외 2필지 ,11319,37.8997058,127.0660565
동두천시,금강산 사우나,20080502,영업,,Y,N,4,,공동탕업+찜질시설서비스영업,경기도 동두천시 어수로 47-41 (상패동),경기도 동두천시 상패동 57-18 ,11339,37.905364,127.0487785
동두천시,목간통,20141029,영업,,Y,N,0,,공동탕업+찜질시설서비스영업,"경기도 동두천시 지행로 52, 송내프라자 5,6층 (지행동)",경기도 동두천시 지행동 718-3 송내프라자 ,11350,37.892077,127.0530108
동두천시,소요산탑온천랜드&스포츠센터,20080721,폐업,20220831,Y,Y,12,,공동탕업+찜질시설서비스영업,경기도 동두천시 장고갯로 161-35 (생연동),경기도 동두천시 생연동 222-3 ,11313,37.9081012,127.0647786
동두천시,목간통,20040510,폐업,20141029,N,Y,2,,공동탕업+찜질시설서비스영업,"경기도 동두천시 지행로 52, 5층~7층 (지행동, 송내프라자)",경기도 동두천시 지행동 718-3번지 ,11350,37.892077,127.0530108
부천시,스카이랜드24시불가마사우나,20030627,영업,,Y,N,0,,공동탕업+찜질시설서비스영업,"경기도 부천시 원미구 상동로 90, 7층 (상동, 메가플러스)",경기도 부천시 원미구 상동 541-1 메가플러스 7층 ,14545,37.50513,126.7537281
부천시,송원24시사우나,20030820,영업,,Y,N,2,,공동탕업+찜질시설서비스영업,"경기도 부천시 원미구 성곡로 91 (도당동,지하)",경기도 부천시 원미구 도당동 139 지하 ,14459,37.5209612,126.7954072
부천시,백두산대중목욕탕,20001018,영업,,Y,Y,2,,공동탕업+찜질시설서비스영업,경기도 부천시 오정구 원종로 64 (원종동),경기도 부천시 오정구 원종동 313-10 ,14424,37.5238057,126.8069576
부천시,일죽24시레저사우나,20020417,영업,,Y,N,2,,공동탕업+찜질시설서비스영업,경기도 부천시 원미구 부일로 522 (심곡동),경기도 부천시 원미구 심곡동 129-3 ,14643,37.4848896,126.7879416
부천시,벽계수스파 부천옥길점,20200409,영업,,Y,Y,2,,공동탕업+찜질시설서비스영업,"경기도 부천시 소사구 옥길로 116, 문영퀸즈파크 9,10층 B301,811,901,902,903,1001호 (옥길동)","경기도 부천시 소사구 옥길동 745-1 문영퀸즈파크 9,10층 B301, 811,901,902,903,1001호 ",14786,37.4669494,126.8226586
부천시,광천목욕탕,20060303,영업,,Y,Y,6,,공동탕업+찜질시설서비스영업,"경기도 부천시 원미구 옥산로 69, 지하 1층 (중동, 꿈마을상가)",경기도 부천시 원미구 중동 1102 꿈마을상가 지하1층 ,14550,37.4995656,126.7808446
부천시,우리불여성사우나,20060424,영업,,Y,Y,1,,공동탕업+찜질시설서비스영업,"경기도 부천시 원미구 부흥로303번길 36, 금호 프라자 801호 (중동)",경기도 부천시 원미구 중동 1123 금호 프라자 801호 ,14582,37.4963647,126.7762258
부천시,천지연랜드,20030120,영업,,Y,Y,0,,공동탕업+찜질시설서비스영업,"경기도 부천시 오정구 소사로 825, 천지연랜드 (원종동)",경기도 부천시 오정구 원종동 163 천지연랜드 ,14425,37.5297753,126.8043446
부천시,송정사우나,20060918,영업,,Y,Y,5,,공동탕업+찜질시설서비스영업,"경기도 부천시 원미구 부일로233번길 18, 지하 1~2층 (상동)",경기도 부천시 원미구 상동 459-2 지하1~2층 ,14623,37.4892468,126.7563634
부천시,백두산사우나,20050520,영업,,Y,Y,2,,공동탕업+찜질시설서비스영업,"경기도 부천시 원미구 조마루로 87, 지하1층 (상동, 늘푸른종합상가)",경기도 부천시 원미구 상동 557-3 늘푸른종합상가 지하1층 ,14589,37.5006586,126.7536255
부천시,건강스파랜드불한증막사우나,20041229,영업,,Y,N,0,,공동탕업+찜질시설서비스영업,"경기도 부천시 원미구 부일로 754, 5~7층 (역곡동, 역곡미래타운)","경기도 부천시 원미구 역곡동 112-1 외8 (5,6,7층) 역곡미래타운 ",14674,37.4863671,126.8137171
부천시,소사봉이사우나,20090204,영업,,Y,Y,2,,공동탕업+찜질시설서비스영업,"경기도 부천시 소사구 소사로247번길 19, 3층 3-1호 (소사본동, 세영타워메카)","경기도 부천시 소사구 소사본동 78 ,세영타워메카 3층 3-1호 ",14705,37.4802405,126.7942742
부천시,광천여성전용사우나,20090119,영업,,Y,Y,4,,공동탕업+찜질시설서비스영업,경기도 부천시 오정구 소사로 706 (원종동),경기도 부천시 오정구 원종동 372-5 지하1층 ,14473,37.5188198,126.8051819
부천시,늘푸른사우나,20070831,영업,,Y,Y,2,,공동탕업+찜질시설서비스영업,"경기도 부천시 원미구 원미로57번길 29, 지층 101, 102호 (심곡동, 일해늘푸른(아))","경기도 부천시 원미구 심곡동 184-4 ,5,6 일해늘푸른(아) 지층101호,102호 ",14573,37.4886782,126.7884259
부천시,신중동불가마사우나,20030104,영업,,Y,N,0,,공동탕업+찜질시설서비스영업,"경기도 부천시 원미구 신흥로 277 (중동, 지하1~2층)",경기도 부천시 원미구 중동 3-75 지하1~2층 ,14535,37.5084505,126.774559
부천시,유스포힐링스파,20151207,영업,,Y,Y,2,,공동탕업+찜질시설서비스영업,"경기도 부천시 원미구 신흥로 321 (약대동, 1B01,2B01,2B02호)","경기도 부천시 원미구 약대동 169-115 1B01,2B01,2B02호 ",14517,37.5124353,126.7746902
부천시,은성프라자사우나,20041111,영업,,N,N,2,,공동탕업+찜질시설서비스영업,"경기도 부천시 원미구 수도로 202, 은성프라자 5층 (도당동)",경기도 부천시 원미구 도당동 43-3 은성프라자 5층 ,14480,37.5196164,126.7875891
부천시,부곡스파월드,19890922,폐업,20221104,Y,Y,9,,공동탕업+찜질시설서비스영업,경기도 부천시 소사구 부광로 14 (괴안동),경기도 부천시 소사구 괴안동 115-9 ,14681,37.4833692,126.8127831
부천시,수성사우나,20050818,폐업,20190603,Y,Y,2,,공동탕업+찜질시설서비스영업,경기도 부천시 오정구 소사로775번길 25 (원종동),경기도 부천시 오정구 원종동 221 ,14427,37.5251552,126.8034595
부천시,원미스파랜드,20110311,폐업,20210607,Y,Y,2,,공동탕업+찜질시설서비스영업,"경기도 부천시 원미구 원미로 150, 1~5층 (원미동)",경기도 부천시 원미구 원미동 51-6 지상1층~5층 ,14563,37.495901,126.7919322
부천시,에코사우나,20141022,폐업,20221011,Y,Y,2,,공동탕업+찜질시설서비스영업,"경기도 부천시 원미구 부천로2번길 49, B101호 (심곡동, 에코스마트3)",경기도 부천시 원미구 심곡동 142-10 에코스마트3 B101호,14643,37.4841182,126.7855849
부천시,휘닉스 스파,20090114,폐업,20200923,N,Y,2,,공동탕업+찜질시설서비스영업,"경기도 부천시 원미구 중동로254번길 90, 6~7층 (중동)","경기도 부천시 원미구 중동 1143-4 6층, 7층일부 ",14548,37.5014958,126.7736873
부천시,프리존24시불가마사우나,20060512,폐업,20100310,N,Y,12,,공동탕업+찜질시설서비스영업,경기도 부천시 원미구 부일로 448,"경기도 부천시 원미구 심곡동 383-8 번지 외12,17,7 ",14637,37.4859873,126.7801943
부천시,연화대중탕,20050422,폐업,20191017,N,Y,3,,공동탕업+찜질시설서비스영업,"경기도 부천시 원미구 옥산로 12, 지층 101호 (중동, 연화마을상가동)",경기도 부천시 원미구 중동 1099-2 연화마을 상가동 지층 101호,14575,37.4948247,126.7808675
부천시,웰빙타운24시사우나,20050131,폐업,20120824,N,N,2,,공동탕업+찜질시설서비스영업,"경기도 부천시 원미구 길주로 137 (상동,그린힐 801,901호)","경기도 부천시 원미구 상동 538-4 그린힐 801,901호 ",14542,37.5061104,126.7576896
부천시,상일대중사우나,20041102,폐업,20120221,N,Y,2,,공동탕업+찜질시설서비스영업,,"경기도 부천시 원미구 상동 400-1 ,2 (투원21C빌딩 4,5층) ",14598,37.4913106,126.7520331
부천시,신천지불가마사우나,20030722,폐업,20200204,Y,N,0,,공동탕업+찜질시설서비스영업,"경기도 부천시 원미구 부일로 123, 3~5층 (상동)","경기도 부천시 원미구 상동 617-5 ,6(3~5층) ",14593,37.4890218,126.7436401
부천시,상동여성목욕탕,20010809,폐업,20130822,N,N,0,,공동탕업+찜질시설서비스영업,경기도 부천시 원미구 장말로 192 (상동),경기도 부천시 원미구 상동 235-1 ,14618,37.4927419,126.7632065
부천시,부천온천사우나,20021223,폐업,20110610,N,Y,2,,공동탕업+찜질시설서비스영업,경기도 부천시 원미구 송내대로265번길 19,"경기도 부천시 원미구 상동 538-3 (4층여,5층찜질방,6층남) ",14542,37.5064811,126.7578783
부천시,뉴한솔불한증막사우나,20040419,폐업,20180206,N,N,2,,공동탕업+찜질시설서비스영업,"경기도 부천시 원미구 중동로254번길 78, 5~7층 (중동)",경기도 부천시 원미구 중동 1143-3 (지상5층~7층) ,14548,37.5015914,126.7731207
부천시,대양온천랜드목욕탕,20030708,폐업,20211101,Y,Y,2,,공동탕업+찜질시설서비스영업,"경기도 부천시 원미구 길주로 115, 8,9층 (상동, 시그마타워)","경기도 부천시 원미구 상동 535-9 ,시그마타워 8,9층 ",14542,37.5062759,126.7553573
부천시,돌핀사우나,20040302,폐업,20161228,N,Y,0,,공동탕업+찜질시설서비스영업,"경기도 부천시 오정구 원종로 69 (원종동,2층)",경기도 부천시 오정구 원종동 272-11 2층 ,14420,,
부천시,한솔불한증막사우나,20040129,폐업,20200220,Y,Y,0,,공동탕업+찜질시설서비스영업,"경기도 부천시 오정구 고강로40번길 66 (원종동,동일빌딩 301,401,501)","경기도 부천시 오정구 원종동 237-13 동일빌딩 301,401,501 ",14419,37.5276275,126.8085067
부천시,자연목욕탕,19901020,폐업,20140429,N,N,0,,공동탕업+찜질시설서비스영업,경기도 부천시 소사구 소사로 207,경기도 부천시 소사구 소사본동 152-16 ,14707,37.4768482,126.7952335
부천시,대천목욕탕,19891207,폐업,20220728,N,N,0,,공동탕업+찜질시설서비스영업,경기도 부천시 소사구 심곡로77번길 5 (심곡본동),"경기도 부천시 소사구 심곡본동 630-25 ,56,57 ",14748,37.4771326,126.7752125
부천시,미즈스파,20070509,폐업,20171110,N,Y,4,,공동탕업+찜질시설서비스영업,"경기도 부천시 원미구 옥산로 81, 지1호 (중동, 꿈마을상가동)",경기도 부천시 원미구 중동 1104 꿈마을상가동 지1호,14550,37.5008922,126.7796327
성남시,더성실 휘트니스&스파,20191031,영업,,N,N,2,,공동탕업+찜질시설서비스영업,"경기도 성남시 수정구 위례동로 153, 에이플타워 10층 1001호 (창곡동)","경기도 성남시 수정구 창곡동 513 에이플타워,10층1001호 ",13642,37.4734922,127.1499944
성남시,지중해건강랜드,20041020,영업,,N,N,2,,공동탕업+찜질시설서비스영업,"경기도 성남시 수정구 시민로 138 (신흥동,성산씨티다워5,6,7층)","경기도 성남시 수정구 신흥동 4219 성산씨티다워5,6,7층 ",13353,37.4405937,127.1444616
성남시,스포랜드사우나,19970422,영업,,N,N,0,,공동탕업+찜질시설서비스영업,"경기도 성남시 수정구 산성대로 613 (양지동,B201)",경기도 성남시 수정구 양지동 923-1 B201 ,13133,37.4644291,127.1704364
성남시,산호사우나,19980824,영업,,N,N,,,공동탕업+찜질시설서비스영업,경기도 성남시 수정구 모란로 69 (수진동),경기도 성남시 수정구 수진동 4660번지 ,13312,37.4392192,127.1255108
성남시,크란츠 스파랜드,20100224,영업,,Y,Y,2,,공동탕업+찜질시설서비스영업,"경기도 성남시 중원구 둔촌대로 388, B120,B201호 (상대원동, 크란츠테크노)",경기도 성남시 중원구 상대원동 5442-1번지 ,13403,37.43266,127.1591934
성남시,체리빌사우나,20091230,영업,,Y,Y,4,,공동탕업+찜질시설서비스영업,"경기도 성남시 분당구 구미로9번길 16 (구미동,체리빌오피스텔 지하1층 비101호)",경기도 성남시 분당구 구미동 187-1 체리빌오피스텔 지하1층 비101호 ,13637,37.3394969,127.1106756
성남시,스파크럽 이일천랜드,20030226,영업,,Y,N,0,,공동탕업+찜질시설서비스영업,"경기도 성남시 중원구 사기막골로105번길 25, 1층 ,지하1층 비03호 (상대원동)","경기도 성남시 중원구 상대원동 144-5 1층,지하1층 비03호 ",13201,37.4404884,127.1735598
성남시,(주)바이칼토탈휘트니스,20181227,영업,,N,Y,4,,공동탕업+찜질시설서비스영업,"경기도 성남시 분당구 중앙공원로40번길 4, 현대카스빌딩 지하1층 B103호 (서현동)",경기도 성남시 분당구 서현동 93 현대카스빌딩 ,13589,37.3803537,127.1294183
성남시,건영사우나,20021224,영업,,Y,Y,6,,공동탕업+찜질시설서비스영업,"경기도 성남시 분당구 장안로25번길 28 (분당동,건영아파트 상가동 지하1층)",경기도 성남시 분당구 분당동 67 건영아파트 상가동 지하1층 ,13583,37.3714838,127.1410157
성남시,더사우나(The sauna),20230324,영업,,Y,Y,0,,공동탕업+찜질시설서비스영업,"경기도 성남시 분당구 백현로 26, 정자동 관광호텔 및 가족호텔 2층 일부호 (정자동)",경기도 성남시 분당구 정자동 3-2 정자동 관광호텔 및 가족호텔 2층 일부호 ,13553,37.3803809,127.1044439
성남시,스포츠클럽 필립,20050715,영업,,Y,Y,9,,공동탕업+찜질시설서비스영업,"경기도 성남시 분당구 내정로 58 (정자동,스포츠라이프 스포츠센터 지하2-3층)",경기도 성남시 분당구 정자동 117-1 스포츠라이프 스포츠센터 지하2-3층 ,13607,37.3653635,127.1152287
성남시,대광아쿠아랜드,20030325,영업,,Y,N,0,,공동탕업+찜질시설서비스영업,"경기도 성남시 중원구 희망로344번길 6, 2,3층 (상대원동)",경기도 성남시 중원구 상대원동 2985-1 ,13241,37.4359758,127.1587714
성남시,힐링수 사우나,20031216,영업,,Y,Y,7,,공동탕업+찜질시설서비스영업,"경기도 성남시 분당구 내정로113번길 4 (정자동, 지하1층)",경기도 성남시 분당구 정자동 54-1 지하1층 ,13609,37.3706803,127.1148288
성남시,모란스파사우나,20040406,영업,,Y,Y,2,,공동탕업+찜질시설서비스영업,"경기도 성남시 중원구 성남대로 1126, 지하1,2층 (성남동, 메가프라자)",경기도 성남시 중원구 성남동 4123번지 외 1필지 ,13365,37.4302733,127.1298731
성남시,위례파크24시사우나,20170926,영업,,Y,Y,2,,공동탕업+찜질시설서비스영업,"경기도 성남시 수정구 위례광장로 19, 지하1층 B101~B107호 (창곡동, 아이페리온)",경기도 성남시 수정구 창곡동 562 아이페리온 지하1층 B101호~B107호 ,13646,37.4656756,127.1404302
성남시,태영대중사우나,19960522,폐업,20241226,N,Y,4,,공동탕업+찜질시설서비스영업,"경기도 성남시 분당구 서현로210번길 1 (서현동,보람코아 7층)",경기도 성남시 분당구 서현동 245-2 보람코아 7층 ,13591,37.3864541,127.1259428
성남시,힐링엔젤스 분당본점,20200115,폐업,20211206,N,N,0,,공동탕업+찜질시설서비스영업,"경기도 성남시 분당구 대왕판교로 350, 2층 일부호 (궁내동)",경기도 성남시 분당구 궁내동 384 ,13550,37.3750102,127.1022132
성남시,뉴존불한증막사우나,19991025,폐업,20220613,Y,Y,7,,공동탕업+찜질시설서비스영업,"경기도 성남시 분당구 돌마로 481 (서현동, 분당우성프라자 지하1층)",경기도 성남시 분당구 서현동 95 분당우성프라자 지하1층 ,13589,37.3777415,127.1328874
성남시,뉴해피불한증막사우나,20140714,폐업,20170410,N,Y,2,,공동탕업+찜질시설서비스영업,"경기도 성남시 분당구 야탑로 64 (야탑동, 야탑시장 비1-01호 일부)",경기도 성남시 분당구 야탑동 502번지 야탑시장 비1-01호 일부 ,13520,37.4094843,127.125964
성남시,스파오레불한증막,20040714,폐업,20170407,N,N,0,,공동탕업+찜질시설서비스영업,"경기도 성남시 분당구 미금일로90번길 36-5 (구미동, 더프라자 4층,5층)","경기도 성남시 분당구 구미동 29-1번지 더프라자 4층,5층 ",13627,37.3493123,127.1104895
성남시,참솔황금불가마,19960523,폐업,20230608,Y,Y,5,,공동탕업+찜질시설서비스영업,"경기도 성남시 분당구 미금로 45 (구미동, 진도훼미리프라자 4층)",경기도 성남시 분당구 구미동 203-2 진도훼미리프라자 4층 ,13625,37.3373682,127.1157667
성남시,스타도프사우나,20110810,폐업,20170410,N,N,6,,공동탕업+찜질시설서비스영업,"경기도 성남시 분당구 중앙공원로40번길 4 (서현동, 현대카스올림픽골프파크 지하1층B103호)",경기도 성남시 분당구 서현동 93번지 현대카스올림픽골프파크 지하1층B103호 ,13589,37.3803537,127.1294183
성남시,(주)아미고불한증막,20030704,폐업,20220504,Y,Y,4,,공동탕업+찜질시설서비스영업,"경기도 성남시 분당구 야탑로81번길 10 (야탑동,아미고타워지하1층,지하2층)","경기도 성남시 분당구 야탑동 358-2 아미고타워지하1층,지하2층 ",13497,37.4105911,127.1282185
성남시,황금24시 대중사우나,20070814,폐업,20200511,Y,N,0,,공동탕업+찜질시설서비스영업,경기도 성남시 중원구 산성대로 190-3 (성남동),경기도 성남시 중원구 성남동 2171번지 ,13357,37.4365252,127.1403775
성남시,스카이불한증막사우나,20040225,폐업,20231214,N,N,0,,공동탕업+찜질시설서비스영업,"경기도 성남시 수정구 수정로 106, 8층,9층 (수진동)","경기도 성남시 수정구 수진동 55 8층,9층 ",13327,37.4407275,127.1322182
성남시,오렌지사우나,20001031,폐업,20220323,Y,Y,4,,공동탕업+찜질시설서비스영업,"경기도 성남시 분당구 황새울로 224 (수내동,청구블루빌 지하1층 일부)",경기도 성남시 분당구 수내동 11-1 청구블루빌 지하1층 일부 ,13595,37.3788328,127.1132849
성남시,진주 바이오(BIO) 대중탕,20020221,폐업,20230125,N,N,0,,공동탕업+찜질시설서비스영업,경기도 성남시 수정구 희망로 522 (산성동),경기도 성남시 수정구 산성동 2196 ,,,
성남시,(주)휴랜드 솔사우나,20020828,폐업,20121203,N,Y,3,,공동탕업+찜질시설서비스영업,경기도 성남시 분당구 구미로9번길 25,경기도 성남시 분당구 구미동 182번지 분당대맥주차빌딩 7층 ,13637,37.3403778,127.1099373
성남시,공단중앙 사우나,20020111,폐업,20170531,N,N,0,,공동탕업+찜질시설서비스영업,"경기도 성남시 중원구 둔촌대로 449, 지층 A101호 (상대원동, 중앙인더스피아)",경기도 성남시 중원구 상대원동 517-13번지 ,13219,37.4328729,127.167489
성남시,탑.타운불한증막,20010912,폐업,20120810,N,N,,,공동탕업+찜질시설서비스영업,경기도 성남시 분당구 야탑로 64,경기도 성남시 분당구 야탑동 502번지 야탑예스코아 지하1층 ,13520,37.4094843,127.125964
성남시,스파랜드24,20170728,폐업,20211220,Y,Y,3,,공동탕업+찜질시설서비스영업,경기도 성남시 분당구 미금일로90번길 36-5 (구미동),"경기도 성남시 분당구 구미동 29-1 4,5층 ",13627,37.3493123,127.1104895
수원시,호매실24시사우나,20150820,영업,,N,N,2,,공동탕업,"경기도 수원시 권선구 호매실로90번길 116, 9층 (호매실동, 블루테라스)","경기도 수원시 권선구 호매실동 1395-3 블루테라스, 9층 ",16630,37.2601005,126.9627868
수원시,더블에스 휘트니스 광교점,20250508,영업,,Y,N,0,,공동탕업+찜질시설서비스영업,"경기도 수원시 영통구 광교호수공원로 277, 판매시설동 B2층 B2-001-3,B2-001-4호 (원천동, 광교중흥에스클래스)",경기도 수원시 영통구 원천동 589 광교중흥에스클래스 ,16517,37.2835532,127.0559244
수원시,호매실24시찜질방,20150827,영업,,N,N,0,,찜질시설서비스영업,"경기도 수원시 권선구 호매실로90번길 116, 8층 802호 (호매실동)",경기도 수원시 권선구 호매실동 1395-3 ,16630,37.2601005,126.9627868
수원시,메가스파 찜질방,20040202,영업,,Y,Y,2,,공동탕업+찜질시설서비스영업,"경기도 수원시 장안구 송원로 81, 메가플러스 2차, 3차 6, 7층 (조원동)",경기도 수원시 장안구 조원동 898-1 ,16295,37.3021627,127.0092247
수원시,메가스파,20040202,영업,,Y,Y,2,,공동탕업+찜질시설서비스영업,"경기도 수원시 장안구 송원로 81 (조원동,, -2 메가플러스)","경기도 수원시 장안구 조원동 898-1 , -2 메가플러스 ",16295,37.3021627,127.0092247
수원시,동아사우나,20150921,영업,,N,Y,2,,공동탕업+찜질시설서비스영업,경기도 수원시 영통구 매여울로40번길 45 (매탄동),경기도 수원시 영통구 매탄동 102-13 ,16525,37.2727405,127.0474833
수원시,스파렉스대중탕,20030627,영업,,Y,Y,1,,공동탕업+찜질시설서비스영업,"경기도 수원시 영통구 영통로 103, 뉴LG프라자 6~7층 (망포동)",경기도 수원시 영통구 망포동 570-5 뉴LG프라자 ,16687,37.2373925,127.0582923
수원시,스파렉스사우나,20030801,영업,,Y,Y,0,,공동탕업+찜질시설서비스영업,"경기도 수원시 영통구 봉영로 1569, NEW WORLD PLAZA 7층 (영통동)",경기도 수원시 영통구 영통동 960-3 NEW WORLD PLAZA ,16703,37.2520691,127.071039
수원시,헬스보이짐 매탄,20250227,영업,,N,N,2,,공동탕업+찜질시설서비스영업,"경기도 수원시 영통구 효원로 400, 지하1층 B01-1호 (매탄동)",경기도 수원시 영통구 매탄동 1276 레몬스포렉스 ,16547,37.2580668,127.0453833
수원시,성일목욕탕,19900602,영업,,Y,Y,0,,공동탕업+찜질시설서비스영업,"경기도 수원시 영통구 인계로 239, 상가2동 지1층 (매탄동, 매탄성일아파트)",경기도 수원시 영통구 매탄동 810-4 매탄성일아파트 ,16537,37.2650628,127.0433451
수원시,수원온수골온천,20031014,영업,,Y,Y,2,,공동탕업+찜질시설서비스영업,경기도 수원시 권선구 동수원로 232 (권선동),경기도 수원시 권선구 권선동 1296-5 ,16553,37.2502552,127.0346956
수원시,금강산불가마랜드,20060914,영업,,Y,Y,14,,공동탕업+찜질시설서비스영업,"경기도 수원시 장안구 송정로76번길 45, 지층 1호 (정자동, 기산아파트)",경기도 수원시 장안구 정자동 13 외1필지 기산아파트 지층 1호 ,16311,37.2943754,127.0072218
수원시,중앙스포츠랜드목욕탕,20050419,영업,,Y,Y,15,,공동탕업+찜질시설서비스영업,경기도 수원시 권선구 매송고색로 755 (고색동),경기도 수원시 권선구 고색동 27-1 ,16602,37.2530141,126.9868444
수원시,롯데웰빙불한증막사우나,20030226,영업,,Y,Y,2,,공동탕업+찜질시설서비스영업,"경기도 수원시 영통구 덕영대로1555번길 16, 벽적골롯데아파트 지하2층 (영통동)",경기도 수원시 영통구 영통동 971-1 벽적골롯데아파트 ,16700,37.2467883,127.0615862
수원시,송산사우나,19920123,영업,,Y,Y,0,,공동탕업+찜질시설서비스영업,"경기도 수원시 팔달구 정조로 751-12, 송산빌딩 지하1층 (팔달로3가)",경기도 수원시 팔달구 팔달로3가 79 송산빌딩 ,16261,37.2754548,127.0158501
수원시,성도스포츠사우나,20050816,영업,,Y,Y,10,,공동탕업+찜질시설서비스영업,"경기도 수원시 장안구 정조로 941 (영화동,동성영화타운 지하1층)",경기도 수원시 장안구 영화동 308-1 동성영화타운 지하1층 ,16271,37.2912941,127.0119127
수원시,현대보석불가마사우나,20020926,영업,,Y,Y,0,,공동탕업+찜질시설서비스영업,"경기도 수원시 권선구 금호로 248 (탑동,현대탑월드아파트지하1층)",경기도 수원시 권선구 탑동 5-4 현대탑월드아파트지하1층 ,16604,37.2753903,126.9773755
수원시,미라클효소찜질,20241030,영업,,N,Y,2,,공동탕업+찜질시설서비스영업,"경기도 수원시 권선구 호매실로90번길 77, 401~407호 (호매실동)",경기도 수원시 권선구 호매실동 1398-2 ,16630,37.2587881,126.9635742
수원시,콩코드 피트니스클럽,20240117,영업,,Y,Y,2,,공동탕업+찜질시설서비스영업,"경기도 수원시 장안구 수성로 175, 7층 7133호 (정자동)",경기도 수원시 장안구 정자동 111-14 ,16318,37.2874406,126.9915632
수원시,북수원온천,20050428,영업,,Y,Y,12,,공동탕업+찜질시설서비스영업,"경기도 수원시 장안구 서부로 2139 (율전동,SK HUB BLUE 8,9층)","경기도 수원시 장안구 율전동 285-2 SK HUB BLUE 8,9층 ",16360,37.2994501,126.9716577
수원시,스파렉스사우나,20030801,영업,,Y,Y,0,,공동탕업+찜질시설서비스영업,"경기도 수원시 영통구 봉영로 1569 (영통동,뉴월드프라자(7층))",경기도 수원시 영통구 영통동 960-3 뉴월드프라자(7층) ,16703,37.2520691,127.071039
수원시,메가스파랜드24시불가마사우나,20040202,영업,,Y,Y,2,,공동탕업+찜질시설서비스영업,"경기도 수원시 장안구 송원로 81 (조원동,, -2 메가플러스)","경기도 수원시 장안구 조원동 898-1 , -2 메가플러스 ",16295,37.3021627,127.0092247
수원시,목간통,20080108,영업,,Y,N,0,,공동탕업+찜질시설서비스영업,"경기도 수원시 팔달구 중부대로 215 (우만동, 선경아파트101동 상가지하층 101, 102호)","경기도 수원시 팔달구 우만동 98 선경아파트101동 상가지하층 101, 102호 ",16498,37.2765421,127.0398579
수원시,스파렉스대중탕,20030627,영업,,Y,Y,1,,공동탕업+찜질시설서비스영업,"경기도 수원시 영통구 영통로 103 (망포동,(6,7층))","경기도 수원시 영통구 망포동 570-5 (6,7층) ",16687,37.2373925,127.0582923
수원시,송죽힐링사우나,20061017,영업,,Y,N,10,,공동탕업+찜질시설서비스영업,"경기도 수원시 장안구 송원로 10 (송죽동, 지하1층)",경기도 수원시 장안구 송죽동 395-1 지하1층 ,16307,37.2966577,127.0054807
수원시,남문사우나,20170725,영업,,Y,Y,0,,공동탕업+찜질시설서비스영업,"경기도 수원시 팔달구 정조로788번길 10, 지하1~지하6층 (팔달로2가)",경기도 수원시 팔달구 팔달로2가 47-3 지하1~지하6층 ,16257,37.2781922,127.0173554
수원시,라이프스파랜드,20071206,영업,,Y,Y,2,,공동탕업+찜질시설서비스영업,"경기도 수원시 장안구 대평로90번길 19 (정자동,지하1층)",경기도 수원시 장안구 정자동 872-2 지하1층 ,16334,37.297131,126.9937659
수원시,성일목욕탕,19900602,영업,,Y,Y,0,,공동탕업+찜질시설서비스영업,"경기도 수원시 영통구 인계로 239 (매탄동,지하1층)",경기도 수원시 영통구 매탄동 810-4 지하1층 ,16537,37.2653231,127.0430615
수원시,주향불한증사우나,20080212,영업,,Y,Y,2,,공동탕업+찜질시설서비스영업,"경기도 수원시 권선구 세지로 73 (세류동,웰빙프라자  지하 1층)",경기도 수원시 권선구 세류동 862 웰빙프라자  지하 1층 ,16577,37.2585692,127.017458
수원시,홍익스포츠스파 주식회사,20130128,영업,,Y,Y,0,,공동탕업+찜질시설서비스영업,경기도 수원시 팔달구 갓매산로 31 (매산로2가),경기도 수원시 팔달구 매산로2가 66-1 외7필지 ,16461,37.2672802,127.0051991
수원시,동남사우나,20080107,영업,,Y,Y,2,,공동탕업+찜질시설서비스영업,"경기도 수원시 장안구 영화로25번길 22, 지하1층 (영화동, 태영주상복합)",경기도 수원시 장안구 영화동 418 (지하1층) ,16273,37.2890424,127.0080012
수원시,현대헬스골프사우나,19970908,폐업,20201231,Y,Y,6,,공동탕업+찜질시설서비스영업,경기도 수원시 권선구 세지로82번길 53 (권선동),경기도 수원시 권선구 권선동 986 ,16564,37.2585022,127.0209205
수원시,북문한증막,19891020,폐업,20090907,N,Y,1,,공동탕업+찜질시설서비스영업,경기도 수원시 장안구 팔달로292번길 13,경기도 수원시 장안구 영화동 153-1 ,16268,37.2901426,127.0168729
수원시,석천사우나 찜질방,20030513,폐업,20151028,N,Y,8,,공동탕업+찜질시설서비스영업,"경기도 수원시 장안구 경수대로 940 (조원동,일호골든타워 503,504,601호)","경기도 수원시 장안구 조원동 894 일호골든타워 503,504,601호 ",16295,37.3031494,127.0080447
수원시,(주)수성스포츠사우나,20040914,폐업,20190424,Y,Y,2,,공동탕업+찜질시설서비스영업,경기도 수원시 장안구 대평로 128 (정자동),경기도 수원시 장안구 정자동 266-3 ,16339,37.2989323,126.9913167
수원시,한솔목욕탕,19990712,폐업,20160212,N,Y,2,,공동탕업+찜질시설서비스영업,경기도 수원시 장안구 정자로 146 (정자동),경기도 수원시 장안구 정자동 454 ,16339,37.3039485,126.9923661
수원시,롯데웰빙불한증막사우나,20030226,폐업,20250905,Y,Y,2,,공동탕업+찜질시설서비스영업,"경기도 수원시 영통구 덕영대로1555번길 16, 벽적골롯데아파트 지하2층 (영통동)",경기도 수원시 영통구 영통동 971-1 벽적골롯데아파트 ,16700,37.2467883,127.0615862
수원시,유성한증막,20160414,폐업,20210106,N,N,1,,공동탕업+찜질시설서비스영업,"경기도 수원시 권선구 효원로160번길 14-10, 1층 (세류동)",경기도 수원시 권선구 세류동 824-2 1층 ,16574,37.2645787,127.0189873
수원시,씨엔목욕탕,20040113,폐업,20141027,Y,N,10,,공동탕업+찜질시설서비스영업,경기도 수원시 권선구 경수대로 270 (권선동),경기도 수원시 권선구 권선동 1189 ,16585,37.2504974,127.0208246
수원시,수원숯가마,20110303,폐업,20150407,N,N,0,,공동탕업+찜질시설서비스영업,"경기도 수원시 영통구 신원로198번길 15-4 (매탄동, 553-1 A동)",경기도 수원시 영통구 매탄동 553-1 A동 ,16676,37.2539619,127.0611613
수원시,오로라스파&휘트니스,20030221,폐업,20210701,Y,Y,0,,공동탕업+찜질시설서비스영업,경기도 수원시 영통구 태장로 68 (망포동),경기도 수원시 영통구 망포동 651-4 ,16687,37.2389161,127.0535482
수원시,삼성사우나,20010612,폐업,20150430,N,Y,2,,공동탕업+찜질시설서비스영업,경기도 수원시 장안구 서부로 2095 (율전동),경기도 수원시 장안구 율전동 419 ,16363,37.2961157,126.9698194
수원시,(주)예스짐 사우나,20190827,폐업,20230323,Y,N,0,,공동탕업+찜질시설서비스영업,"경기도 수원시 영통구 광교호수공원로 277, B1,B2층 1호 (원천동, 중흥 S-클래스)",경기도 수원시 영통구 원천동 589 중흥 S-클래스 ,16517,37.2835532,127.0559244
수원시,헤라여성사우나,20070810,폐업,20170425,Y,Y,1,,공동탕업+찜질시설서비스영업,경기도 수원시 권선구 세권로181번길 30-17 (권선동),경기도 수원시 권선구 권선동 1053-8 ,16566,37.256809,127.0257578
수원시,예스목욕탕,20031002,폐업,20220714,Y,Y,4,,공동탕업+찜질시설서비스영업,"경기도 수원시 영통구 중부대로 259, 8층 (원천동)",경기도 수원시 영통구 원천동 79-8 ,16503,37.2749648,127.0445598
수원시,대영스포랜드,20060403,폐업,20120703,N,Y,8,,공동탕업+찜질시설서비스영업,"경기도 수원시 장안구 경수대로 1082-7, 3,4층 (파장동, 대영프라자 )","경기도 수원시 장안구 파장동 209-1 대영프라자 3,4층 ",16205,37.3099334,126.9944023
수원시,휴랜24시사우나,20150605,폐업,20171228,N,Y,2,,공동탕업+찜질시설서비스영업,"경기도 수원시 영통구 반달로7번길 30, 6층 (영통동)",경기도 수원시 영통구 영통동 998-2 6층 ,16704,37.2531917,127.0749004
수원시,3H(쓰리에이치)보석사우나,20030723,폐업,20151028,N,Y,6,,공동탕업+찜질시설서비스영업,"경기도 수원시 장안구 정자천로 187 (정자동,롯데프라자)",경기도 수원시 장안구 정자동 874-2 롯데프라자 ,16334,37.2965613,126.9954621
시흥시,평화사우나,20031028,영업,,N,Y,15,,공동탕업+찜질시설서비스영업,"경기도 시흥시 연성로13번길 3 (하중동,,2번지(6,7,8층))","경기도 시흥시 하중동 875-1 ,2번지(6,7,8층) ",14976,37.3904462,126.8047643
시흥시,어울림여성전용한증막사우나,20041001,영업,,N,N,2,,공동탕업+찜질시설서비스영업,"경기도 시흥시 중심상가로 132, 청솔아파트 상가동 지하층 (정왕동)",경기도 시흥시 정왕동 1847번지 청솔아파트 상가동 지하층호,15037,37.3474805,126.730893
시흥시,월곶해수피아,20030829,영업,,N,N,2,,공동탕업+찜질시설서비스영업,"경기도 시흥시 월곶중앙로 58, 중앙프라자 6,7층 (월곶동)",경기도 시흥시 월곶동 1009-2 중앙프라자 ,14966,37.3889417,126.7390098
시흥시,워터캐슬 불가마사우나,20070227,영업,,N,Y,0,,공동탕업+찜질시설서비스영업,"경기도 시흥시 정왕대로 174 (정왕동,광개토빌딩 B101,B201호)","경기도 시흥시 정왕동 1726-1 광개토빌딩 B101,B201호 ",15036,37.3481553,126.7334942
시흥시,오아시스한증막,20070613,영업,,N,Y,2,,공동탕업+찜질시설서비스영업,"경기도 시흥시 마유로 415 (정왕동,역전프라자 B01호)",경기도 시흥시 정왕동 2302번지 역전프라자 B01호 ,15024,37.3519417,126.7405803
시흥시,온세사우나,20050701,영업,,N,Y,2,,공동탕업+찜질시설서비스영업,"경기도 시흥시 비둘기공원4길 9 (대야동, 5층.6층,7층)","경기도 시흥시 대야동 531-1번지 5층,6층,7층 ",14912,37.4433587,126.7900311
시흥시,지젤사우나,20031219,영업,,N,N,2,,공동탕업+찜질시설서비스영업,"경기도 시흥시 신천로 95, 1,2층 (신천동)",경기도 시흥시 신천동 766-3 ,14949,37.4389808,126.7859917
시흥시,장곡사우나(해양),20060209,영업,,Y,Y,2,,공동탕업+찜질시설서비스영업,"경기도 시흥시 진말로9번길 2 (장곡동,601호)",경기도 시흥시 장곡동 820-3 601호 ,15002,37.378468,126.7852668
시흥시,참나무숯불사우나,20030530,영업,,N,N,,,공동탕업+찜질시설서비스영업,"경기도 시흥시 인선길 104 (장곡동,지하1층)",경기도 시흥시 장곡동 803-2 지하1층 ,15002,37.3802219,126.7801899
시흥시,월곶해수피아,20030829,영업,,N,N,2,,공동탕업+찜질시설서비스영업,"경기도 시흥시 월곶중앙로 58 (월곶동,월곶중앙프라자 5,6,7층)","경기도 시흥시 월곶동 1009-2 월곶중앙프라자 5,6,7층 ",14966,37.3889417,126.7390098
시흥시,배곧스파24시사우나,20181214,영업,,Y,N,2,,공동탕업+찜질시설서비스영업,"경기도 시흥시 서울대학로264번길 26-32, 배곧중앙프라자 8층 (정왕동)",경기도 시흥시 정왕동 1771-24 배곧중앙프라자 ,15011,37.3666139,126.7277276
시흥시,칠보석대중탕,20020926,폐업,20121228,N,N,,,공동탕업+찜질시설서비스영업,경기도 시흥시 정왕대로 64 (정왕동),경기도 시흥시 정왕동 1861-2번지 B01호 ,15040,37.3542557,126.7235297
시흥시,낙원24시불가마사우나,20030426,폐업,20080609,N,Y,2,,공동탕업+찜질시설서비스영업,경기도 시흥시 은행로173번길 17,경기도 시흥시 대야동 572-3번지 ,14914,37.4448414,126.7968
시흥시,인스파존24시불가마사우나,20071108,폐업,20121213,N,,,,공동탕업+찜질시설서비스영업,경기도 시흥시 호현로40번길 5,경기도 시흥시 대야동 495-13번지 1~5층 ,14909,37.4437668,126.7859462
시흥시,스파리스24시불가마,20030115,폐업,20160727,N,N,,,공동탕업+찜질시설서비스영업,"경기도 시흥시 정왕시장길 51 (정왕동,2,3층)","경기도 시흥시 정왕동 1203번지 2,3층 ",15052,37.3458093,126.7485677
시흥시,다올황토불가마,20071214,폐업,20180716,N,N,,,공동탕업+찜질시설서비스영업,"경기도 시흥시 도일로 110-2 (거모동, 지하)",경기도 시흥시 거모동 1658-19번지 지하 ,15069,37.3403238,126.7840593
시흥시,귀빈사우나,20040402,폐업,20180201,N,N,2,,공동탕업+찜질시설서비스영업,경기도 시흥시 군자로 507 (거모동),경기도 시흥시 거모동 1757-1번지 ,15068,37.3447661,126.7853041
시흥시,테스스파,20031224,폐업,20211111,N,N,2,,공동탕업+찜질시설서비스영업,경기도 시흥시 은행로 86 (은행동),경기도 시흥시 은행동 547-4 ,14916,37.4392911,126.7971459
시흥시,청수사우나,20060314,폐업,20130125,N,Y,2,,공동탕업+찜질시설서비스영업,경기도 시흥시 은행로 130,경기도 시흥시 은행동 539-4번지 3.4층 ,14916,37.4427062,126.8000192
시흥시,신천스파랜드,20081128,폐업,20201231,N,N,,,공동탕업+찜질시설서비스영업,"경기도 시흥시 수인로3325번길 10, 3층 (신천동)",경기도 시흥시 신천동 774 3층 ,14950,37.4382099,126.7881919
시흥시,락암해수탕,20070920,폐업,20171114,N,N,0,,공동탕업+찜질시설서비스영업,"경기도 시흥시 서촌상가2길 10 (정왕동, 지하)",경기도 시흥시 정왕동 1728-1번지 지하 ,15036,37.3472726,126.7335822
시흥시,불가마찜질방 오션,20060330,폐업,20221012,N,N,0,,공동탕업+찜질시설서비스영업,"경기도 시흥시 시흥대로1074번길 5 (은행동,4,5층)","경기도 시흥시 은행동 288-1 4,5층 ",14921,37.4320543,126.7936643
안산시,하와이대중탕,20011030,영업,,N,N,0,,공동탕업+찜질시설서비스영업,"경기도 안산시 단원구 선부로 183 (선부동, 1087-11 )",경기도 안산시 단원구 선부동 1087-11 ,15217,37.3419966,126.8154057
안산시,스파랜드,20040202,영업,,Y,Y,2,,공동탕업+찜질시설서비스영업,"경기도 안산시 상록구 건건3길 5, 5~6층 (건건동, 센타프라자)","경기도 안산시 상록구 건건동 650-1번지 5층,6층 ",15521,37.3044469,126.902215
안산시,연지사우나,20191011,영업,,Y,N,8,,공동탕업+찜질시설서비스영업,"경기도 안산시 상록구 샘골로 39, 연지오피스텔 5,6층 501,601호 (본오동)","경기도 안산시 상록구 본오동 948-20번지 연지오피스텔 5,6층 501,601호 ",15566,37.2874976,126.8635523
안산시,24시예술스파랜드,20090911,영업,,Y,Y,2,,공동탕업+찜질시설서비스영업,"경기도 안산시 상록구 화랑로 501, 지층 B101~B105호 (성포동)",경기도 안산시 상록구 성포동 583-5 예술프라자지층 B101~B105호,15296,37.3208852,126.8438357
안산시,감골불한증막사우나,20070608,영업,,Y,Y,2,,공동탕업+찜질시설서비스영업,"경기도 안산시 상록구 네고지2길 41, 5층 501호 (사동)",경기도 안산시 상록구 사동 1318-8 한도프라자5층 501호,15591,37.2951439,126.8523972
안산시,한양스파랜드,20150805,영업,,Y,Y,6,,공동탕업+찜질시설서비스영업,"경기도 안산시 단원구 달미로 63 (선부동, 공작한양아파트군자2차상가 지하1~2층 각 일부)",경기도 안산시 단원구 선부동 1085 공작한양아파트군자2차상가 지하1~2층 각 일부 ,15234,37.3408115,126.8146713
안산시,하와이여성사우나,20011030,영업,,N,N,0,,공동탕업+찜질시설서비스영업,"경기도 안산시 단원구 선부로 183 (선부동, 1087-11 )",경기도 안산시 단원구 선부동 1087-11 ,15217,37.3419966,126.8154057
안산시,아늑료칸호텔안산역목욕장,20251203,영업,,N,Y,4,,공동탕업+찜질시설서비스영업,"경기도 안산시 단원구 부부로 64, 지하1층 (원곡동)",경기도 안산시 단원구 원곡동 960-3 ,15363,37.3340601,126.7916932
안산시,스파월드보석사우나,20021018,영업,,Y,N,0,,공동탕업+찜질시설서비스영업,"경기도 안산시 단원구 선부광장로 27, 신안골드리치 4층 (선부동, 1076-17)",경기도 안산시 단원구 선부동 1076-17 신안골드리치 4층 ,15239,37.3362263,126.810491
안산시,단원참숯가마,20080307,폐업,20180220,N,Y,2,,공동탕업+찜질시설서비스영업,"경기도 안산시 단원구 광덕대로 241, 1, 3층 (고잔동, 525-4  )","경기도 안산시 단원구 고잔동 525-4번지 1층, 3층 ",15358,37.3181828,126.8296727
안산시,안산경진한증막,19890729,폐업,20180220,N,N,,,공동탕업+찜질시설서비스영업,"경기도 안산시 단원구 북촌3길 37 (선부동, 1021)",경기도 안산시 단원구 선부동 1021번지 ,15221,37.3447312,126.8051747
안산시,음이온대중목욕탕,20051213,폐업,20200716,N,Y,2,,공동탕업+찜질시설서비스영업,"경기도 안산시 단원구 선부광장1로 182 (선부동, 1071-12  송천빌딩 지하1층)",경기도 안산시 단원구 선부동 1071-12 송천빌딩 지하1층 ,15367,37.3335292,126.8070615
안산시,은하수25시랜드,20050621,폐업,20220712,Y,Y,2,,공동탕업+찜질시설서비스영업,"경기도 안산시 단원구 선부광장1로 38, 상록타운 6, 7층 (선부동, 1070-18)","경기도 안산시 단원구 선부동 1070-18 상록타운 6층, 7층 ",15240,37.3366527,126.8094147
안산시,천수사우나,20031117,폐업,20200612,Y,N,10,,공동탕업+찜질시설서비스영업,"경기도 안산시 단원구 광덕대로 263, 브레스빌 B01호 (고잔동, 523-2)",경기도 안산시 단원구 고잔동 523-2번지 브레스빌 B01호 ,15353,37.3200859,126.8298816
안산시,테마목욕탕,20031024,폐업,20200519,N,N,2,,공동탕업+찜질시설서비스영업,"경기도 안산시 단원구 와동1로 14 (와동, 733-3  지층)",경기도 안산시 단원구 와동 733-3번지 지층 ,15269,37.3341487,126.8237738
안산시,태영사우나,20011005,폐업,20180220,N,N,,,공동탕업+찜질시설서비스영업,"경기도 안산시 단원구 초지로 90 (초지동, 735-4  태영프라자)",경기도 안산시 단원구 초지동 735-4번지 태영프라자 ,15448,37.3067331,126.8151162
안산시,서울레저로데오,20040603,폐업,20200716,Y,N,0,,공동탕업+찜질시설서비스영업,"경기도 안산시 단원구 광덕대로 162, 5층 (고잔동, 771-1)",경기도 안산시 단원구 고잔동 771-1 5층 ,15470,37.3108158,126.8307877
안산시,유림여성한증막,19980924,폐업,20200821,N,N,,,공동탕업+찜질시설서비스영업,"경기도 안산시 단원구 고잔로 122 (고잔동, 539-6  지층)",경기도 안산시 단원구 고잔동 539-6 지층 ,15361,37.318592,126.8399281
안산시,삼아사우나,20061017,폐업,20101019,N,Y,2,,공동탕업+찜질시설서비스영업,경기도 안산시 단원구 선부광장1로 118,경기도 안산시 단원구 선부동 1077-5번지 지하1층 ,15368,37.3327741,126.8120578
안산시,솔라스파,20051031,폐업,20160923,N,N,,,공동탕업+찜질시설서비스영업,"경기도 안산시 상록구 중보로 47, 5,6층 501,601호 (이동)","경기도 안산시 상록구 이동 716-4번지 5,6층 501,601호",15495,37.3075078,126.8518511
안산시,해모수불가마사우나,20071031,폐업,20180220,N,,,,공동탕업+찜질시설서비스영업,"경기도 안산시 단원구 고잔2길 9, 5,6,7층 (고잔동, 529-4)","경기도 안산시 단원구 고잔동 529-4번지 5,6,7층 ",15359,37.3180251,126.8320668
안산시,건강스포츠랜드사우나,20080403,폐업,20121123,N,Y,2,,공동탕업+찜질시설서비스영업,"경기도 안산시 단원구 광덕4로 88, 4,5층 (고잔동, 681)","경기도 안산시 단원구 고잔동 681번지 4,5층 ",15458,37.3153011,126.8222273
안산시,법원힐링사우나,20050613,폐업,20201029,Y,Y,0,,공동탕업+찜질시설서비스영업,"경기도 안산시 단원구 광덕서로 44, 5층 501호 (고잔동)",경기도 안산시 단원구 고잔동 718 501호,15476,37.3084437,126.8273443
안산시,뉴장안성불한증막사우나,20030205,폐업,20220105,Y,N,0,,공동탕업+찜질시설서비스영업,"경기도 안산시 단원구 광덕대로 161, 웅신아트프라자 601,701호 (고잔동, 708)","경기도 안산시 단원구 고잔동 708 웅신아트프라자 601호,701호 ",15471,37.3109956,126.8291046
안산시,천지불가마랜드,20050930,폐업,20170330,N,Y,2,,공동탕업+찜질시설서비스영업,"경기도 안산시 단원구 선부광장1로 162, 선부프라자 4,5 층 (선부동, 1071-8)","경기도 안산시 단원구 선부동 1071-8번지 선부프라자 4층, 5층 ",15367,37.3326613,126.8081644
안산시,경천불가마사우나,20031127,폐업,20070731,N,N,12,,공동탕업+찜질시설서비스영업,경기도 안산시 단원구 원포공원1로 30,경기도 안산시 단원구 초지동 745번지 .서해프라자601호 ,15457,37.3011341,126.8133164
안산시,양지스파랜드,20050113,폐업,20240801,Y,Y,2,,공동탕업+찜질시설서비스영업,"경기도 안산시 단원구 라성안길 17, 401호 (원곡동, 846-4)",경기도 안산시 단원구 원곡동 846-4 401호 ,15382,37.3277507,126.80234
안산시,스파시티불한증막사우나,20040524,폐업,20180220,N,N,,,공동탕업+찜질시설서비스영업,"경기도 안산시 단원구 원포공원1로 19, 3,4,5층 (초지동, 744-5)","경기도 안산시 단원구 초지동 744-5번지 3,4,5층 ",15457,37.3003897,126.8124093
안산시,중앙스파랜드사우나,20040914,폐업,20211230,Y,N,0,,공동탕업+찜질시설서비스영업,"경기도 안산시 단원구 고잔2길 41, 신양복합빌딩 7층 일부, 8층  (고잔동)","경기도 안산시 단원구 고잔동 535-1 신양복합빌딩 7층 일부, 8층 ",15360,37.3179461,126.8356451
안산시,하늘천사우나,20040611,폐업,20111124,N,N,6,,공동탕업+찜질시설서비스영업,경기도 안산시 단원구 광덕4로 102,"경기도 안산시 단원구 고잔동 681-3번지 신원프라자304~310호,5층 ",15458,37.3152099,126.8236162
안산시,해피여성전용사우나,19900223,폐업,20180105,N,N,,,공동탕업+찜질시설서비스영업,"경기도 안산시 단원구 선부광장1로 14, 4층 (선부동, 1070-12)",경기도 안산시 단원구 선부동 1070-12번지 4층 ,15240,37.3358832,126.8072995
안산시,크리스탈스파,20031126,폐업,20071026,N,N,,,공동탕업+찜질시설서비스영업,경기도 안산시 단원구 당곡로 11,경기도 안산시 단원구 고잔동 530-2번지 거풍스카이팰리스 4층 ,15359,37.3183098,126.833001
안산시,월드사우나,20031111,폐업,20211220,Y,N,41,,공동탕업+찜질시설서비스영업,"경기도 안산시 단원구 중앙대로 462, 안산역사1층 (원곡동, 377-1)",경기도 안산시 단원구 원곡동 377-1 안산역사1층 ,15431,37.3279765,126.7872918
안산시,감골불한증막사우나,20070608,폐업,20250321,Y,Y,2,,공동탕업+찜질시설서비스영업,"경기도 안산시 상록구 네고지2길 41, 5층 501호 (사동)",경기도 안산시 상록구 사동 1318-8 한도프라자5층 501호,15591,37.2951439,126.8523972
안성시,아쿠아필드,20200928,영업,,N,N,2,,공동탕업+찜질시설서비스영업,"경기도 안성시 공도읍 서동대로 3930-39, 스타필드 안성 쇼핑몰 3층 3108호",경기도 안성시 공도읍 진사리 354 스타필드 안성 ,17563,36.9945235,127.147167
안성시,동현불가마사우나,20080324,영업,,N,Y,2,,공동탕업+찜질시설서비스영업,경기도 안성시 남파로 75 (당왕동),경기도 안성시 당왕동 476-1 ,17568,37.016752,127.2583766
안성시,대림동산공원사우나 주식회사,20230126,영업,,Y,N,2,,공동탕업+찜질시설서비스영업,"경기도 안성시 공도읍 대림동산길 49, 지하1층",경기도 안성시 공도읍 마정리 112-65 ,17548,37.0137832,127.2015854
안양시,청림사우나,20171201,영업,,Y,Y,2,,공동탕업+찜질시설서비스영업,"경기도 안양시 동안구 흥안대로 94, 지하1층 101호일부호 (호계동, 리치밸리)",경기도 안양시 동안구 호계동 966-1번지 리치밸리 101호일부 ,14120,37.3691242,126.9551777
안양시,아울렛24시불한증막사우나,20080317,영업,,N,Y,9,,공동탕업+찜질시설서비스영업,"경기도 안양시 만안구 안양로 275 (안양동,6,7층)","경기도 안양시 만안구 안양동 627-287번지 6,7층 ",13997,37.3967322,126.9226549
안양시,덕유불한증막사우나,20090406,영업,,Y,N,2,,공동탕업+찜질시설서비스영업,"경기도 안양시 동안구 경수대로 428 (호계동,덕유파크 지하1층)",경기도 안양시 동안구 호계동 873 덕유파크 지하1층 ,14126,37.3622442,126.9624999
안양시,면역공방,20190218,영업,,Y,N,0,,공동탕업+찜질시설서비스영업,"경기도 안양시 동안구 평촌대로 450-4, 일부 1층 (비산동)",경기도 안양시 동안구 비산동 162-3 1층 일부 ,13915,37.4101644,126.9514342
안양시,주식회사 유림사우나,20120214,폐업,20241211,N,Y,0,,공동탕업+찜질시설서비스영업,"경기도 안양시 만안구 만안로 284, 지하1층 (안양동, 마인빌 )",경기도 안양시 만안구 안양동 861-32 마인빌 지하1층 ,13991,37.4051438,126.9193362
안양시,삼보사우나,19881229,폐업,20170111,N,N,0,,공동탕업+찜질시설서비스영업,"경기도 안양시 동안구 관평로327번길 45, 지하1+지상1층 (관양동)",경기도 안양시 동안구 관양동 1390-1번지 ,13936,37.4056204,126.9550943
안양시,청림사우나,20171201,폐업,20250307,Y,Y,2,,공동탕업+찜질시설서비스영업,"경기도 안양시 동안구 흥안대로 94, 지하1층 101호일부호 (호계동, 리치밸리)",경기도 안양시 동안구 호계동 966-1 리치밸리 101호일부 ,14120,37.3691242,126.9551777
안양시,삼투압찜질방,20080502,폐업,20190515,N,Y,2,,공동탕업+찜질시설서비스영업,"경기도 안양시 만안구 박달로498번길 38, 지하1층 (박달동)",경기도 안양시 만안구 박달동 85번지 지하1층 ,14008,37.4008981,126.9083869
양주시,에코스포츠센터,20110530,영업,,N,Y,3,,공동탕업+찜질시설서비스영업,경기도 양주시 은현면 은남로 177,경기도 양주시 은현면 하패리 1077-4 ,11426,37.8948018,127.010662
양주시,옥정스파24시사우나,20180912,영업,,Y,Y,2,,공동탕업+찜질시설서비스영업,"경기도 양주시 옥정동로7다길 62, 대길프라자 7층일부,8,9층전체 (옥정동)",경기도 양주시 옥정동 966-1 ,11473,37.820198,127.0928143
양주시,송추워터피아,20041210,영업,,Y,N,0,,공동탕업+찜질시설서비스영업,경기도 양주시 장흥면 가마골로 201,"경기도 양주시 장흥면 부곡리 183 외4필지(183-4, 185-5, 185-11) ",11521,37.7359885,126.9765266
양주시,무지개사우나,20111118,영업,,Y,Y,3,,공동탕업+찜질시설서비스영업,"경기도 양주시 부흥로 2118 (삼숭동,, 653번지 13호(지하1층))","경기도 양주시 삼숭동 669-12 , 653번지 13호(지하1층) ",11485,37.8060454,127.0896203
양주시,오션스파24시,20170921,영업,,Y,Y,2,,공동탕업+찜질시설서비스영업,"경기도 양주시 부흥로 1938 (광사동, 오션타워 주건축물 제1동 5층,6층 전체)","경기도 양주시 광사동 652-1 오션타워 주건축물 제1동 5층,6층 전체 ",11492,37.7949277,127.0781419
양주시,주식회사 위바운스,20030621,영업,,Y,N,2,,공동탕업+찜질시설서비스영업,경기도 양주시 고암길 358 (덕정동),경기도 양주시 덕정동 240-27 ,11456,37.8346754,127.0657104
양주시,고향찜질방,20080917,폐업,20140212,N,Y,2,,공동탕업+찜질시설서비스영업,경기도 양주시 장흥면 권율로 103 (외1필지(51-2)),경기도 양주시 장흥면 일영리 51번지 외1필지(51-2) ,11520,37.7240358,126.9485942
양주시,양주스파월드,20060501,폐업,20241122,Y,Y,0,,공동탕업+찜질시설서비스영업,"경기도 양주시 화합로1402번길 25-5 (덕정동,외3필지(2,3층))","경기도 양주시 덕정동 162-12 외3필지(2,3층) ",11451,37.8406673,127.0652206
양주시,금강대중사우나,20001109,폐업,20170707,N,N,,,공동탕업+찜질시설서비스영업,"경기도 양주시 회정로 114 (덕정동, 금강종합쇼핑센터 B01)",경기도 양주시 덕정동 208번지 금강종합쇼핑센터 B01 ,11456,37.8372449,127.0659112
양주시,두리쉼터,20040116,폐업,20231229,N,N,0,,공동탕업+찜질시설서비스영업,"경기도 양주시 회정로 134 (덕정동,두리테크덕정타운 701호)",경기도 양주시 덕정동 208-6 두리테크덕정타운 701호 ,11456,37.8371727,127.0683437
양주시,삼영스파사우나,20050204,폐업,20150602,N,N,2,,공동탕업+찜질시설서비스영업,,경기도 양주시 광적면 가납리 769번지 외 2필지 ,11420,37.8231712,126.980932
양평군,리버타운사우나,19981016,영업,,Y,N,0,,공동탕업+찜질시설서비스영업,경기도 양평군 강하면 강남로 512,경기도 양평군 강하면 전수리 25-7 ,12575,37.5039302,127.4408952
양평군,게르마니아,20011031,영업,,Y,N,0,,공동탕업+찜질시설서비스영업,경기도 양평군 옥천면 신촌길 86,경기도 양평군 옥천면 신복리 331 ,12505,37.5530536,127.4605332
양평군,동부사우나,19851014,영업,,Y,Y,0,,공동탕업+찜질시설서비스영업,경기도 양평군 양평읍 시민로 44 (2~3층),경기도 양평군 양평읍 양근리 183-4 외 3필지 (2~3층) ,12561,37.4903073,127.4965159
양평군,베스트,20230224,영업,,N,Y,2,,공동탕업+찜질시설서비스영업,"경기도 양평군 양평읍 양지길 52-4, 1~2층",경기도 양평군 양평읍 백안리 564-1 ,12549,37.4988152,127.5156237
양평군,베스트,20230224,영업,,Y,Y,2,,공동탕업+찜질시설서비스영업,"경기도 양평군 양평읍 양지길 52-4, 1~2층",경기도 양평군 양평읍 백안리 564-1 ,12549,37.4988152,127.5156237
양평군,베스트,20170926,폐업,20221118,Y,Y,2,,공동탕업+찜질시설서비스영업,경기도 양평군 양평읍 양지길 52-8,경기도 양평군 양평읍 백안리 564-1 ,12549,37.4988332,127.5160762
여주시,여주신해온천,20250317,영업,,Y,N,2,,공동탕업+찜질시설서비스영업,"경기도 여주시 가남읍 경충대로 1517, 2~3층",경기도 여주시 가남읍 신해리 610 ,12655,37.2174258,127.530928
여주시,여주신해온천,20250317,폐업,20250328,Y,N,2,,공동탕업+찜질시설서비스영업,"경기도 여주시 가남읍 경충대로 1517, 2~3층",경기도 여주시 가남읍 신해리 610 ,12655,37.2174258,127.530928
오산시,궐동24시전통불한증막,20080506,영업,,N,Y,6,,공동탕업+찜질시설서비스영업,경기도 오산시 청학로 100 (궐동),경기도 오산시 궐동 105 ,18119,37.1581488,127.0652971
오산시,오산사우나,20060331,영업,,N,N,0,,공동탕업+찜질시설서비스영업,"경기도 오산시 오산로 123-16 (오산동,외 1필지)",경기도 오산시 오산동 789-2 외 1필지 ,18137,37.1381808,127.0672917
오산시,양산불한증막사우나24시,20051025,폐업,20221226,N,Y,2,,공동탕업+찜질시설서비스영업,"경기도 오산시 한신대길 113 (양산동,외1필지(376-3))",경기도 오산시 양산동 375 외1필지(376-3) ,18101,37.1967221,127.0236212
오산시,스파센트하임,20101102,폐업,20190218,N,Y,2,,공동탕업+찜질시설서비스영업,"경기도 오산시 궐리사로 8, 301~307호 (궐동,센트하임 3층)",경기도 오산시 궐동 681-1번지 센트하임 3층 301~307호,18123,37.1598987,127.053484
오산시,세교여성전용사우나,20120224,폐업,20220203,N,N,6,,공동탕업+찜질시설서비스영업,"경기도 오산시 수청로 193, 601호 (금암동,외1필지(516-5)P&P세교프라자)",경기도 오산시 금암동 516-4 외1필지(516-5)P&P세교프라자 601호,18109,37.1766616,127.0454998
용인시,유림불가마사우나,20041105,영업,,N,N,13,,공동탕업+찜질시설서비스영업,"경기도 용인시 처인구 백옥대로 1374 (유방동,외5필지 지하1층)",경기도 용인시 처인구 유방동 328-2 외5필지 지하1층 ,17041,37.2576811,127.2128954
용인시,신봉녹주불한증사우나,20181109,영업,,N,Y,2,,공동탕업+찜질시설서비스영업,"경기도 용인시 수지구 신봉1로 84, 상록신봉종합상가 지하1층 (신봉동)",경기도 용인시 수지구 신봉동 40-2 상록신봉종합상가 지하1층 ,16815,37.3236231,127.0764566
용인시,양지유황천,20010922,영업,,N,Y,12,,공동탕업+찜질시설서비스영업,경기도 용인시 처인구 양지면 중부대로 2325,경기도 용인시 처인구 양지면 양지리 98-3 ,17162,37.2355647,127.2977585
용인시,럭키불가마사우나,20111202,영업,,N,N,0,,공동탕업+찜질시설서비스영업,경기도 용인시 처인구 중부대로1388번길 20-5 (김량장동),경기도 용인시 처인구 김량장동 362-2 ,17061,37.2312578,127.1971568
용인시,대지스파랜드,20060228,영업,,Y,Y,2,,공동탕업+찜질시설서비스영업,"경기도 용인시 수지구 대지로 58, 선진포리스트 나동 지하1층 B01호 (죽전동)",경기도 용인시 수지구 죽전동 1254-3 선진포리스트 나동동 B01호,16873,37.3287952,127.1154943
용인시,어정참숯불가마사우나,20131107,영업,,N,Y,2,,공동탕업+찜질시설서비스영업,경기도 용인시 기흥구 어정로 134-28 (중동),경기도 용인시 기흥구 중동 705-2 ,16995,37.2738532,127.1466233
용인시,스파리스,20040315,영업,,N,N,2,,공동탕업+찜질시설서비스영업,"경기도 용인시 수지구 만현로 110 (상현동,외6필지 원희캐슬프라자 B101)",경기도 용인시 수지구 상현동 254-14번지 외6필지 원희캐슬프라자 B101 ,16930,37.30676,127.0846083
용인시,수지골드사우나,20080131,영업,,N,Y,2,,공동탕업+찜질시설서비스영업,"경기도 용인시 수지구 성복2로 17, .동 301호 (성복동,수지골드프라자-1)",경기도 용인시 수지구 성복동 33-1 수지골드프라자-1 .동 301호,16860,37.3107414,127.0812686
용인시,해수사우나,20020124,영업,,N,Y,2,,공동탕업+찜질시설서비스영업,경기도 용인시 수지구 수지로342번길 27 (풍덕천동),경기도 용인시 수지구 풍덕천동 703 ,16832,37.3261908,127.0967255
용인시,24시그린대중탕,20110420,영업,,N,N,2,,공동탕업+찜질시설서비스영업,"경기도 용인시 처인구 금령로 116 (김량장동,용인타워 지하1,2,3호)","경기도 용인시 처인구 김량장동 60-1 용인타워 지하1,2,3호 ",17051,37.2352272,127.2092377
용인시,용인시민체육센터,20091224,영업,,N,N,6,,공동탕업+찜질시설서비스영업,경기도 용인시 처인구 포곡읍 금어로 317 (시민체육시설 지하 1층),경기도 용인시 처인구 포곡읍 금어리 366-1 시민체육시설 지하 1층 ,17030,37.2763792,127.2457956
용인시,대능사우나,20210309,영업,,Y,Y,2,,공동탕업+찜질시설서비스영업,"경기도 용인시 기흥구 덕영대로2077번길 87, 가동 지하1,2층 (영덕동)","경기도 용인시 기흥구 영덕동 129-1 지하1,2층 가동 ",17098,37.2659885,127.0893662
용인시,에버찜질사우나,20171013,영업,,Y,N,6,,공동탕업+찜질시설서비스영업,경기도 용인시 처인구 포곡읍 에버랜드로 61,경기도 용인시 처인구 포곡읍 전대리 109-5 ,17023,37.2808724,127.2235352
용인시,죽전누리사우나,20060904,영업,,N,Y,6,,공동탕업+찜질시설서비스영업,"경기도 용인시 기흥구 죽전로 20, -동 B01호 (보정동,죽전누리에뜰 (지하1층))",경기도 용인시 기흥구 보정동 1263 죽전누리에뜰 (지하1층) -동 B01호,16897,37.320053,127.1103809
용인시,스파랙스사우나,20040901,영업,,N,N,10,,공동탕업+찜질시설서비스영업,"경기도 용인시 기흥구 구성로 102 (언남동,, 7, 8)","경기도 용인시 기흥구 언남동 416-5 , 7, 8 ",16919,37.2934946,127.1204239
용인시,아이엠휘트니스스파,20200401,영업,,Y,Y,2,,공동탕업+찜질시설서비스영업,"경기도 용인시 수지구 대지로 58, 선진포리스트 가동 지하1층 B101호 (죽전동)",경기도 용인시 수지구 죽전동 1254-1 선진포리스트 가동 B101호,16873,37.3284691,127.1150106
용인시,민속건강목욕탕,20060609,영업,,N,Y,2,,공동탕업+찜질시설서비스영업,경기도 용인시 기흥구 사은로 130-12 (보라동),경기도 용인시 기흥구 보라동 165 ,17079,37.2544451,127.1200899
용인시,수지드림불한증막,20130627,영업,,N,Y,2,,공동탕업+찜질시설서비스영업,"경기도 용인시 수지구 성복2로76번길 26-3 (성복동, 드림타워 (B209, B301))","경기도 용인시 수지구 성복동 740 드림타워 (B209, B301) ",16848,37.3152826,127.0807694
용인시,노아상현(주),20040315,영업,,N,N,2,,공동탕업+찜질시설서비스영업,"경기도 용인시 수지구 만현로 110 (상현동,외6필지 원희캐슬프라자 B101)",경기도 용인시 수지구 상현동 254-14 외6필지 원희캐슬프라자 B101 ,16930,37.30676,127.0846083
용인시,기흥스파,20091130,영업,,N,N,2,,공동탕업+찜질시설서비스영업,"경기도 용인시 기흥구 관곡로64번길 18 (구갈동,7, 8, 9층)","경기도 용인시 기흥구 구갈동 351-1 7, 8, 9층 ",16972,37.2811379,127.1124993
용인시,제이스파,20071231,영업,,N,Y,2,,공동탕업+찜질시설서비스영업,"경기도 용인시 기흥구 마북로 159 (마북동,(지1층))",경기도 용인시 기흥구 마북동 181-2 (지1층) ,16911,37.3041049,127.1235301
용인시,해피스파한증막,20160304,영업,,N,Y,2,,공동탕업+찜질시설서비스영업,"경기도 용인시 기흥구 구성로 103, 지하1층 101.102.103호 (언남동, 멀티프라자)",경기도 용인시 기흥구 언남동 336-7번지 멀티프르자 101.1호,16918,37.2939104,127.1207716
용인시,낙원사우나,20020210,영업,,N,Y,9,,공동탕업+찜질시설서비스영업,경기도 용인시 처인구 금령로71번길 8 (김량장동),경기도 용인시 처인구 김량장동 254-51 ,17052,37.2358464,127.2044439
용인시,로만바스,20031226,영업,,N,N,12,,공동탕업+찜질시설서비스영업,"경기도 용인시 처인구 지삼로 470 (삼가동,외6필지)",경기도 용인시 처인구 삼가동 421-3 외6필지 ,17090,37.2346619,127.1563551
용인시,피터통상 코스모스 사우나,20040131,폐업,20140310,N,N,10,,공동탕업+찜질시설서비스영업,경기도 용인시 처인구 양지면 남평로 59-3,경기도 용인시 처인구 양지면 양지리 138-20번지 ,17161,37.2295847,127.2904583
용인시,남영탄산스파랜드,20030206,폐업,20171201,N,Y,6,,공동탕업+찜질시설서비스영업,경기도 용인시 수지구 고기로45번길 12 (동천동),경기도 용인시 수지구 동천동 171-2번지 ,16824,37.3419613,127.0956477
용인시,B&G 불한증막 사우나,20010911,폐업,20140501,N,N,2,,공동탕업+찜질시설서비스영업,"경기도 용인시 수지구 문정로 46 (풍덕천동,외1(707-1) 한길타운(B01))",경기도 용인시 수지구 풍덕천동 707번지 외1(707-1) 한길타운(B01) ,16837,37.3245163,127.0947028
용인시,ACE (에이스) 스파랜드,20060217,폐업,20090319,N,Y,2,,공동탕업+찜질시설서비스영업,경기도 용인시 수지구 신봉1로 84,경기도 용인시 수지구 신봉동 40-2번지 외9필지 신봉종합상가 지하1층 ,16815,37.3236231,127.0764566
용인시,언남전통불한증막사우나,20110401,폐업,20140220,N,Y,2,,공동탕업+찜질시설서비스영업,"경기도 용인시 기흥구 구성로 103 (언남동,멀티프라자 B101,B102,B103호)","경기도 용인시 기흥구 언남동 336-7번지 멀티프라자 B101,B102,B103호 ",16918,37.2939104,127.1207716
용인시,라온스파랜드,20110106,폐업,20130314,N,N,9,,공동탕업+찜질시설서비스영업,경기도 용인시 기흥구 어정로 134-28 (중동),경기도 용인시 기흥구 중동 705-2번지 ,16995,37.2738532,127.1466233
용인시,드림사우나,20051004,폐업,20130130,N,Y,2,,공동탕업+찜질시설서비스영업,"경기도 용인시 수지구 성복2로76번길 26-3, -동 209,301호 (성복동,드림타워 지하)","경기도 용인시 수지구 성복동 740번지 드림타워 지하 -동 209,301호",16848,37.3152826,127.0807694
용인시,동백사우나,20061114,폐업,20210817,N,Y,6,,공동탕업+찜질시설서비스영업,"경기도 용인시 기흥구 동백3로11번길 33 (중동,외1필지 새롬프라자 501호,601호,701호)","경기도 용인시 기흥구 중동 845-6 외1필지 새롬프라자 501호,601호,701호 ",17006,37.2714601,127.1512364
용인시,신화사우나,20100129,폐업,20160530,N,Y,8,,공동탕업+찜질시설서비스영업,"경기도 용인시 수지구 신봉1로 84 (신봉동,신봉종합상가 지하 1층)",경기도 용인시 수지구 신봉동 40-2번지 신봉종합상가 지하 1층 ,16815,37.3236231,127.0764566
용인시,신봉스파랜드,20040827,폐업,20190123,N,Y,2,,공동탕업+찜질시설서비스영업,"경기도 용인시 수지구 신봉2로 2 (신봉동,외7필지 센트럴500상가 B01,B02호)","경기도 용인시 수지구 신봉동 33번지 외7필지 센트럴500상가 B01,B02호 ",16815,37.3231779,127.0779941
용인시,대성스포츠센타,20040107,폐업,20161219,N,N,2,,공동탕업+찜질시설서비스영업,"경기도 용인시 수지구 수풍로 87 (동천동,(지하))",경기도 용인시 수지구 동천동 282-11번지 (지하) ,16821,37.3318174,127.0920334
용인시,에코사우나,20120209,폐업,20200518,N,Y,6,,공동탕업+찜질시설서비스영업,경기도 용인시 기흥구 흥덕2로87번길 18 (영덕동),"경기도 용인시 기흥구 영덕동 985-1번지 흥덕이씨티디동5,6층 ",16954,37.275913,127.0715918
용인시,기흥참숯가마,20080321,폐업,20120614,N,N,2,,공동탕업+찜질시설서비스영업,경기도 용인시 기흥구 공세로 133,"경기도 용인시 기흥구 공세동 298-12번지 (1,2층) ",17085,37.2359171,127.1077366
용인시,라데팡스 스파,20070615,폐업,20190108,N,Y,8,,공동탕업+찜질시설서비스영업,경기도 용인시 처인구 포곡읍 둔전로47번길 21 (붐마트내 웰빙관),경기도 용인시 처인구 포곡읍 둔전리 149-6번지 붐마트내 웰빙관 ,17027,37.2682695,127.2191262
용인시,스파랜드24시불한증사우나,20031204,폐업,20140304,N,N,8,,공동탕업+찜질시설서비스영업,경기도 용인시 기흥구 구갈로 70 (구갈동),경기도 용인시 기흥구 구갈동 352번지 ,16972,37.2805493,127.1116789
용인시,강남사우나,20070307,폐업,20121112,N,Y,8,,공동탕업+찜질시설서비스영업,"경기도 용인시 기흥구 강남로 3 (구갈동,강남e프라자 601,701호)","경기도 용인시 기흥구 구갈동 581-1번지 강남e프라자 601,701호 ",16977,37.2710681,127.1261422
용인시,아쿠아폴리스,20011008,폐업,20161219,N,Y,9,,공동탕업+찜질시설서비스영업,경기도 용인시 기흥구 민속촌로 23 (보라동),경기도 용인시 기흥구 보라동 396-34번지 ,17074,37.2554415,127.1077707
용인시,소금찜질방,20060919,폐업,20090803,N,Y,1,,공동탕업+찜질시설서비스영업,경기도 용인시 수지구 현암로 148,"경기도 용인시 수지구 죽전동 1191-5번지 죽전스카이프라자 .동 401,402호",16880,37.3315143,127.1257865
용인시,스타스파,20040709,폐업,20200303,N,N,2,,공동탕업+찜질시설서비스영업,"경기도 용인시 수지구 정든로6번길 2, 그린피아 (죽전동)",경기도 용인시 수지구 죽전동 452-6번지 그린피아 지101호,16873,37.3271642,127.1128952
의왕시,청계 여성전용 불한증막,20180919,영업,,Y,Y,2,,공동탕업+찜질시설서비스영업,"경기도 의왕시 청계로 50, 1층 (청계동)",경기도 의왕시 청계동 769 1층 ,16011,37.3928777,127.0027367
의정부시,아남24시사우나,20080429,영업,,Y,Y,2,,공동탕업+찜질시설서비스영업,경기도 의정부시 호국로 1385 (금오동),경기도 의정부시 금오동 374-1 아남주상복합아파트상가 지하1층 ,11750,37.7472853,127.0564143
의정부시,세심청사우나,20020325,영업,,Y,N,0,,공동탕업+찜질시설서비스영업,경기도 의정부시 평화로244번길 25 (호원동),경기도 의정부시 호원동 450-2 ,11710,37.7138594,127.0480476
의정부시,인우불한증막,19981226,영업,,N,N,0,,공동탕업+찜질시설서비스영업,경기도 의정부시 범골로 83 (의정부동),경기도 의정부시 의정부동 610-6 ,11626,37.7322078,127.0380628
의정부시,가능대중목욕탕,19900407,영업,,Y,N,0,,공동탕업+찜질시설서비스영업,경기도 의정부시 신촌로29번길 24 (가능동),경기도 의정부시 가능동 619 ,11676,37.7514417,127.0379773
의정부시,미즘아쿠아랜드,20021226,영업,,Y,Y,2,,공동탕업+찜질시설서비스영업,경기도 의정부시 태평로 76 (의정부동),경기도 의정부시 의정부동 125-5 ,11694,37.7393101,127.0520355
의정부시,해양불한증막사우나,20191010,영업,,Y,N,0,,공동탕업+찜질시설서비스영업,"경기도 의정부시 의정로40번길 21, 석천불한증막사우나 2-5층 (의정부동)",경기도 의정부시 의정부동 523-8 석천불한증막사우나 ,11624,37.7365273,127.0363222
의정부시,동경사우나,20031009,영업,,Y,N,0,,공동탕업+찜질시설서비스영업,"경기도 의정부시 청사로47번길 18, 로얄플라자빌딩 5층 501호 (금오동)",경기도 의정부시 금오동 470-2 로얄플라자빌딩 501호,11757,37.7525223,127.0686543
의정부시,고산수변사우나,20251002,영업,,N,N,0,,공동탕업+찜질시설서비스영업,"경기도 의정부시 문화로 9, 고산크라우드오피스텔주1동 2층 201호 (고산동)",경기도 의정부시 고산동 994-3 고산크라우드오피스텔주1동 201호,11821,37.728774,127.1050948
의정부시,석천불한증막사우나,20191010,영업,,Y,N,0,,공동탕업+찜질시설서비스영업,"경기도 의정부시 의정로40번길 21, 석천불한증막사우나 2-5층 (의정부동)",경기도 의정부시 의정부동 523-8 석천불한증막사우나 ,11624,37.7365273,127.0363222
의정부시,천보산 24시 사우나,20170804,영업,,Y,N,0,,공동탕업+찜질시설서비스영업,"경기도 의정부시 천보로 68, 701, 801, 901호 (민락동, 월드II타워)",경기도 의정부시 민락동 805 월드II타워 ,11813,37.7454473,127.0941209
의정부시,M샤워,20180425,영업,,N,Y,0,,공동탕업+찜질시설서비스영업,"경기도 의정부시 의정로 44, 석천스포츠센타(B동) 2층 (의정부동)",경기도 의정부시 의정부동 526 석천스포츠센타(B동) ,11624,37.7366675,127.0352999
의정부시,아일랜드캐슬 찜질방,20180621,영업,,Y,Y,0,,공동탕업+찜질시설서비스영업,"경기도 의정부시 장곡로 22, 아일랜드캐슬 A동 B1~B2층 (장암동)",경기도 의정부시 장암동 135 아일랜드캐슬 B1~B2층 A동 ,11723,37.7078219,127.0531327
의정부시,24시신세계불가마사우나,20150304,영업,,Y,Y,4,,공동탕업+찜질시설서비스영업,"경기도 의정부시 시민로 80, 지하 1층 B101호 (의정부동, 센트럴타워)",경기도 의정부시 의정부동 494 외 6필지 센트럴타워 지하 B101호,11651,37.7379636,127.044065
의정부시,도봉산불가마사우나,20041022,영업,,Y,N,11,,공동탕업+찜질시설서비스영업,경기도 의정부시 평화로 252 (호원동),경기도 의정부시 호원동 450 ,11710,37.714264,127.0477842
의정부시,유원사우나,20051202,영업,,N,Y,2,,공동탕업+찜질시설서비스영업,경기도 의정부시 장금로 50 (신곡동),경기도 의정부시 신곡동 686 ,11746,37.7418728,127.0599992
의정부시,가능24시 사우나,20060327,영업,,Y,Y,2,,공동탕업+찜질시설서비스영업,경기도 의정부시 가능로119번길 17 (가능동),경기도 의정부시 가능동 644-8 ,11678,37.7477058,127.0438009
의정부시,천보산 24시 사우나,20170804,영업,,Y,N,0,,공동탕업+찜질시설서비스영업,"경기도 의정부시 천보로 68, 701, 801, 901호 (민락동, 월드II타워)",경기도 의정부시 민락동 805번지 월드II타워 ,11813,37.7454473,127.0941209
의정부시,석천불한증막사우나,20031212,폐업,20191008,N,N,,,공동탕업+찜질시설서비스영업,경기도 의정부시 의정로40번길 21 (의정부동),경기도 의정부시 의정부동 523-8번지 ,11624,37.7365273,127.0363222
의정부시,천지연사우나,20020314,폐업,20231201,Y,N,0,,공동탕업+찜질시설서비스영업,경기도 의정부시 충의로 27 (용현동),경기도 의정부시 용현동 24 ,11789,37.7342498,127.0880422
의정부시,엔돌핀 한방 24시 사우나,20060727,폐업,20180618,N,Y,2,,공동탕업+찜질시설서비스영업,"경기도 의정부시 발곡로 10 (신곡동, 백상프라자 4,5층)",경기도 의정부시 신곡동 719-2번지 ,11729,37.7309512,127.0558536
의정부시,회룡보석불가마사우나,20060315,폐업,20120608,N,Y,2,,공동탕업+찜질시설서비스영업,경기도 의정부시 평화로 359,"경기도 의정부시 호원동 428번지 회룡한주아파트상가동 B 101,102호 ",11705,37.7240078,127.0478952
의정부시,힐링여성사우나,20180122,폐업,20241228,Y,Y,0,,공동탕업+찜질시설서비스영업,"경기도 의정부시 평화로 704, 지하1층 (가능동)",경기도 의정부시 가능동 79-3 지하1층 ,11684,37.7546998,127.0437352
의정부시,태영한증막사우나,20080808,폐업,20130701,N,Y,2,,공동탕업+찜질시설서비스영업,경기도 의정부시 호국로1298번길 55 (의정부동),경기도 의정부시 의정부동 193-1번지 ,11695,37.7410097,127.0486544
의정부시,우리워터스파사우나,20080414,폐업,20120912,N,Y,2,,공동탕업+찜질시설서비스영업,경기도 의정부시 용민로 110,"경기도 의정부시 민락동 617-4번지 외 2필지 (4,5,6,7층) ",11808,37.7390513,127.089911
의정부시,삼성웰빙랜드,20060824,폐업,20080311,N,Y,2,,공동탕업+찜질시설서비스영업,경기도 의정부시 용민로 110,"경기도 의정부시 민락동 617-4번지 외2필지 (4,5,6,7층) ",11808,37.7390513,127.089911
의정부시,청수한증막,20050429,폐업,20150312,N,Y,1,,공동탕업+찜질시설서비스영업,경기도 의정부시 평화로 385 (호원동),경기도 의정부시 호원동 414-7번지 ,11703,37.7262972,127.0479153
의정부시,홍키통키,20170223,폐업,20250116,Y,N,0,,공동탕업+찜질시설서비스영업,"경기도 의정부시 오목로225번길 141, 5~7층 501,601호일부,701호 (민락동, 트윈디앤씨)","경기도 의정부시 민락동 808-3 (주)트윈디엔씨 5층~7층(501호,601호일부,701호) ",11813,37.7454608,127.0954488
의정부시,금오아쿠아월드사우나,20031120,폐업,20230320,Y,Y,2,,공동탕업+찜질시설서비스영업,경기도 의정부시 장곡로 620 (신곡동),경기도 의정부시 신곡동 763-1 ,11775,37.7503611,127.0716636
이천시,이천설봉온천랜드,20101207,영업,,Y,Y,2,,공동탕업+찜질시설서비스영업,경기도 이천시 애련정로 67-16 (주)이천설봉온천 (안흥동),경기도 이천시 안흥동 317-2 (주)이천설봉온천 ,17372,37.2768315,127.4514734
이천시,미지스파&휘트니스,20151106,폐업,20180308,Y,Y,2,,공동탕업+찜질시설서비스영업,"경기도 이천시 부발읍 경충대로2110번길 14-1, 3,4층","경기도 이천시 부발읍 아미리 737-16번지 (3층,4층) ",17332,37.2537561,127.4900089
파주시,명동사우나,20150211,영업,,Y,Y,2,,공동탕업+찜질시설서비스영업,"경기도 파주시 경의로 1080, 6,7층 (야당동)","경기도 파주시 야당동 1070 6,7층 ",10908,37.7138001,126.7599451
파주시,강남24시사우나,20181207,영업,,Y,N,0,,공동탕업+찜질시설서비스영업,"경기도 파주시 문산읍 방촌로 1695-21, 4층, 5층","경기도 파주시 문산읍 당동리 902 4층, 5층 ",10816,37.8648414,126.7819251
파주시,네이처스파,20190925,영업,,N,N,2,,공동탕업+찜질시설서비스영업,"경기도 파주시 교하로 677-20, 가동 (동패동)",경기도 파주시 동패동 1100-2 가동 ,10883,37.7089856,126.7043689
파주시,현대스파,20000816,영업,,N,Y,4,,공동탕업+찜질시설서비스영업,"경기도 파주시 중앙로 308, 지하동 2층호 (금촌동,외7필지)",경기도 파주시 금촌동 52-39 외7필지 지하동 2층호,10930,37.7634069,126.7756863
파주시,운정탐라랜드,20111201,영업,,N,Y,2,,공동탕업+찜질시설서비스영업,경기도 파주시 와석순환로 511 (와동동),"경기도 파주시 와동동 1426-1 덕진프라자 4,5,6 F ",10896,37.7245223,126.7622781
파주시,가야랜드,20030430,영업,,N,Y,6,,공동탕업+찜질시설서비스영업,"경기도 파주시 법원읍 사임당로 674 (,-15,-16,-17,-3,-4)","경기도 파주시 법원읍 가야리 330-14 ,-15,-16,-17,-3,-4 ",10827,37.8512496,126.8567251
파주시,태양사우나,20090908,영업,,N,Y,4,,공동탕업+찜질시설서비스영업,"경기도 파주시 청석로 266 (동패동,스타프라자 901, 1001호)","경기도 파주시 동패동 1695-4번지 스타프라자 901, 1001호 ",10874,37.7255421,126.717752
파주시,산내 불가마 사우나,20180221,영업,,Y,N,10,,공동탕업+찜질시설서비스영업,"경기도 파주시 청암로17번길 67, MD프라자 7,8,9층 (목동동)","경기도 파주시 목동동 949 MD프라자 7,8,9층 ",10892,37.7288459,126.7336043
파주시,청도훼미리랜드,20020605,영업,,N,Y,2,,공동탕업+찜질시설서비스영업,"경기도 파주시 문산읍 문산역로 107, 지하동 53호 (청도코아)",경기도 파주시 문산읍 문산리 17-25 청도코아 지하동 53호,10824,37.8557761,126.7866623
파주시,세양스파랜드,20041229,영업,,N,Y,2,,공동탕업+찜질시설서비스영업,"경기도 파주시 조리읍 통일로 317, 봉일천타워  6,7,8,9층",경기도 파주시 조리읍 봉일천리 210-35 봉일천타워 ,10937,37.7437235,126.8089188
파주시,(주)돈돈팜 솔로몬사우나,20150318,폐업,20240902,Y,N,6,,공동탕업+찜질시설서비스영업,"경기도 파주시 중앙로 328, 9층 (금촌동, 엠에이치타워)",경기도 파주시 금촌동 329-158 엠에이치타워 9층 ,10930,37.7648959,126.774525
파주시,운정스파렌드사우나,20121113,폐업,20230203,N,Y,2,,공동탕업+찜질시설서비스영업,경기도 파주시 경의로1240번길 39 (와동동),경기도 파주시 와동동 1469 ,10896,37.72835,126.7632615
파주시,팜스사우나,20171117,폐업,20240905,N,N,6,,공동탕업+찜질시설서비스영업,"경기도 파주시 송화로 11 (아동동, 169동 지하2층 )",경기도 파주시 아동동 283-10 팜스프링아파트 169동 지하2층 ,10851,37.7718882,126.7771478
파주시,호수불가마찜질방사우나,20010808,폐업,20240902,N,Y,2,,공동탕업+찜질시설서비스영업,"경기도 파주시 문산읍 문산로26번길 14, 102동 2-4호 (호수상가 1층)",경기도 파주시 문산읍 문산리 10-92 호수상가 1층 102동 2-4호,10823,37.8567108,126.7817653
평택시,자수정사우나,20020723,영업,,Y,N,2,,공동탕업+찜질시설서비스영업,경기도 평택시 통복시장2로 30-5 (통복동),경기도 평택시 통복동 88-4 ,17894,36.9957065,127.0864186
평택시,퍼펙트불한증막사우나,20030124,영업,,N,Y,2,,공동탕업+찜질시설서비스영업,경기도 평택시 평택로 197-2 (신대동),경기도 평택시 신대동 128 ,17828,37.0016092,127.0756982
평택시,천지보석사우나,20020927,영업,,Y,Y,2,,공동탕업+찜질시설서비스영업,"경기도 평택시 서정북로 68 (서정동,현대종합상가 2층)",경기도 평택시 서정동 788번지 현대종합상가 2층 ,17772,37.0702666,127.0571935
평택시,전통불한증막스파렉스사우나,20101006,영업,,N,Y,6,,공동탕업+찜질시설서비스영업,"경기도 평택시 포승읍 평택항로268번길 69 (5,6)층","경기도 평택시 포승읍 도곡리 1126-3 (5,6층) ",17955,36.9850994,126.8447533
평택시,조은찜질사우나,20021226,영업,,Y,Y,0,,공동탕업+찜질시설서비스영업,경기도 평택시 송탄로 65 (이충동),경기도 평택시 이충동 518-3 ,17784,37.0510416,127.0554383
평택시,하늘공원불한증막사우나,20070326,영업,,Y,Y,2,,공동탕업+찜질시설서비스영업,"경기도 평택시 경기대로 271 (비전동,(7,8층))","경기도 평택시 비전동 830-2 (7,8층) ",17885,36.995011,127.1127085
평택시,(주)헤르메스스포랜드,20250624,영업,,Y,Y,2,,공동탕업+찜질시설서비스영업,"경기도 평택시 청북읍 안청로2길 45, 3층 306호",경기도 평택시 청북읍 옥길리 1158-7 3층 306호,17808,37.0192467,126.9175982
평택시,헤르메스 사우나,20250624,영업,,Y,Y,2,,공동탕업+찜질시설서비스영업,"경기도 평택시 청북읍 안청로2길 45, 3층 306호",경기도 평택시 청북읍 옥길리 1158-7 3층 306호,17808,37.0192467,126.9175982
평택시,석문사우나,20070828,폐업,20100104,N,N,6,,공동탕업+찜질시설서비스영업,,경기도 평택시 신장동 267-148번지 외1필지 ,17767,37.0738569,127.0495988
평택시,신태산사우나,20031111,폐업,20230703,Y,N,2,,공동탕업+찜질시설서비스영업,"경기도 평택시 평택5로 134, 지층 (비전동)",경기도 평택시 비전동 828-1 ,17884,36.9978463,127.1086707
평택시,천둥산 랜드,20080731,폐업,20230106,N,Y,6,,공동탕업+찜질시설서비스영업,"경기도 평택시 안중읍 안현로서8길 57, 3층",경기도 평택시 안중읍 현화리 831 (3층) ,17944,36.9789601,126.9190964
평택시,미라클사우나,20060317,폐업,20230925,N,Y,2,,공동탕업+찜질시설서비스영업,"경기도 평택시 평택로 23, 5층,6층 (평택동)",경기도 평택시 평택동 194-3 ,17917,36.9896465,127.0883281
평택시,청옥사우나,20030324,폐업,20100108,N,Y,6,,공동탕업+찜질시설서비스영업,경기도 평택시 서정로268번길 6,경기도 평택시 서정동 850-7번지 ,17775,37.0652576,127.0628357
평택시,금강산사우나,20040303,폐업,20130514,N,N,2,,공동탕업+찜질시설서비스영업,경기도 평택시 통복시장로 20,경기도 평택시 통복동 93-12번지 ,17894,36.9969566,127.085569
평택시,제일종합스포츠센터,20020812,폐업,20191122,N,N,2,,공동탕업+찜질시설서비스영업,경기도 평택시 팽성읍 팽성송화로 63,경기도 평택시 팽성읍 송화리 120-4번지 ,17994,36.954269,127.0529813
평택시,현성첨성대 불한증막,20090507,폐업,20170628,Y,Y,4,,공동탕업+찜질시설서비스영업,경기도 평택시 팽성읍 팽성남산4길 108,경기도 평택시 팽성읍 남산리 11-24번지 ,,,
평택시,영광사우나,20030208,폐업,20120416,N,N,0,,공동탕업+찜질시설서비스영업,경기도 평택시 탄현1로 96,경기도 평택시 서정동 509-12번지 ,17771,37.0682613,127.0536843
평택시,그랜드사우나,20021102,폐업,20210312,Y,N,0,,공동탕업+찜질시설서비스영업,경기도 평택시 지산로 132 (지산동),경기도 평택시 지산동 579 ,17727,37.0811382,127.06954
포천시,포천24시 사우나,20231110,영업,,Y,N,2,,공동탕업+찜질시설서비스영업,"경기도 포천시 중앙로119번길 4, 포천예원프라자 5층 501호 (신읍동)",경기도 포천시 신읍동 43-18 (외2필지)포천예원프라자 5층 501호 ,11145,37.8975432,127.2026027
포천시,일동불가마,20190722,영업,,N,N,0,,공동탕업+찜질시설서비스영업,"경기도 포천시 일동면 화동로 1037, 일동코아 1층",경기도 포천시 일동면 기산리 89-3 일동코아 ,11116,37.9562337,127.3161743
하남시,웰빙탕,20041007,영업,,N,N,0,,공동탕업+찜질시설서비스영업,"경기도 하남시 신장로 156 (덕풍동,6층. 7층)",경기도 하남시 덕풍동 394-1 6층. 7층 ,12969,37.5399298,127.2019461
하남시,아쿠아필드 하남,20160830,영업,,Y,N,9,,공동탕업+찜질시설서비스영업,"경기도 하남시 미사대로 750, 2,3층 (신장동, 스타필드 하남 쇼핑센터)","경기도 하남시 신장동 616 스타필드 하남 쇼핑센터 2,3층 ",12942,37.5454181,127.2237611
하남시,주심유황참숯가마,20080812,영업,,Y,Y,2,,공동탕업+찜질시설서비스영업,경기도 하남시 초광로 169 (초이동),"경기도 하남시 초이동 310 1,2,3 층 ",12986,37.5353428,127.1749577
하남시,더 케이스파,20041007,영업,,N,N,0,,공동탕업+찜질시설서비스영업,"경기도 하남시 신장로 156 (덕풍동,6층. 7층)",경기도 하남시 덕풍동 394-1 6층. 7층 ,12969,37.5399298,127.2019461
하남시,워터캐슬 찜질스파&피트니스,20211001,영업,,Y,N,17,,공동탕업+찜질시설서비스영업,"경기도 하남시 미사대로 410, 미사강변 오벨리스크 지하1층 (망월동)",경기도 하남시 망월동 1143-1 미사강변 오벨리스크 ,12912,37.5669131,127.1971054
하남시,미사힐링스파,20190201,영업,,Y,Y,7,,공동탕업+찜질시설서비스영업,"경기도 하남시 미사강변중앙로170번길 10, 신성프라자  I 9,10층 (망월동)",경기도 하남시 망월동 1111번지 신성프라자  I ,12913,37.5614283,127.1918512
하남시,고골황토참숯가마,20070719,폐업,20210930,Y,N,2,,공동탕업+찜질시설서비스영업,"경기도 하남시 서하남로418번길 41, 1,2층 (춘궁동)","경기도 하남시 춘궁동 452-2 1,2층 ",13016,37.5194467,127.1863884
하남시,황산한증막사우나,20080814,폐업,20120813,N,Y,2,,공동탕업+찜질시설서비스영업,,경기도 하남시 풍산동 286번지 외3필지 ,,,
화성시,아센코리아라이프센터 태안점,20050124,영업,,N,N,2,,공동탕업+찜질시설서비스영업,"경기도 화성시 효행로 1051, 메인프라자 9층 901호 (진안동)",경기도 화성시 진안동 914-1 메인프라자 ,18398,37.2146333,127.0419699
화성시,하피랜드,20080417,영업,,N,N,2,,공동탕업+찜질시설서비스영업,경기도 화성시 팔탄면 시청로 888,경기도 화성시 팔탄면 율암리 483-26 ,18529,37.168573,126.8885202
화성시,송산24시사우나,20060508,영업,,N,Y,2,,공동탕업+찜질시설서비스영업,경기도 화성시 송산면 사강시장길25번길 14,경기도 화성시 송산면 사강리 693-5 ,18550,37.2137994,126.7340328
화성시,병점불한증막사우나,20041025,영업,,N,N,2,,공동탕업+찜질시설서비스영업,"경기도 화성시 병점로 37-6 (진안동,(메트로프라자 지하 1층))",경기도 화성시 진안동 524-1 (메트로프라자 지하 1층) ,18401,37.2109324,127.0383407
화성시,(주)관악 정문동 사우나,20200922,영업,,N,Y,2,,공동탕업+찜질시설서비스영업,,경기도 화성시 동탄구 청계동  510-390 정문동 2층 일부 ,,,
화성시,헤일로짐24시 스파&사우나 동탄청계점,20251230,영업,,N,N,0,,공동탕업+찜질시설서비스영업,"경기도 화성시 동탄구 동탄대로시범길 148-54, 지1층 B01호 일부호 (청계동)",경기도 화성시 동탄구 청계동  534-1 ,18476,37.2005656,127.1137229
화성시,병점불한증막사우나,20041025,영업,,N,N,2,,공동탕업+찜질시설서비스영업,"경기도 화성시 병점구 병점로 37-6 (진안동,(메트로프라자 지하 1층))",경기도 화성시 병점구 진안동  524-1 (메트로프라자 지하 1층) ,18401,37.2109324,127.0383407
화성시,아센코리아라이프센터 태안점,20050124,영업,,N,N,2,,공동탕업+찜질시설서비스영업,"경기도 화성시 병점구 효행로 1051, 메인프라자 9층 901호 (진안동)",경기도 화성시 병점구 진안동  914-1 메인프라자 ,18398,37.2146333,127.0419699
화성시,보보스 스파랜드&휘트니스,20051021,영업,,N,Y,4,,공동탕업+찜질시설서비스영업,"경기도 화성시 효행구 효행로 287 (기안동,외 4필지)",경기도 화성시 효행구 기안동  371-2 외 4필지 ,18337,37.2227355,126.9743463
화성시,구봉사우나,20051227,영업,,N,Y,2,,공동탕업+찜질시설서비스영업,"경기도 화성시 병점구 병점중앙로 87 (병점동, 외 15필지 태안병점 V-TOWN II 110호)",경기도 화성시 병점구 병점동  292 외 15필지 태안병점 V-TOWN II 110호 ,18414,37.206286,127.0418963
화성시,송산24시사우나,20060508,영업,,N,Y,2,,공동탕업+찜질시설서비스영업,경기도 화성시 만세구 송산면 사강시장길25번길 14,경기도 화성시 만세구 송산면 사강리 693-5 ,18550,37.2137994,126.7340328
화성시,하피랜드,20080417,영업,,N,N,2,,공동탕업+찜질시설서비스영업,경기도 화성시 만세구 팔탄면 시청로 888,경기도 화성시 만세구 팔탄면 율암리 483-26 ,18529,37.168573,126.8885202
화성시,향남힐링스파,20121214,영업,,N,Y,10,,공동탕업+찜질시설서비스영업,"경기도 화성시 만세구 향남읍 향남로 430-18 ((행정리 472-2,3호  4층 5층))",경기도 화성시 만세구 향남읍 행정리 472-3 4층 5층 ,18591,37.1326718,126.9230348
화성시,헤일로짐24시 스파&사우나 동탄청계점,20251230,영업,,N,N,0,,공동탕업+찜질시설서비스영업,"경기도 화성시 동탄대로시범길 148-54, 지1층 B01호 일부호 (청계동)",경기도 화성시 청계동 534-1 ,18476,37.2005656,127.1137229
화성시,구봉사우나,20051227,영업,,N,Y,2,,공동탕업+찜질시설서비스영업,"경기도 화성시 병점중앙로 87 (병점동, 외 15필지 태안병점 V-TOWN II 110호)",경기도 화성시 병점동 292 외 15필지 태안병점 V-TOWN II 110호 ,18414,37.206286,127.0418963
화성시,보보스 스파랜드&휘트니스,20051021,영업,,N,Y,4,,공동탕업+찜질시설서비스영업,"경기도 화성시 효행로 287 (기안동,외 4필지)",경기도 화성시 기안동 371-2 외 4필지 ,18337,37.2227355,126.9743463
화성시,향남힐링스파,20121214,영업,,N,Y,10,,공동탕업+찜질시설서비스영업,"경기도 화성시 향남읍 향남로 430-18 ((행정리 472-2,3호  4층 5층))",경기도 화성시 향남읍 행정리 472-3 4층 5층 ,18591,37.1326718,126.9230348
화성시,(주)관악 후문동 사우나,20200922,영업,,N,Y,2,,공동탕업+찜질시설서비스영업,,경기도 화성시 청계동 510-405 후문동 2층 일부 ,,37.1845478,127.1087244
화성시,(주)관악 정문동 사우나,20200922,영업,,N,Y,2,,공동탕업+찜질시설서비스영업,,경기도 화성시 청계동 510-390 정문동 2층 일부 ,,,
화성시,스카이사우나,20240719,영업,,N,N,4,,공동탕업+찜질시설서비스영업,"경기도 화성시 향남읍 상신하길로328번길 20, 8,9,10층","경기도 화성시 향남읍 하길리 1466-3 8,9,10층 ",18606,37.116577,126.912914
화성시,(주)관악 후문동 사우나,20200922,영업,,N,Y,2,,공동탕업+찜질시설서비스영업,,경기도 화성시 동탄구 청계동  510-405 후문동 2층 일부 ,,37.1845478,127.1087244
화성시,스카이사우나,20240719,영업,,N,N,4,,공동탕업+찜질시설서비스영업,"경기도 화성시 만세구 향남읍 상신하길로328번길 20, 8,9,10층","경기도 화성시 만세구 향남읍 하길리 1466-3 8,9,10층 ",18606,37.116577,126.912914
화성시,호수사우나,20250903,영업,,N,Y,6,,공동탕업+찜질시설서비스영업,"경기도 화성시 동탄구 동탄순환대로 15, DK프라자 2,4층 201,202,203,204,205,401호 (송동)",경기도 화성시 동탄구 송동  717-6 ,18497,37.1651325,127.0951837
화성시,정남숯가마,20100120,폐업,20191007,N,N,2,,공동탕업+찜질시설서비스영업,"경기도 화성시 정남면 만은동1길 63-8, 정남참숯가마",경기도 화성시 정남면 관항리 190-1 정남참숯가마 ,18520,37.1770948,126.9737502
화성시,"향남스파렌드(향남사우나,찜질방)",20080908,폐업,20210927,N,N,2,,공동탕업+찜질시설서비스영업,경기도 화성시 향남읍 3.1만세로 1124 (외 2필지),경기도 화성시 향남읍 평리 35-14 외 2필지 ,18593,37.1333729,126.9098232
화성시,병점온천 스파빌,20040206,폐업,20180831,N,N,,,공동탕업+찜질시설서비스영업,경기도 화성시 작현길 25 (송산동),경기도 화성시 송산동 100-9 ,18360,37.2078664,127.0176684
화성시,봉담 알카리사우나,20080908,폐업,20171228,N,Y,2,,공동탕업+찜질시설서비스영업,"경기도 화성시 봉담읍 동화길 85, 801호,901호 (이원타워)","경기도 화성시 봉담읍 동화리 599-2 이원타워 801호,901호",18302,37.2169485,126.9583366
화성시,정남숯가마,20100120,폐업,20191007,N,N,2,,공동탕업+찜질시설서비스영업,"경기도 화성시 효행구 정남면 만은동1길 63-8, 정남참숯가마",경기도 화성시 효행구 정남면 관항리 190-1 정남참숯가마 ,18520,37.1770948,126.9737502
화성시,워터밸리,20070703,폐업,20230411,Y,Y,2,,공동탕업+찜질시설서비스영업,"경기도 화성시 동탄구 동탄중심상가1길 8, 워터밸리 601일부,701,801,901호 (반송동)","경기도 화성시 동탄구 반송동  107-2 워터밸리 601일부호,701,801,901호 ",18455,37.2000888,127.0720094
화성시,"향남스파렌드(향남사우나,찜질방)",20080908,폐업,20210927,N,N,2,,공동탕업+찜질시설서비스영업,경기도 화성시 만세구 향남읍 3.1만세로 1124 (외 2필지),경기도 화성시 만세구 향남읍 평리 35-14 외 2필지 ,18593,37.1333729,126.9098232
화성시,봉담 알카리사우나,20080908,폐업,20171228,N,Y,2,,공동탕업+찜질시설서비스영업,"경기도 화성시 효행구 봉담읍 동화길 85, 801호,901호 (이원타워)","경기도 화성시 효행구 봉담읍 동화리 599-2 이원타워 801호,901호",18302,37.2169485,126.9583366
화성시,병점온천 스파빌,20040206,폐업,20180831,N,N,0,,공동탕업+찜질시설서비스영업,경기도 화성시 병점구 작현길 25 (송산동),경기도 화성시 병점구 송산동  100-9 ,18360,37.2078664,127.0176684
화성시,워터밸리,20070703,폐업,20230411,Y,Y,2,,공동탕업+찜질시설서비스영업,"경기도 화성시 동탄중심상가1길 8, 워터밸리 601일부,701,801,901호 (반송동)","경기도 화성시 반송동 107-2 워터밸리 601일부호,701,801,901호 ",18455,37.2000888,127.0720094
