fastvl_nm,opnmt_plc,fastvl_bgng_ymd,fastvl_end_ymd,fastvl_cont,sprvsn_inst_nm,host_inst_nm,suprt_inst_nm,sprvsn_inst_telno,hmpg_addr,relate_info,refine_road_nm_addr,refine_lotno_addr,refine_wgs84_lat,refine_wgs84_logt,dat_crtr_ymd
제15회 구리한강 유채꽃 축제,구리한강 시민공원,20150508,20150510,유채꽃 축제,(사)한국예총 구리지회,경기도 구리시청,경기도+한국관광공사+경기관광공사+경기문화재단,031-550-2065,http://www.guri.go.kr,고구려대장간마을,경기도 구리시 코스모스길14번길 249(토평동),경기도 구리시 토평동 810,37.574478,127.132863,20260202
제15회 구리 코스모스 축제,구리한강 시민공원,20151009,20151011,코스모스 축제,(사)한국예총 구리지회,경기도 구리시청,경기도+한국관광공사+경기관광공사+경기문화재단,031-550-2065,http://www.guri.go.kr,고구려대장간마을,경기도 구리시 코스모스길14번길 249(토평동),경기도 구리시 토평동 810,37.574478,127.132863,20260202
제16회 구리한강 유채꽃 축제,구리한강 시민공원,20160513,20160515,유채꽃 축제,(사)한국예총 구리지회,경기도 구리시청,경기도+한국관광공사+경기관광공사,031-550-2065,http://www.guri.go.kr,,경기도 구리시 코스모스길14번길 249(토평동),경기도 구리시 토평동 810,37.574478,127.132863,20260202
제16회 구리 코스모스 축제,구리한강 시민공원,20160923,20160925,코스모스 축제,(사)한국예총 구리지회,경기도 구리시청,경기도+한국관광공사+경기관광공사,031-550-2065,http://www.guri.go.kr,,경기도 구리시 코스모스길14번길 249(토평동),경기도 구리시 토평동 810,37.574478,127.132863,20260202
제17회 구리 유채꽃 축제,구리한강 시민공원,20170512,20170514,무대공연+체험부스운영+먹거리 체험+꽃 관람,(사)한국예총 구리지회,경기도 구리시청,경기도+한국관광공사+경기관광공사,031-550-2065,http://www.guri.go.kr,,경기도 구리시 코스모스길14번길 249(토평동),경기도 구리시 토평동 810,37.574478,127.132863,20260202
제18회 구리 유채꽃 축제,구리한강 시민공원,20180504,20180506,무대공연+체험부스운영+먹거리 체험+꽃 관람,(사)한국예총 구리지회,경기도 구리시청,경기도+한국관광공사+경기관광공사,031-550-2065,http://www.guri.go.kr,,경기도 구리시 코스모스길14번길 249(토평동),경기도 구리시 토평동 810,37.574478,127.132863,20260202
제18회 구리 코스모스 축제,구리한강 시민공원,20181005,20181007,무대공연+체험부스운영+먹거리 체험+꽃 관람,(사)한국예총 구리지회,경기도 구리시청,경기도+한국관광공사+경기관광공사,031-550-2065,http://www.guri.go.kr,,경기도 구리시 코스모스길14번길 249(토평동),경기도 구리시 토평동 810,37.574478,127.132863,20260202
제19회 구리 유채꽃 축제,구리한강 시민공원 및 시가지 일원,20190510,20190512,한강 꽃단지 체험 및 시가지 공연 등,(사)한국예총 구리지회,경기도 구리시청,경기도+한국관광공사+경기관광공사,031-550-2065,http://www.guri.go.kr,,경기도 구리시 코스모스길14번길 249(토평동),경기도 구리시 토평동 810,37.574478,127.132863,20260202
2023 구리 유채꽃 한강예술제,구리한강 시민공원,20230512,20230514,무대공연+체험부스운영+먹거리 체험+꽃 관람,(사)구리문화원,경기도 구리시청,한국관광공사+경기관광공사,031-550-2065,http://www.guri.go.kr,,경기도 구리시 코스모스길14번길 249(토평동),경기도 구리시 토평동 810,37.574478,127.132863,20260202
2023 구리 코스모스 한강예술제,구리한강 시민공원,20231013,20231015,무대공연+체험부스운영+먹거리 체험+꽃 관람,(사)구리문화원,경기도 구리시청,한국관광공사+경기관광공사,031-550-2065,http://www.guri.go.kr,,경기도 구리시 코스모스길14번길 249(토평동),경기도 구리시 토평동 810,37.574478,127.132863,20260202
2024 구리 유채꽃 축제,구리한강 시민공원,20240510,20240512,무대공연+체험부스운영+먹거리 체험+꽃 관람,(사)구리문화원,경기도 구리시청,한국관광공사+경기관광공사,031-550-2065,http://www.guri.go.kr,,경기도 구리시 코스모스길14번길 249(토평동),경기도 구리시 토평동 810,37.574478,127.132863,20260202
2024 구리 코스모스 축제,구리한강 시민공원,20241011,20241013,무대공연+체험부스운영+먹거리 체험+꽃 관람,(사)구리문화원,경기도 구리시청,한국관광공사+경기관광공사,031-550-2065,https://www.guri.go.kr/cosmos/index.do,,경기도 구리시 코스모스길14번길 249(토평동),경기도 구리시 토평동 810,37.574478,127.132863,20260202
안산국제거리극축제,안산문화광장 및 안산시 일대,20220505,20220508,공연+퍼포먼스+예술프로그램,경기도 안산시청,경기도 안산시청,경기도청,031-481-0536,https://www.ansanart.com/index.do,안산문화광장,경기도 안산시 단원구 광덕대로 157,경기도 안산시 단원구 고잔동 800,37.310742,126.829822,20260304
안산국제거리극축제,안산문화광장 및 안산시 일대,20230505,20230507,공연+퍼포먼스+예술프로그램,경기도 안산시청,경기도 안산시청,경기도청,031-481-0536,https://www.ansanart.com/index.do,안산문화광장,경기도 안산시 단원구 광덕대로 157,경기도 안산시 단원구 고잔동 800,37.310742,126.829822,20260304
안산국제거리극축제,안산문화광장 일대 및 안산호수공원 중앙광장,20240504,20240506,공연+퍼포먼스+예술프로그램,안산문화재단,경기도 안산시청,경기도청,031-481-0536,https://www.ansanart.com/index.do,안산문화광장,경기도 안산시 단원구 광덕대로 157,경기도 안산시 단원구 고잔동 800,38.310742,126.829822,20260304
2019 광복기념음악회,병목안시민공원,20190815,20190815,뮤지컬 그룹 플래티넘+ 안양시립합창단 공연 등,(재)안양문화예술재단,경기도 안양시+안양축제추진위원회,경기도 안양시+ 티브로드abc방송,031-687-0500,http://www.ayac.or.kr,안양예술공원+ APAP+ 김중업박물관,경기도 안양시 만안구 병목안로 215,경기도 안양시 만안구 안양동 산 82-2,37.385289,126.907675,20260227
2019 안양 시민축제,평촌중앙공원+병목안시민공원+범계로데오,20190920,20190922,시민공연마당+ 전시체험부스+ 개폐막 축하공연+ 방송국 공개방송+ 안양시민의날 기념식+ 안양시민가요제 등,(재)안양문화예술재단,경기도 안양시+안양축제추진위원회,,031-687-0500,http://www.ayac.or.kr,안양예술공원+ APAP+ 김중업박물관,경기도 안양시 동안구 관평로 149 (평촌동),경기도 안양시 동안구 평촌동 895,37.390137,126.961329,20260227
2021 안양시민축제&amp;lt;우선멈춤&amp;gt;,평촌중앙공원+삼덕공원+온라인(www.aydf.or.kr),20211001,20211003,시민과 함께하는 K-POP 댄스 페스티벌,안양문화예술재단,경기도 안양시+안양축제추진위원회,,031-687-0500,http://www.ayac.or.kr,안양예술공원+ APAP+ 김중업박물관,경기도 안양시 동안구 관평로 149 (평촌동),경기도 안양시 동안구 평촌동 895,37.390137,126.961329,20260227
2023 안양충훈벚꽃축제,안양충훈2교일대,20230408,20230409,벚꽃콘서트+ 버스킹공연+ 벚꽃체험부스+ 푸드트럭&amp;먹거리+ 벚꽃컬러링북+ SNS이벤트 등,(재)안양문화예술재단,경기도 안양시+안양충훈벚꽃축제추진위원회,,031-687-0500,http://www.ayac.or.kr,안양예술공원+ APAP+ 김중업박물관,경기도 안양시 만안구 석수로 159,경기도 안양시 만안구 석수동 797,37.404615,126.896157,20260227
2023 광복78주년 광복기념음악회,병목안시민공원,20230815,20230815,기념행사 + 오프닝 퍼포먼스 + 뮤지컬 갈라 + 팝페라 + 가수공연 + 테마영상 상영 등,(재)안양문화예술재단,(재)안양문화예술재단,경기도 안양시 + SK브로드밴드 abc방송,031-687-0500,http://www.ayac.or.kr,안양예술공원+ APAP+ 김중업박물관,경기도 안양시 만안구 병목안로 215,경기도 안양시 만안구 안양동 산 82-2,37.385289,126.907675,20260227
2023 안양춤축제 ANYANG DANCE FESTIVAL,평촌중앙공원+삼덕공원,20230920,20230924,시민공연마당 + 전시체험부스 + 개폐막 작품 + 가수 축하공연 + 댄스대회 + 안양시민의날 기념식 + 시민커뮤니티댄스 등,(재)안양문화예술재단,경기도 안양시+안양축제추진위원회,,031-687-0500,http://www.ayac.or.kr,안양예술공원+ APAP+ 김중업박물관,경기도 안양시 동안구 관평로 149 (평촌동),경기도 안양시 동안구 평촌동 895,37.390137,126.961329,20260227
2024 안양춤축제 ANYANG DANCE FESTIVAL,평촌중앙공원+삼덕공원,20240927,20240929,시민공연마당 + 전시체험부스 + 개폐막 작품 + 가수 축하공연 + 댄스대회 + 안양시민의날 기념식 + 시민커뮤니티댄스 등,(재)안양문화예술재단,경기도 안양시+안양춤축제추진위원회,,031-687-0500,http://www.ayac.or.kr / www.aydf.kr,안양예술공원+ APAP+ 김중업박물관,경기도 안양시 동안구 관평로 149 (평촌동),경기도 안양시 동안구 평촌동 895,37.390137,126.961329,20260227
2016 광복기념음악회,병목안시민공원,20160815,20160815,안양필하모닉 오케스트라연주+ 트럼펫연주곡+ 안양시립합창단 공연등,(재)안양문화예술재단,(재)안양문화예술재단,,031-687-0500,http://www.ayac.or.kr,안양예술공원+ APAP+ 김중업박물관,경기도 안양시 만안구 병목안로 215,경기도 안양시 만안구 안양동 산 82-2,37.385289,126.907675,20260227
2025 구리 코스모스 축제,구리한강 시민공원,20250926,20250928,무대공연+체험부스운영+먹거리 체험+꽃 관람,(사)구리문화원,경기도 구리시청,한국관광공사+경기관광공사,031-550-2065,https://www.guri.go.kr/cosmos/index.do,,경기도 구리시 코스모스길14번길 249(토평동),경기도 구리시 토평동 810,37.574478,127.132863,20260202
하남뮤직페스티벌,하남종합운동장,20260417,20260418,"시민합창단, 오케스트라, 대중가수 공연 등",경기도 하남시,하남문화재단,IBK기업은행,031-790-7979,,,경기도 하남시 아리수로 600,경기도 하남시 망월동 200번지,37.5666220041,127.1960421939,20260223
하남이성산성문화축제,하남이성산성,20260919,20260920,"이성산성 퍼포먼스, 역사해설프로그램, 이성산성 주제 음식경연 등",경기도 하남시,하남문화재단,,031-790-7979,,,,경기도 하남시 춘궁동 291-1,37.5237340215,127.186864849,20260223
우리가족 꼬마영웅 올림픽,탄천종합운동장,20261101,20261130,어린이 미니올림픽,성남시국공립어린이집연합회,경기도 성남시,,031-729-2932,,,경기도 성남시 분당구 탄천로 215,경기도 성남시 분당구 야탑동 486,37.411795,127.120514,20260209
2026년 판교마당바위 해맞이축제,판교공원  마당바위,20260101,20260101,해맞이 행사+가래떡 나눔 행사 등,판교 마당바위 해맞이축제위원회,경기도 성남시,,031-729-7882,,,경기도 성남시 분당구 판교공원로4길 27,경기도 성남시 분당구 삼평동 산44-2,37.392024,127.090547,20260209
제20회 수진공원 벌터산한마당축제,수진공원,20260401,20260430,작품발표회 및 전시+공연+체험부스 등,벌터산축제추진위원회,경기도 성남시,,031-729-5762,,,,경기도 성남시 수정구 수진동 산41-3,37.435953,127.125396,20260209
지구촌 어울림 축제,성남시청광장,20260510,20260510,세계인의 날 기념식+식전·식후공연+나라별 문화·음식 및 체험부스 등,경기도 성남시 여성가족과+성남시가족센터,경기도 성남시,,031-729-3072,,,경기도 성남시 중원구 여수동 성남대로 997,경기도 성남시 중원구 여수동 200,37.420173,127.12628,20260209
식품안전의 날 행사,성남시청,20260514,20260514,기념식+특별관+식품관 운영,경기도 성남시 식품안전의 날 행사추진위원회,경기도 성남시,,031-729-3122,,,경기도 성남시 중원구 여수동 성남대로 997,경기도 성남시 중원구 여수동 200,37.420173,127.12628,20260209
2026 파크콘서트,중앙공원 야외공연장,20260901,20260930,기간 중 공연 3회 예정 / 1일 1회,성남문화재단 공연기획부,경기도 성남시,,031-729-2973,,,경기도 성남시 분당구 성남대로 550,경기도 성남시 분당구 수내동 65,37.380307,127.121175,20260209
제5회 정자동 놀터축제 및 작품발표회,정자동 봉우재어린이공원 일대,20261001,20261031,공연+체험부스+전시 등,경기도 성남시 분당구 정자동 주민자치위원회,경기도 성남시,,031-729-7682,,,경기도 성남시 분당구 정자동 내정로7번길 18,경기도 성남시 분당구 정자동 145,37.360862,127.112755,20260209
2026 모두모여모란,모란 민속 5일장,20261001,20261031,의식행사+무대 공연 및 유관기관 참여,경기도 성남시 지역경제상권과,경기도 성남시,,031-729-8973,,,경기도 성남시 중원구 성남동 둔촌대로 68,경기도 성남시 중원구 성남동 4931,37.429339,127.12666,20260209
튼튼쑥쑥 걷기대회,율동공원,20261001,20261031,어린이 걷기대회,성남시민간어린이집연합회,경기도 성남시,,031-729-2932,,,경기도 성남시 분당구 문정로 72,경기도 성남시 분당구 율동 산91-12,37.376552,127.152416,20260209
반려동물 문화행사(페스티벌),성남시청 광장,20261024,20261024,행동학 강의+포토존+유기견 입양 홍보 등,경기도 성남시 농업기술센터,경기도 성남시,,031-729-3287,,,경기도 성남시 중원구 여수동 성남대로 997,경기도 성남시 중원구 여수동 200,37.420173,127.12628,20260209
2025 구리 빛 축제,장자호수공원,20251018,20251231,빛 축제,경기도 구리시청,경기도 구리시청,한국관광공사+경기관광공사,031-550-2485,https://www.guri.go.kr/lightfesta/index.do,,경기도 구리시 장자호수길 105,경기도 구리시 수택동 878,37.585128,127.141901,20260202
제20회 시흥갯골축제,시흥갯골생태공원,20260918,20260920,수도권 유일의 내만 갯골에서 자연과 함께 펼쳐지는 시민이 행복한 공연 및 체험 프로그램 등,경기도 시흥시,경기도 시흥시,,031-310-2919,www.instagram.com/sgfestival,,경기도 시흥시 동서로 287,경기도 시흥시 장곡동 724-32,37.3897919258,126.7812507272,20260115
제3회 화성 루나 빛 축제,동탄호수공원,20261031,20261031,빛 콘텐츠 및 루나마켓+루나쇼+문화공연,화성시문화관광재단,경기도 화성시,,031-5189-3835,,,경기도 화성시 동탄구 동탄순환대로 69,경기도 화성시 동탄구 송동 727번지,37.16690281,127.1024336,20260401
제16회 화성시 가족사랑축제,동탄호수공원,20260509,20260509,공개방송+시민 참여 프로그램+체험 부스,화성시문화관광재단,경기도 화성시,,031-290-7678,https://www.hcf.or.kr,,경기도 화성시 동탄구 동탄순환대로 69,경기도 화성시 동탄구 송동 727번지,37.16690281,127.1024336,20260401
화성시 연등 음악 축제,정조효공원+용주사,20260516,20260516,연등행렬+연등음악회,화성시불교사암연합회,경기도 화성시,,031-5189-3038,,,경기도 화성시 병점구 장조1로 34,경기도 화성시 병점구 안녕동 228,37.20663988,126.9959699,20260401
제15회 화성 뱃놀이 축제,전곡항,20260522,20260525,해양레저 체험+야간공연,화성시문화관광재단,경기도 화성시,,031-5189-6136,http://hs-boatingfestival.com/,,경기도 화성시 만세구 서신면 전곡항로 21,경기도 화성시 만세구 서신면 전곡리 974번지,37.1867278,126.6524994,20260401
제3회 도농 어울림 축제,동탄여울공원,20260919,20260920,농업문화 체험+직거래 장터,화성시농업기술센터,경기도 화성시,,031-5189-6335,,,경기도 화성시 동탄구 동부대로 1063-3,경기도 화성시 동탄구 여울동 1060,37.19830282,127.0866204,20260401
정조효문화제 및 정조대왕능행차 공동재현,정조효공원+융건릉 일원,20261003,20261004,현륭원 천원 재현+을묘년 원행 재현+현륭원 제향,화성시문화관광재단,경기도 화성시,,031-5189-6654,http://www.정조효문화제.com/,,경기도 화성시 병점구 장조1로 34,경기도 화성시 병점구 안녕동 228,37.20663988,126.9959699,20260401
2025 화성 학생동아리 축제,동탄센트럴파크 일원,20261024,20261024,초중고 학생동아리 공연+전시 및 체험부스 운영,화성시 인재육성재단,경기도 화성시,,031-898-8440,http://www.hsscf.kr/,,경기도 화성시 동탄구 동탄지성로 121,경기도 화성시 동탄구 반송동 43-2,37.20875396,127.0618814,20260401
수원화성문화제,수원화성 일원,20261004,20261011,수원판타지 야조+정조대왕 능행차+시민의 위대한 건축 팔달+수원 가마레이스,경기도 수원시+수원화성문화제 추진위원회+수원문화재단,경기도 수원시,,031-228-3920,https://shfestival.com,,,경기도 수원시 팔달구 신풍동363-31,37.2821138,127.0154124,20260316
시흥갯골축제,시흥갯골생태공원,20260918,20260920,소금의기억+희망 종이비행기+갯골 버스킹+바람의 음악제+갯골 느린 우체국 등,경기도 시흥시,경기도 시흥시,,031-310-2919,,,경기도 시흥시 동서로 287,경기도 시흥시 장곡동 724-32,37.38979099,126.7812554,20260316
안성맞춤 남사당바우덕이축제,안성맞춤랜드 및 안성천 일원,20261002,20261005,추모제+전야제+개장식+개폐막식,안성맞춤 남사당 바우덕이축제위원회,경기도 안성시,,031-678-5414,https://www.anseong.go.kr/festival,,경기도 안성시 보개면 남사당로 198,경기도 안성시 보개면 복평리 303-3,37.03283615,127.3078003,20260316
화성뱃놀이축제,전곡항 일원,20260522,20260525,승선체험 프로그램+바람의 사신단 댄스 퍼포먼스+풍류단의 항해+천해유람단,화성시문화관광재단,경기도 화성시,문화체육관광부+경기도청,031-290-4689,https://hs-boatingfestival.com/,,경기도 화성시 만세구 서신면 전곡항로 5,경기도 화성시 만세구 서신면 전곡리 1076,37.18560049,126.6510546,20260316
2025 제8회 양주 회암사지 왕실 축제,회암사지,20250613,20250615,배움과 쉼이 있는 런케이션 역사문화 축제,경기도 양주시청,양주시축제추진위원회,경기도 양주시청,031-8082-5652,https://www.yangju.go.kr/festival/index.do,,경기도 양주시 회암사길 11,경기도 양주시 회암동 18,37.8412264,127.1029808,20260312
2025년 제7회 양주 천만송이 천일홍 축제,나리농원 일원,20250926,20250928,전국 최대 규모의 천일홍 꽃밭 조성으로 도농체험 및 시민 힐링 공간 제공,경기도 양주시청,양주시축제추진위원회,경기도 양주시청,031-8082-5655,https://www.yangju.go.kr/festival/index.do,,경기도 양주시 광사로 131-66,경기도 양주시 광사동 731,37.785795,127.081833,20260312
이천체험문화축제,이천시 신둔면 예스파크,20260404,20260405,공예체험+음식만들기+스포츠 놀이체험 등,(사)이천농촌나드리,경기도 이천시,경기도 이천시,031-636-2723,http://www.2000green.com,예스파크+이천농촌나드리,경기도 이천시 신둔면 도자예술로5번길 109,경기도 이천시 신둔면 고척리 599-6,37.29309775,127.385686,20260427
이천도자기축제,이천시 신둔면 예스파크,20260424,20260505,도자기전시+체험+판매+공연,이천시도자기축제추진위원회,경기도 이천시+이천문화재단,경기도 이천시,031-645-3682,https://www.icheon.go.kr/icheonceramic/main.do,예스파크(이천도자예술마을) + 사기막골도예촌,경기도 이천시 신둔면 도자예술로5번길 109,경기도 이천시 신둔면 고척리 599-6,37.29309775,127.385686,20260427
이천도자기축제,이천도자예술마을(예스파크)+사기막골 도예촌,20260424,20260505,전시+판매+체험,이천시도자기축제추진위원회,경기도 이천시+이천문화재단,경기도 이천시,031-645-3683,https://www.icheon.go.kr/icheonceramic,,경기도 이천시 신둔면 도자예술로5번길 109,경기도 이천시 신둔면 고척리 599-6,37.29309775,127.385686,20260316
여주오곡나루축제,여주 신륵사관광지 일원,20261023,20261025,여주쌀 가마솥 비빔밥+군고구마 기네스+여주 본두리 낙화놀이+여주 흔암리 쌍용거 줄다리기 등,여주세종문화관광재단,경기도 여주시,,031-881-9694,https://www.yjfestival.or.kr/,,경기도 여주시 신륵사길 7,경기도 여주시 천송동 297-1,37.3000174,127.6567465,20260316
용인시민의 날 연계 축제 행사,용인미르스타디움,20261003,20261004,용인시민의 날 기념 조아용 캐릭터 축제 및 다양한 연계행사 진행,경기도 용인시청,경기도 용인시청,경기도 용인시청,031-6193-2064,https://www.yongin.go.kr,,경기도 용인시 처인구 중부대로 1199,경기도 용인시 처인구 삼가동 556,37.24086733,127.1779684,20260226
여주오곡나루축제,여주 신륵사관광지 일원,20261023,20261025,"여주 농·특산물 홍보 및 판매, 각종 문화예술공연 및 체험프로그램 운영",여주세종문화관광재단,경기도 여주시청,,031-881-9694,https://www.yjfestival.or.kr/,신륵사 명성황후생가 영릉 황학산수목원 등,경기도 여주시 신륵사길 7,경기도 여주시 천송동 303-3,37.3001409008,127.6545498438,20260312
여주도자기축제,여주 신륵사관광지 일원,20260501,20260510,"여주 도자기 전시 및 판매, 공연 등",여주세종문화관광재단,경기도 여주시청,,031-881-9694,https://www.yjfestival.or.kr/,신륵사 명성황후생가 영릉 황학산수목원 등,경기도 여주시 신륵사길 7,경기도 여주시 천송동 303-3,37.30014504,127.6545462,20260312
안산국제거리극축제,안산시 문화광장,20160505,20160508,공연+퍼포먼스+예술프로그램,경기도 안산시청,경기도 안산시청,경기도 안산시청,031-481-4030,https://www.ansanart.com/index.do,대부도,경기도 안산시 단원구 광덕대로 157,경기도 안산시 단원구 고잔동 800,37.310742,126.829822,20260304
안산국제거리극축제,안산문화광장 및 안산시 일대,20170505,20170507,공연+퍼포먼스+예술프로그램,경기도 안산시청,경기도 안산시청,문화체육관광부+경기관광공사+한국문화예술위원회+한국지역진흥재단,031-481-0531,https://www.ansanart.com/index.do,대부도+원곡동 다문화거리,경기도 안산시 단원구 광덕대로 157,경기도 안산시 단원구 고잔동 800,37.310742,126.829822,20260304
안산국제거리극축제,안산문화광장 및 안산시 일대,20190504,20190506,공연+퍼포먼스+예술프로그램,경기도 안산시청,경기도 안산시청,문화체육관광부+경기관광공사+한국문화예술위원회+한국지역진흥재단,031-481-0531,https://www.ansanart.com/index.do,화랑유원지,경기도 안산시 단원구 광덕대로 157,경기도 안산시 단원구 고잔동 800,37.310742,126.829822,20260304
안산국제거리극축제,안산문화예술의전당,20211005,20211010,공연+퍼포먼스+예술프로그램,경기도 안산시청,경기도 안산시청,경기관광공사,031-481-0531,https://www.ansanart.com/index.do,화랑유원지,경기도 안산시 단원구 화랑로 312(고잔동),경기도 안산시 단원구 고잔동 817,37.31842647,126.8231075,20260304
제20회 양평산수유한우축제,개군레포츠공원+내리+주읍리+향리,20230401,20230402,노란 산수유 꽃이 피는 4월 주읍리 등 마을길을 걷고 개군한우를 먹으며 즐길 수 있는 축제,양평산수유축제추진위원회,경기도 양평군 개군면,,031-770-3342,https://sansuyuhanwoo.modoo.at/,,경기도 양평군 개군면 자진개1길 91,경기도 양평군 개군면 하자포리 375,37.43277374,127.5313533,20231205
제13회 양평 용문산 산나물축제,용문산관광지,20230428,20230430,산나물의 맛과 향기를 느낄수 있는 즐거운 체험+공연이 펼쳐지는 다채로운 축제,경기도 양평군청+양평군 축제추진위원회,경기도 양평군청,,031-770-1072,,,경기도 양평군 용문면 용문산로 656,경기도 양평군 용문면 신점리 520,37.54633417,127.5824277,20231205
의정부음악극축제,의정부예술의전당,20250518,20250525,"환경과 자연, 에너지 지킴 등 예술가와 미래세대들과 협력해 환경을 생각하는 축제",의정부문화재단,경기도+경기도 의정부시청,,031-828-4572,,,경기도 의정부시 의정로 1,경기도 의정부시 의정부동 323번지,37.73338053,127.0341273,20250630
회룡문화제,회룡사 입구 사거리,20250927,20250928,제40회 회룡문화제,의정부문화원,경기도 의정부시청,,031-828-4332,,,경기도 의정부시 신흥로 58,경기도 의정부시 호원동 289-3,37.72133935,127.0441351,20250630
제17회 구리 코스모스 축제,구리한강 시민공원,20170922,20170924,무대공연+체험부스운영+먹거리 체험+꽃 관람,(사)한국예총 구리지회,경기도 구리시청,경기도+한국관광공사+경기관광공사,031-550-2065,http://www.guri.go.kr,,경기도 구리시 코스모스길14번길 249(토평동),경기도 구리시 토평동 810,37.574478,127.132863,20260202
제19회 구리 코스모스 축제,구리한강 시민공원 및 시가지 일원,20190927,20190929,한강 꽃단지 체험 및 시가지 공연 등,(사)한국예총 구리지회,경기도 구리시청,경기도+한국관광공사+경기관광공사,031-550-2065,http://www.guri.go.kr,,경기도 구리시 코스모스길14번길 249(토평동),경기도 구리시 토평동 810,37.574478,127.132863,20260202
2025 구리 유채꽃 축제,구리한강 시민공원,20250509,20250511,무대공연+체험부스운영+먹거리 체험+꽃 관람,(사)구리문화원,경기도 구리시청,한국관광공사+경기관광공사,031-550-2065,https://www.guri.go.kr/festival/index.do,,경기도 구리시 코스모스길14번길 249(토평동),경기도 구리시 토평동 810,37.574478,127.132863,20260202
2022 안양시민축제&amp;lt;우선멈춤&amp;gt;,평촌중앙공원+삼덕공원+온라인(www.aydf.or.kr),20220923,20220925,시민과 함께하는 K-POP 댄스 페스티벌,안양문화예술재단,경기도 안양시+안양축제추진위원회,,031-687-0500,http://www.ayac.or.kr,안양예술공원+ APAP+ 김중업박물관,경기도 안양시 동안구 관평로 149 (평촌동),경기도 안양시 동안구 평촌동 895,37.390137,126.961329,20260227
2024 안양충훈벚꽃축제,안양충훈2교일대,20240330,20240331,벚꽃콘서트+벚꽃체험부스+ 먹거리+ SNS이벤트 등,(재)안양문화예술재단,경기도 안양시+안양충훈벚꽃축제추진위원회,,031-687-0500,http://www.ayac.or.kr,안양예술공원+ APAP+ 김중업박물관,경기도 안양시 만안구 석수로 159,경기도 안양시 만안구 석수동 797,37.404615,126.896157,20260227
성남 어린이날 행사,성남시청,20260505,20260505,어린이날 기념식+축하 공연 등,성남 어린이날 행사 추진위원회,경기도 성남시,,031-729-2942,,,경기도 성남시 중원구 여수동 성남대로 997,경기도 성남시 중원구 여수동 200,37.420173,127.12628,20260209
사회복지페스티벌,성남시청,20260904,20260904,사회복지의 날 기념식 및 사회복지박람회,성남시사회복지협의회,경기도 성남시,,031-729-2842,,,경기도 성남시 중원구 여수동 성남대로 997,경기도 성남시 중원구 여수동 200,37.420173,127.12628,20260209
식품제조 홍보 및 판매관,성남시청,20261001,20261001,식품 홍보 및 판매,경기도 성남시 위생정책과,경기도 성남시,,031-729-3122,,,경기도 성남시 중원구 여수동 성남대로 997,경기도 성남시 중원구 여수동 200,37.420173,127.12628,20260209
여르미오페스티벌,안산문화예술의전당 야외 광장 일대,20160813,20160813,물놀이프로그램+공연,안산문화재단,안산문화재단,,031-481-4030,https://www.ansanart.com//lay2/S1T54C56/contents.do,,경기도 안산시 단원구 화랑로 312,경기도 안산시 단원구 고잔동 817,37.318426,126.823108,20260304
2014 안양 아줌마축제,평촌중앙공원,20140830,20140831,아줌마 축제 개막식 및 폐막식+ 주민자치센터 동호회 공연  등,경인일보,(재)안양문화예술재단,경기도 안양시,031-687-0500,http://www.ayac.or.kr,안양예술공원+ APAP+ 김중업박물관,경기도 안양시 동안구 관평로 149 (평촌동),경기도 안양시 동안구 평촌동 895,37.390137,126.961329,20260227
2015 안양 시민축제,평촌중앙공원+삼덕공원,20151002,20151004,시민공연마당+ 전시체험부스+ 특별기회전시+ 개폐막 축하공연+ 방송국 공개방송 등,(재)안양문화예술재단,경기도 안양시+안양축제추진위원회,,031-687-0500,http://www.ayac.or.kr,안양예술공원+ APAP+ 김중업박물관,경기도 안양시 동안구 관평로 149 (평촌동),경기도 안양시 동안구 평촌동 895,37.390137,126.961329,20260227
2015 안양 아줌마축제,평촌중앙공원,20150530,20150531,아줌마 축제 개막식 및 폐막식 공연+ 주민자치센터 끼열전+ 명사초청가요제 등,경인일보,(재)안양문화예술재단,경기도 안양시,031-687-0500,http://www.ayac.or.kr,안양예술공원+ APAP+ 김중업박물관,경기도 안양시 동안구 관평로 149 (평촌동),경기도 안양시 동안구 평촌동 895,37.390137,126.961329,20260227
2016 안양 시민축제,평촌중앙공원+삼덕공원+범계로데오,20160924,20160925,시민공연마당+ 전시체험부스+ 특별기회전시+ 개폐막 축하공연+ 방송국 공개방송 등,(재)안양문화예술재단,경기도 안양시+안양축제추진위원회,,031-687-0500,http://www.ayac.or.kr,안양예술공원+ APAP+ 김중업박물관,경기도 안양시 동안구 관평로 149 (평촌동),경기도 안양시 동안구 평촌동 895,37.390137,126.961329,20260227
2016 안양 아줌마축제,평촌중앙공원,20160528,20160529,아줌마 축제 기념공연+ 여성동호회공연+ 주부가요제+ 홍보체험부스+ 김치왕선발대회 등,경인일보,(재)안양문화예술재단,경기도 안양시+ 안양시여성단체협의회,031-687-0500,http://www.ayac.or.kr,안양예술공원+ APAP+ 김중업박물관,경기도 안양시 동안구 관평로 149 (평촌동),경기도 안양시 동안구 평촌동 895,37.390137,126.961329,20260227
2016 제5회 안양공공예술프로젝트,안양예술공원,20161015,20161215,개막식+ 체험부스운영+ 공공예술작품 전시 및 공연,(재)안양문화예술재단,경기도 안양시,,031-687-0916,http://www.ayac.or.kr,안양예술공원+ APAP+ 김중업박물관,경기도 안양시 만안구 예술공원로 180(안양동),경기도 안양시 만안구 안양동 1351,37.419406,126.925606,20260227
2014 안양시민축제,평촌중앙공원+삼덕공원,20140926,20140928,시민공연마당+ 전시체험부스+ 특별기회전시+ 개폐막 축하공연+ 방송국 공개방송+ 거리공연 등,(재)안양문화예술재단,경기도 안양시+안양축제추진위원회,,031-687-0500,http://www.ayac.or.kr,안양예술공원+ APAP+ 김중업박물관,경기도 안양시 동안구 관평로 149 (평촌동),경기도 안양시 동안구 평촌동 895,37.390137,126.961329,20260227
2017 안양충훈벚꽃축제,안양충훈2교일대,20170407,20170409,축하공연+ 안양꽃길걷기대회+ 안양꽃길그리기+ 어린이벼룩시장+ 거리공연+ 체험부스 등,(재)안양문화예술재단,경기도 안양시+안양충훈벚꽃축제추진위원회,티브로드abc방송,031-687-0500,http://www.ayac.or.kr,안양예술공원+ APAP+ 김중업박물관,경기도 안양시 만안구 석수로 159,경기도 안양시 만안구 석수동 797,37.404615,126.896157,20260227
2017 광복기념음악회,안양아트센터 관악홀,20170815,20170815,안양필하모닉 오케스트라연주+ 안양시립합창단 공연 등 (우천으로 안양아트센터 관악홀 실내 진행),(재)안양문화예술재단,(재)안양문화예술재단,경기도 안양시+ 티브로드abc방송,031-687-0500,http://www.ayac.or.kr,안양예술공원+ APAP+ 김중업박물관,경기도 안양시 만안구 문예로 36번길 16,경기도 안양시 만안구 안양동 549,37.384588,126.931365,20260227
2017 안양 시민축제,평촌중앙공원+병목안시민공원+범계로데오,20170915,20170917,시민공연마당+ 전시체험부스+ 개폐막 축하공연+ 방송국 공개방송+ 안양시민의날 기념식+ 안양시민가요제 등,(재)안양문화예술재단,경기도 안양시+안양축제추진위원회,,031-687-0500,http://www.ayac.or.kr,안양예술공원+ APAP+ 김중업박물관,경기도 안양시 동안구 관평로 149 (평촌동),경기도 안양시 동안구 평촌동 895,37.390137,126.961329,20260227
2026 수원화성 미디어아트,화서문+장안문+장안공원 일대,20261003,20261018,수원화성 대표 건축물에 프로젝션 맵핑/인터렉티브 미디어아트/레이저 등 디지털 미디어 기술을 활용한 미디어아트쇼,(재)수원문화재단,경기도 수원시,,031-5191-3084,https://www.swcf.or.kr/hlfl/,,경기도 수원시 팔달구 정조로 825,경기도 수원시 팔달구 남창동 6-2,37.28188256,127.0143944,20260228
2026 정조대왕 능행차 공동재현,서울 경복궁~수원화성~화성 융릉(수원구간 : 노송지대~종합운동장~장안문~수원화성),20261004,20261004,1795년 정조대왕의 을묘년 원행을 완벽하게 재현하는 국내 최대 퍼레이드,경기도 수원시+(재)수원문화재단,경기도 수원시,,031-5191-2367,https://shfestival.com,,경기도 수원시 팔달구 정조로 825,경기도 수원시 팔달구 남창동 6-2,37.28188256,127.0143944,20260228
제63회 수원화성문화제,행궁광장 등 수원화성 일원,20261004,20261011,정조대왕의 효심과 부국강병의 원대한 꿈으로 축성된 세계문화유산 수원화성에서 펼쳐지는 8일간의 행사,경기도 수원시+(재)수원문화재단,경기도 수원시,,031-5191-3068,https://shfestival.com,,경기도 수원시 팔달구 정조로 825,경기도 수원시 팔달구 남창동 6-2,37.28188256,127.0143944,20260228
2025 제3회 안양일번가 넘버원 페스티벌,안양일번가 일대,20251017,20251018,넘버원 골든벨+랜덤플레이댄스+토크콘서트+체험부스+가수 및 동아리공연+버스킹+스탬프 투어 등,경기도 안양시,경기도 안양시,,031-8045-5496,https://www.anyang.go.kr/main/index.do,,경기도 안양시 만안구 만안로223번길 7 (안양동),경기도 안양시 만안구 안양동 674-10,37.400401,126.922389,20260227
2024 제2회 안양일번가 넘버원 페스티벌,안양일번가 일대,20241115,20241117,패션 버스킹+쓰면『이루어진달」+패션&amp;뷰티 체험부스+가수 및 동아리공연+스탬프 투어 등,경기도 안양시,경기도 안양시,,031-8045-5122,https://www.anyang.go.kr/main/index.do,,경기도 안양시 만안구 만안로223번길 7 (안양동),경기도 안양시 만안구 안양동 674-10,37.400401,126.922389,20260227
2025 안양충훈벚꽃축제,안양충훈2교일대,20250405,20250406,벚꽃콘서트+벚꽃체험부스+ 먹거리+ SNS이벤트 등,(재)안양문화예술재단,경기도 안양시+안양충훈벚꽃축제추진위원회,,031-687-0500,http://www.ayac.or.kr,안양예술공원+ APAP+ 김중업박물관,경기도 안양시 만안구 석수로 159,경기도 안양시 만안구 석수동 797,37.404615,126.896157,20260227
2025 안양춤축제 ANYANG DANCE FESTIVAL,평촌중앙공원+삼덕공원,20250926,20250928,시민프린지공연 + 전시체험부스 + 개폐막 작품 + 가수 축하공연 + 댄스대회 + 안양시민의날 기념식 + 시민커뮤니티댄스 등,(재)안양문화예술재단,경기도 안양시+안양춤축제추진위원회,,031-687-0500,http://www.ayac.or.kr / www.aydf.kr,안양예술공원+ APAP+ 김중업박물관,경기도 안양시 동안구 관평로 149 (평촌동),경기도 안양시 동안구 평촌동 895,37.390137,126.961329,20260227
2026 김포 아라마린페스티벌,아라마리나 일원,20260619,20260621,수상레저체험 + 포리레이스 + 문화콘서트 등,㈜케이워터운영관리,경기도 김포시 + K-water,,031-999-7833,https://aramarinefestival.com,,,경기도 김포시 고촌읍 전호리 661,37.598696,126.787338,20260213
2026 김포 해병대문화축제,김포함상공원 일원,20261031,20261031,상륙작전 시연행사 + 공연 + 장비전시 및 탑승 + 체험부스 등,경기도 김포시 + 해병2사단,경기도 김포시 + 해병대 제2사단,,031-980-5110,,,경기도 김포시 대곶면 대명항1로 110-36,경기도 김포시 대곶면 대명리 551-1,37.640391,126.539805,20260213
2026 김포 라베니체축제,장기동 라베니체 일원,20261017,20261017,불꽃쇼 + 콘서트 + 수상 버스킹 + 체험프로그램 등,경기도 김포시,김포문화재단,,031-980-5113,,,,경기도 김포시 장기동 2001-1,37.643079,126.674778,20260213
2026 김포 벚꽃축제,계양천 산책길 일원,20260411,20260412,버스킹 + 포토존 + 벚꽃쉼터 + 체험프로그램 등,경기도 김포시,김포문화재단,,031-980-5113,,,,경기도 김포시 북변동 495,37.625343,126.718456,20260213
2026 김포 선셋 페스타,김포함상공원 일원,20261024,20261024,선상다이닝 + 셀프바비큐존 + 로컬푸드 쿠킹쇼 등,겸기도 김포시,겸기도 김포시,,031-980-5105,,,경기도 김포시 대곶면 대명항1로 110-36,경기도 김포시 대곶면 대명리 551-1,37.640391,126.539805,20260213
안산국제거리극축제,안산문화광장 일대,20260501,20260503,공연+퍼포먼스+예술프로그램,안산문화재단,경기도 안산시청,경기도청,031-481-0536,https://www.ansanart.com/index.do,안산문화광장,경기도 안산시 단원구 광덕대로 157,경기도 안산시 단원구 고잔동 800,38.310742,126.829822,20260304
여르미오페스티벌,안산시 문화광장,20150808,20150808,물놀이프로그램+공연,안산문화재단,안산문화재단,,031-481-4030,https://www.ansanart.com//lay2/S1T54C56/contents.do,,경기도 안산시 단원구 광덕대로 157,경기도 안산시 단원구 고잔동 800,37.310742,126.829822,20260304
여르미오페스티벌,안산문화예술의전당 야외 광장 일대,20180804,20180804,물놀이프로그램+공연,안산문화재단,안산문화재단,,031-481-4030,https://www.ansanart.com//lay2/S1T54C56/contents.do,,경기도 안산시 단원구 화랑로 312,경기도 안산시 단원구 고잔동 817,37.318426,126.823108,20260304
여르미오페스티벌,안산문화예술의전당 야외 광장 일대,20190810,20190810,물놀이프로그램+공연,안산문화재단,안산문화재단,,031-481-4030,https://www.ansanart.com/index.do,,경기도 안산시 단원구 화랑로 312,경기도 안산시 단원구 고잔동 817,37.318426,126.823108,20260304
여르미오페스티벌,안산문화예술의전당 야외 광장 일대,20210731,20210814,물놀이프로그램+공연,안산문화재단,안산문화재단,,031-481-4030,https://www.ansanart.com/index.do,,경기도 안산시 단원구 화랑로 312,경기도 안산시 단원구 고잔동 817,37.318426,126.823108,20260304
여르미오페스티벌,안산문화예술의전당 야외 광장 일대,20220903,20220903,물놀이프로그램+공연,안산문화재단,안산문화재단,,031-481-4030,https://www.ansanart.com/index.do,,경기도 안산시 단원구 화랑로 312,경기도 안산시 단원구 고잔동 817,37.318426,126.823108,20260304
여르미오페스티벌,화랑유원지 대공연장,20230902,20230902,물놀이프로그램+공연,안산문화재단,안산문화재단,,031-481-0536,https://www.ansanart.com/index.do,,경기도 안산시 단원구 동산로 268,경기도 안산시 단원구 초지동 667,37.32507855,126.8099898,20260304
여르미오페스티벌,안산문화광장 일대,20250815,20250816,물놀이프로그램+공연,안산문화재단,경기도 안산시청,,031-481-0536,https://www.ansanart.com/index.do,,경기도 안산시 단원구 광덕대로 157,경기도 안산시 단원구 고잔동 800,38.310742,126.829822,20260304
제1회 상록수문화제,상록수공원 및 샘골로 일대,20130831,20130831,기념음악회+체험박람회+작품발표회+사생대회 등,경기도 안산시청,경기도 안산시청,국가보훈처,031-481-3040,https://www.ansan.go.kr/choiyongshin,,경기도 안산시 상록구 샘골서길 64,경기도 안산시 상록구 본오동 879-4,37.299644,126.8627402,20260304
제2회 상록수문화제,상록수공원 및 샘골로 일대,20140927,20140927,기념음악회+체험박람회+작품발표회+사생대회 등,경기도 안산시청,경기도 안산시청,경기도청+국가보훈처,031-481-3040,https://www.ansan.go.kr/choiyongshin,,경기도 안산시 상록구 샘골서길 64,경기도 안산시 상록구 본오동 879-4,37.299644,126.8627402,20260304
제4회 상록수문화제,본오3동공영주차장+상록수공원 및 샘골로 일대,20160910,20160910,기념음악회+체험박람회+작품발표회+거리퍼레이드 등,경기도 안산시청,경기도 안산시청,국가보훈처,031-481-3040,https://www.ansan.go.kr/choiyongshin,,경기도 안산시 상록구 샘골서길 64,경기도 안산시 상록구 본오동 879-4,37.299644,126.8627402,20260304
제5회 상록수문화제,본오3동공영주차장+상록수공원 및 샘골로 일대,20170916,20170916,기념음악회+체험박람회+작품발표회+거리퍼레이드 등,경기도 안산시청,경기도 안산시청,국가보훈처,031-481-3040,https://www.ansan.go.kr/choiyongshin,,경기도 안산시 상록구 샘골서길 64,경기도 안산시 상록구 본오동 879-4,37.299644,126.8627402,20260304
제6회 상록수문화제,본오3동공영주차장+매화길+상록수역 앞 광장,20180915,20180915,기념음악회+체험박람회+작품발표회+거리퍼레이드 등,경기도 안산시청,경기도 안산시청,국가보훈처,031-481-3040,https://www.ansan.go.kr/choiyongshin,,경기도 안산시 상록구 샘골서길 64,경기도 안산시 상록구 본오동 879-4,37.299644,126.8627402,20260304
제8회 상록수문화제,최용신기념관+상록수공원,20211026,20211026,공연+체험 등,경기도 안산시청,경기도 안산시청,,031-481-3040,https://www.ansan.go.kr/choiyongshin,,경기도 안산시 상록구 샘골서길 64,경기도 안산시 상록구 본오동 879-4,37.299644,126.8627402,20260304
제9회 상록수문화제,최용신기념관+상록수공원,20221001,20221001,기념음악회+전시+체험 등,경기도 안산시청,경기도 안산시청,,031-481-3040,https://www.ansan.go.kr/choiyongshin,,경기도 안산시 상록구 샘골서길 64,경기도 안산시 상록구 본오동 879-4,37.299644,126.8627402,20260304
제10회 상록수문화제,최용신기념관+상록수공원,20231007,20231007,공연+전시+체험 등,경기도 안산시청,경기도 안산시청,,031-481-3040,https://www.ansan.go.kr/choiyongshin,,경기도 안산시 상록구 샘골서길 64,경기도 안산시 상록구 본오동 879-4,37.299644,126.8627402,20260304
제11회 상록수문화제,최용신기념관+상록수공원,20241012,20241012,공연+사생대회+체험,경기도 안산시청,경기도 안산시청,,031-481-3040,https://www.ansan.go.kr/choiyongshin,,경기도 안산시 상록구 샘골서길 64,경기도 안산시 상록구 본오동 879-4,37.299644,126.8627402,20260304
제12회 상록수문화제,최용신기념관+상록수공원,20250927,20250927,연극+공연+전시+체험,경기도 안산시청,경기도 안산시청,,031-481-3040,https://www.ansan.go.kr/choiyongshin,,경기도 안산시 상록구 샘골서길 64,경기도 안산시 상록구 본오동 879-4,37.299644,126.8627402,20260304
제40회 정약용문화제,남양주시 정약용유적지 일원,20261017,20261018,정약용 선생의 정신을 기리는 역사문화축제,경기도 남양주시,경기도 남양주시,경기도,031-590-2799,https://www.nyj.go.kr/thinkj/index.do,,경기도 남양주시 조안면 다산로747번길 11,경기도 남양주시 조안면 능내리 95-3,37.51627419,127.2990576,20260316
제21회 광릉숲축제,남양주시 광릉숲 일원,20261024,20261025,광릉숲길 걷기+숲속공연+환경경 체험프로그램 운영 등,경기도 남양주시,경기도 남양주시,경기도,031-590-2454,https://www.nyj.go.kr/gff/index.do,,경기도 남양주시 진접읍 봉선사길 32,경기도 남양주시 진접읍 부평리 255번지,37.7463984,127.1836293,20260316
군포철쭉축제,철쭉동산+철쭉공원 등,20260418,20260426,공연+전시+체험프로그램+ 먹거리 등,군포문화재단,경기도 군포시,군포농협 등,031-390-3552,http://gunpofestival.or.kr/,,,경기도 군포시 산본동 1152-14,37.3559845986,126.9247362008,20260309
2018 안양여성축제,평촌중앙공원,20180512,20180513,기념공연+ 여성동아리공연+ 미니올림픽+ 김장담그기대회+ 홍보체험부스 등,경인일보,(재)안양문화예술재단,경기도 안양시+ 안양시여성단체협의회,031-687-0500,http://www.ayac.or.kr,안양예술공원+ APAP+ 김중업박물관,경기도 안양시 동안구 관평로 149 (평촌동),경기도 안양시 동안구 평촌동 895,37.390137,126.961329,20260227
2018 광복기념음악회,병목안시민공원,20180815,20180815,뮤지컬 그룹 플래티넘+ 안양시립합창단 공연 등,(재)안양문화예술재단,경기도 안양시+안양축제추진위원회,경기도 안양시+ 티브로드abc방송,031-687-0500,http://www.ayac.or.kr,안양예술공원+ APAP+ 김중업박물관,경기도 안양시 만안구 병목안로 215,경기도 안양시 만안구 안양동 산 82-2,37.385289,126.907675,20260227
2018 안양 시민축제,평촌중앙공원+병목안시민공원+범계로데오,20180914,20180916,시민공연마당+ 전시체험부스+ 개폐막 축하공연+ 방송국 공개방송+ 안양시민의날 기념식+ 안양시민가요제 등,(재)안양문화예술재단,경기도 안양시+안양축제추진위원회,,031-687-0500,http://www.ayac.or.kr,안양예술공원+ APAP+ 김중업박물관,경기도 안양시 동안구 관평로 149 (평촌동),경기도 안양시 동안구 평촌동 895,37.390137,126.961329,20260227
제18회 시민어울림한마당,잔디광장,20261008,20261008,퍼레이드+콘테스트,(사)한국예총부천지회,(사)한국예총부천지회,경기도 부천시,032-325-1566,artbucheon.com,,경기도 부천시 소사구 경인로92번길33,경기도 부천시 소사구 송내동 387-4번지,37.4825054606,126.7665645738,20260319
제41회 부천복사골예술제,잔디광장+차 없는 거리,20260502,20260505,공연+전시+경연+시민참여 프로그램,(사)한국예총부천지회,(사)한국예총부천지회,경기도 부천시,032-325-1565,artbucheon.com,,경기도 부천시 소사구 경인로92번길33,경기도 부천시 소사구 송내동 387-4번지,37.4825054606,126.7665645738,20260319
제26회 복사골청소년예술제,잔디광장,20261009,20261009,dodo경연대회,(사)한국예총부천지회,(사)한국예총부천지회,경기도 부천시+여성가족부+경기도+경기도교육청+경기도부천교육지원청,032-325-1566,artbucheon.com,,경기도 부천시 소사구 경인로92번길33,경기도 부천시 소사구 송내동 387-4번지,37.4825054606,126.7665645738,20260319
평택 원평나루 억새축제,군문교 아래 억새밭(노을생태문화공원),20261031,20261031,공연+상설공연+체험+먹거리,평택시문화재단+평택예총+평택 원평나루 억새축제 추진위원회,경기도 평택시청,,070-8874-3038,https://www.pccf.or.kr/,,,경기도 평택시 평택동 219-3,36.984436,127.081452,20260306
6월 마토예술제,안정리예술인광장,20260627,20260627,썸머 크리스마스 주제 행사(물놀이+공연+체험 등),평택시문화재단,경기도 평택시청,,070-8874-3026,https://www.pccf.or.kr/,,경기도 평택시 팽성읍 안정쇼핑로11,경기도 평택시 팽성읍 안정리 113-1,36.95956,127.043959,20260306
제16회 평택뮤직페스티벌&amp;전국밴드경연대회,평택남부문예회관(대공연장),20260725,20260725,밴드경연대회 및 가수 축하공연 등,평택시문화재단+평택자치신문,경기도 평택시청,,070-8874-3037,https://www.pccf.or.kr/,,경기도 평택시 중앙로 277,경기도 평택시 비전동 847,36.99113416,127.1140857,20260306
평택호 물빛축제,평택호 관광단지 일원(한국소리터+모래톱공원),20260912,20260912,공연+상설공연+체험+먹거리,평택시문화재단+평택예총+평택호 물빛축제 추진위원회,경기도 평택시청,,070-8874-1013,https://www.pccf.or.kr/,,경기도 평택시 현덕면 평택호길 147,경기도 평택시 현덕면 권관리 301-1,36.921209,126.920858,20260306
제13회 노을동요제,평택남부문예회관(대공연장),20260912,20260912,공연+경연대회,평택시문화재단+평택시사신문+노을문화재단(준)+SKbroadband기남방송,경기도 평택시청,경기도평택교육지원청+평택문화원+굿모닝병원,070-8874-3025,http://www.noel.or.kr/,,경기도 평택시 중앙로 277,경기도 평택시 비전동 847,36.991134,127.114086,20260306
10월 마토예술제,안정리예술인광장,20261024,20261024,뮤지컬을 테마로 한 프로그램 (공연+체험 등),평택시문화재단,경기도 평택시청,,070-8874-3026,https://www.pccf.or.kr/,,경기도 평택시 팽성읍 안정쇼핑로11,경기도 평택시 팽성읍 안정리 113-1,36.95956,127.043959,20260306
안산국제거리극축제,안산시 문화광장,20150501,20150503,공연+퍼포먼스+예술프로그램,경기도 안산시청,경기도 안산시청,경기도 안산시청,031-481-4030,https://www.ansanart.com/index.do,대부도,경기도 안산시 단원구 광덕대로 157,경기도 안산시 단원구 고잔동 800,37.310742,126.829822,20260304
광주왕실도자페스티벌,곤지암도자공원 일원,20250425,20250506,도자체험과 왕실문화체험 등 행사 운영,광주시문화재단,경기도 광주시청,,031-760-1725,https://www.gjcity.go.kr/tour/pottery/main.do?mId=0202010000&amp;token=1768265350673,,경기도 광주시 곤지암읍 경충대로 727,경기도 광주시 곤지암읍 삼리 72-1,37.352096,127.327398,20260224
남한산성문화제,남한산성도립공원 일원,20250919,20250921,남한산성의 천혜자연을 배경으로 다양한 행사 프로그램 진행,광주시문화재단,경기도 광주시청,,031-789-5743,https://www.gjcity.go.kr/tour/mountainfortress/main.do?mId=0201010000&amp;token=1768265327610,,,경기도 광주시 남한산성면 산성리 1048,37.476581,127.183442,20260224
동두천락페스티벌,신천교 하부 특설무대,20250912,20250914,전국락밴드경연 및 락 뮤지션 초청공연,동두천 락페스티벌 조직위원회,경기도 동두천시청 락페스티벌 조직위원회,문화체육관광부+경기도청+경기도 동두천시청,031-860-2105,https://www.ddc.go.kr/tour/contents.do?key=269,,,경기도 동두천시 상봉암동 8-7,37.94552847,127.0670441,20260219
도심재생 야간축제,보산동 한미우호광장,20251031,20251101,할로윈데이를 모티브로 한 젊은층 맞춤형 페스티벌,경기관광공사,경기도청+경기도 동두천시청,경기도 동두천시의회 등,031-860-2627,http://www.ddc.go.kr,,경기도 동두천시 상패로216번길 42,경기도 동두천시 보산동 429-4,37.91584622,127.0565068,20260219
2025 동두천무형문화대축제,동두천시 평생학습관,20251223,20251223,"동두천시 향토무형유산 제1호 동두천민요, 제2호 하봉암 도당굿, 제3호 이담 농악 공연 등",동두천민요보존회+하봉암도당굿보존회+이담농악보존회,동두천무형문화재연합회,경기도 동두천시청+경기도 동두천시의회+동두천노인지회,,http://www.ddc.go.kr,,경기도 동두천시 중앙로 110-18,경기도 동두천시 지행동 722-1,37.89101051,127.0532501,20260219
2026 과천공연예술축제,과천시민회관 옆 잔디마당,20260918,20260920,광장집중형 예술축제,과천문화재단,경기도 과천시청,농협은행㈜과천시지부 등,02-2009-9731,http://www.gcfest.or.kr,,경기도 과천시 통영로 5,경기도 과천시 중앙동 6-2,37.42819137,126.9891538,20260219
2026 헤이리 판 페스티벌,헤이리 예술마을,20261002,20261005,공연+전시+체험프로그램+직거래장터 등,(사)헤이리,(사)헤이리,경기도 파주시청,031-946-8551,https://www.heyri.net,,경기도 파주시 탄현면 헤이리마을길 70-21,경기도 파주시 탄현면 법흥리 1652-239,37.7881746279,126.6992403981,20260225
제18회 DMZ 국제다큐멘터리 영화제,임진각 평화누리 야외공연장,20260910,20260916,다큐멘터리 상영 및 시상 + 포럼 + 다큐강연 등,사단법인 DMZ국제다큐멘터리영화제,사단법인 DMZ국제다큐멘터리영화제,경기도+경기도 파주시청+문화체육관광부+영화진흥위원회,031-940-4723,https://dmzdocs.com,,경기도 파주시 문산읍 임진각로 177,경기도 파주시 문산읍 사목리 494-1,37.8895387556,126.7401858799,20260225
제3회 파주페어_북앤컬처,아시아출판문화정보센터 등 출판도시 일원,20261009,20261011,뮤지컬+연극+프린지공연+낭독공연+버스킹+동네책방+오픈하우스+전시 등,(재)출판도시문화재단,경기도 파주시청,,031-940-4721,https://pajufair.com,,경기도 파주시 회동길 145,경기도 파주시 문발동 524-3,37.7084811508,126.6867933238,20260225
2026년 파주포크페스티벌,임진각평화누리공원,20260905,20260905,파주의 대표 공연예술축제로 평화의 도시 파주에서 포크의 울림과 시대의 이야기를 전함,파주문화재단,경기도 파주시청,,031-950-8431,https://www.pajucf.or.kr/main/main.php,,경기도 파주시 문산읍 임진각로 148-40,경기도 파주시 문산읍 마정리 1175-1,37.8920434573,126.7447928585,20260225
2026년 제8회 운정호수공원 불꽃축제,운정호수공원,20261031,20261231,운정호수공원의 수변공간을 활용한 문화예술공연 불꽃쇼 및 빛조형물 전시 등,파주문화재단,경기도 파주시청,,031-950-8433,https://www.pajucf.or.kr/main/main.php,,경기도 파주시 경의로 1151,경기도 파주시 와동동 1412,37.7201079967,126.7601224029,20260225
제30회 파주장단콩축제,임진각광장,20261127,20261129,파주장단콩 전시 및 판매+농특산물 홍보 및 판매+각종 공연 및 체험행사 등,파주장단콩축제추진위원회,경기도 파주시청,,031-940-5281,,,경기도 파주시 문산읍 임진각로 177,경기도 파주시 문산읍 사목리 494-1,37.8895387556,126.7401858799,20260225
제19회 포천백운계곡 동장군 축제,백운계곡 일대,20231222,20240212,ICE BIG TREE 포토존+얼음조각작품 전시+튜브 눈썰매+송어얼음 낚시,백운계곡상인협동조합,경기도 포천시청,,,,,경기도 포천시 이동면 포화로 233,,38.0547745,127.383869,20250623
제20회 포천백운계곡 동장군 축제,백운계곡 일대,20241221,20250202,ICE BIG TREE 포토존+얼음조각작품 전시+튜브 눈썰매+송어얼음 낚시,백운계곡상인협동조합,경기도 포천시청,,,,,경기도 포천시 이동면 포화로 233,,38.0547745,127.383869,20250623
2025 포천 한탄강 가든페스타,한탄강 생태경관단지,20250503,20250615,Y출렁다리+계절 꽃 정원+ 전기자전거+반려견 놀이터 등,포천시농업재단,경기도 포천시청,Kwater,,,,경기도 포천시 관인면 창동로 832,경기도 포천시 관인면 중리 526-1번지,38.082926,127.208584,20250623
왕방산 국제MTB대회,왕방산 일원,20251019,20251019,생활체육 자전거 인구 저변 확대를 위한 국제MTB대회,동두천시자전거연맹,동두천시체육회,경기도 동두천시청+경기도 동두천시의회 등,031-860-2209,http://www.ddcsports.kr/main/index.php,,경기도 동두천시 어등로 45,경기도 동두천시 생연동 70,37.90083977,127.0704987,20260219
동두천시 자원봉사 축제,보산동 관광특구 한미우호의 광장,20251003,20251003,자원봉사자와 시민·청소년 모두가 하나되는 나눔의 장,(사)동두천시자원봉사센터,(사)동두천시자원봉사센터,경기도 동두천시의회 등,031-860-2089,http://www.ddc.go.kr,,경기도 동두천시 중앙로 125,경기도 동두천시 지행동 691-5,37.8927968,127.0517467,20260219
제37회 고양행주문화제,행주산성 행주산성역사공원,20250523,20250525,행주투석전 뮤지컬행주대첩 불꽃드론쇼 수상불꽃놀이 행주민속촌 왜적을잡아라미션게임 등,고양문화재단,경기도 고양시청,,031-960-9684,http://www.hjfestival.or.kr,,,경기도 고양시 덕양구 행주내동 산26-1,37.59610775,126.8287118,20250709
2025 고양호수예술축제,일산호수공원 일산문화광장,20250926,20250928,국내외 거리예술공연 및 시민참여프로그램,고양문화재단,경기도 고양시청,,031-960-9685,http://www.gylaf.kr,,경기도 고양시 일산동구 호수로 595,경기도 고양시 일산동구 장항동 906,37.65384593,126.7687814,20250709
의왕어린이철도축제,"왕송호수공원, 철도박물관 등",20250503,20250503,공연+전시+각종 체험프로그램 운영,경기도 의왕시청,경기도 의왕시청,,031-345-2548,https://www.uiwang.go.kr,,경기도 의왕시 왕송못동로 307,경기도 의왕시 월암동 543-3번지,37.30710763,126.9531458,20251106
의왕백운호수축제,백운호수공원 잔디광장,20250927,20250928,공연+개폐막식+시민참여 열린무대,경기도 의왕시청,경기도 의왕시청,,031-345-2548,https://www.uiwang.go.kr,,경기도 의왕시 학현로 199-8,,37.383079,127.008573,20251106
의왕왕송호수 겨울축제(날짜미정),왕송호수공원,20260109,20260125,눈썰매+겨울 체험 프로그램,경기도 의왕시청,경기도 의왕시청,,031-345-2548,https://www.uiwang.go.kr,,경기도 의왕시 왕송못동로 307,경기도 의왕시 월암동 543-3번지,37.30710763,126.9531458,20251106
오(oh)장미빛축제,고인돌공원,20250524,20250601,장미관광및공연,경기도 오산시청 문화예술과,경기도 오산시청 문화예술과,,031-8036-7608,https://www.osan.go.kr/main.do,장미및축제,경기도 오산시 수목원로 449,경기도 오산시 금암동 520번지,37.17234844,127.0489504,20251222
광명동굴빛축제,광명동굴 일원,20251024,20251025,드론쇼+공연+체험프로그램 등,광명도시공사,광명도시공사,"광명시, 광명시의회",02-2090-1413,,광명동굴,경기도 광명시 가학로85번길 134-21,경기도 광명시 가학동 산 7,37.4270371975,126.8654499658,20251217
제33회 오리문화제,광명시민체육관 등,20250509,20250510,오리이원익 영우참배+헌화식+시민 참여 이벤트+줄타기 공연 등 마당놀이+도전청렴골든벨+체험부스,광명문화원,광명시청,광명시의회,02-2618-5800,www.gmcc.or.kr/,광명문화원,경기도 광명시 철망산로 42,경기도 광명시 하안동 683번지,37.4674687,126.8732102,20251217
2025 페스티벌 광명,철산역 8차선도로,20251003,20251004,"GM 라이브(대중음악공연), 광명음악명예의전당어워즈, 2025 퍼레이드광명, 추억의 로라장, 레트로놀이존, 사회적경제존 등",광명시+광명문화재단,광명시청,광명시의회,02-2680-2162,https://festivalgm.or.kr/2025/,,경기도 광명시 철산로 13,경기도 광명시 철산동 526,37.4766078746,126.8690459955,20251217
안성맞춤 남사당 바우덕이축제,안성맞춤랜드+안성천 일대(작은미술관 부근),20251009,20251012,공식행사(개장식+개폐막식)+시립풍물단 상설공연+시민예술무대+바우덕이 국악콘서트+음악회+옛 장터 운영+농특산물 홍보판매 +체험프로그램+저탄소 프로그램+경관조명 운영 등+전야제(길놀이),안성맞춤남사당바우덕이축제위원회,경기도 안성시,문화체육관광부+경기도,031-678-5414,https://www.anseong.go.kr/festival/main.do,,경기도 안성시 보개면 남사당로 198,경기도 안성시 보개면 복평리 303-3번지,37.03286992,127.3078038,20250312
연천구석기축제,연천전곡리유적,20250502,20250505,선사문화체험+전시+이벤트,연천구석기축제추진위원회,경기도 연천군청,문화체육관광부+경기도+한국관광공사+경기관광공사,031-839-2378,https://www.yeoncheon.go.kr/festival/,,경기도 연천군 전곡읍 양연로 1510,경기도 연천군 전곡읍 전곡리 515,38.01564838,127.0614526,20251217
구름산예술제,시민체육관,20250920,20250921,예술 전시+부대행사,한국예술문화단체총연합회 광명지회,광명시청,광명시의회,02-2680-6229,,,경기도 광명시 철망산로 2,경기도 광명시 하안동 718-2,37.46676411,126.8699008,20251217
광명등문화축제,시민체육관,20250401,20250531,거리등 전시+점등식+체험부스+문화공연,광명전통문화연구회,광명시청,"광명시, 광명시의회",02-2680-0700,,등문화축제(시민운동장),경기도 광명시 오리로 703,경기도 광명시 하안동 577,37.46251993,126.8711626,20251217
제4회 양평부추축제,양동역 일원,20231007,20231008,을미의병 발상지인 양동에서 특산품 부추로 다양한 음식을 즐기며 의병출정식 등 다양한 경험을 할 수 있는 행사,양평부추축제추진위원회,경기도 양평군 양동면,,031-770-3253,https://buchoofestival.modoo.at/,,경기도 양평군 양동면 양동역길 19,경기도 양평군 양동면 쌍학리 223-2,37.42030404,127.7544833,20231205
제24회 양평단월고로쇠축제,단월레포츠공원,20230318,20230319,물맑은 양평의 청정지역에서만 나오는 소리산 고로쇠 수액으로 매년 3월에 개최되는 축제,양평단월고로쇠축제추진위원회,경기도 양평군 단월면,,031-770-3192,www.양평고로쇠축제.com,,경기도 양평군 단월면 보룡길 123,경기도 양평군 단월면 보룡리 441-6,37.5449768,127.670192,20231205
2026년 가을걷이 한마당,성남시민농원,20261031,20261031,전시마당+체험마당+놀이마당+먹거리마당 등,경기도 성남시 농업기술센터,경기도 성남시,,031-729-4032,,,경기도 성남시 중원구 여수대로 197,경기도 성남시 수정구 성남동 1949-8,37.425181,127.124866,20260209
화성송산포도축제,궁평항,20260905,20260906,"포도 체험, 직거래 장터",(재)화성푸드통합지원센터,경기도 화성시,,031-5189-6441,,,경기도 화성시 만세구 서신면 궁평항로 1049-24,경기도 화성시 만세구 서신면 궁평리 689번지,37.11602908,126.6812748,20260401
부천국제만화제,한국만화박물관 일원,20260918,20260920,작가와의 만남+BICOF 플레이그라운드+비밀상점+코스프레 글로벌 챔피언십 등,한국만화영상진흥원,한국만화영상진흥원,,032-310-3071,https://www.bicof.com,,경기도 부천시 원미구 길주로 1 (상동),경기도 부천시 원미구 상동 529-2,37.51294184,126.7487467,20260316
연천구석기축제,연천 전곡리 유적,20260502,20260505,전곡리안 의상실+전곡리안 서바이벌+구석기 올림픽+세계 구석기 체험 마당+구석기 펫스타+구석기 스플래쉬 어드벤처 등,연천구석기축제 추진위원회,경기도 연천군,한국수자원공사,1588-7890,https://www.yeoncheon.go.kr/festival/,,경기도 연천군 전곡읍 양연로 1510,경기도 연천군 전곡읍 전곡리 529,38.01564838,127.0614526,20260316
포은문화제,정몽주 묘역,20261010,20261011,천장행렬+경연대회+어린이 포은스쿨+체험부스+기념식+공연 등,용인문화원 포은문화제추진위원회,용인문화원,경기도 용인시청,031-6193-2097,http://www.ycc50.org/,,경기도 용인시 처인구 중부대로 1199,경기도 용인시 처인구 삼가동 556,37.24086733,127.1779684,20260226
안산국제거리극축제,안산문화광장 및 안산시 일대,20180505,20180507,공연+퍼포먼스+예술프로그램,경기도 안산시청,경기도 안산시청,문화체육관광부+경기관광공사+한국문화예술위원회+한국지역진흥재단,031-481-0531,https://www.ansanart.com/index.do,화랑유원지,경기도 안산시 단원구 광덕대로 157,경기도 안산시 단원구 고잔동 800,37.310742,126.829822,20260304
2017 안양 아줌마축제,평촌중앙공원,20170527,20170528,아줌마 축제 기념공연+ 여성동아리공연+ 미니올림픽+ 김장담그기대회+ 홍보체험부스 등,경인일보,(재)안양문화예술재단,경기도 안양시+ 안양시여성단체협의회,031-687-0500,http://www.ayac.or.kr,안양예술공원+ APAP+ 김중업박물관,경기도 안양시 동안구 관평로 149 (평촌동),경기도 안양시 동안구 평촌동 895,37.390137,126.961329,20260227
2019 안양여성축제,평촌중앙공원,20190518,20190519,기념공연+ 여성동아리공연+ 미니올림픽+ 김장담그기대회+ 홍보체험부스 등,경인일보,(재)안양문화예술재단,경기도 안양시+ 안양시여성단체협의회,031-687-0500,http://www.ayac.or.kr,안양예술공원+ APAP+ 김중업박물관,경기도 안양시 동안구 관평로 149 (평촌동),경기도 안양시 동안구 평촌동 895,37.390137,126.961329,20260227
안산국제거리극축제,안산문화광장 일대,20250503,20250505,공연+퍼포먼스+예술프로그램,안산문화재단,경기도 안산시청,경기도청,031-481-0536,https://www.ansanart.com/index.do,안산문화광장,경기도 안산시 단원구 광덕대로 157,경기도 안산시 단원구 고잔동 800,38.310742,126.829822,20260304
여르미오페스티벌,안산문화예술의전당 야외 광장 일대,20240810,20240810,물놀이프로그램+공연,안산문화재단,안산문화재단,,031-481-0536,https://www.ansanart.com/index.do,,경기도 안산시 단원구 화랑로 312,경기도 안산시 단원구 고잔동 817,37.318426,126.823108,20260304
제3회 상록수문화제,본오3동공영주차장+상록수공원 및 샘골로 일대,20150919,20150919,기념음악회+체험박람회+작품발표회+사생대회 등,경기도 안산시청,경기도 안산시청,경기도청+국가보훈처,031-481-3040,https://www.ansan.go.kr/choiyongshin,,경기도 안산시 상록구 샘골서길 64,경기도 안산시 상록구 본오동 879-4,37.299644,126.8627402,20260304
제7회 상록수문화제,최용신기념관+상록수공원,20191026,20191026,공연+전시+체험 등,경기도 안산시청,경기도 안산시청,국가보훈처,031-481-3040,https://www.ansan.go.kr/choiyongshin,,경기도 안산시 상록구 샘골서길 64,경기도 안산시 상록구 본오동 879-4,37.299644,126.8627402,20260304
2018 안양충훈벚꽃축제,안양충훈2교일대,20180407,20180415,축하공연+ 안양꽃길걷기대회+ 안양꽃길그리기+ 어린이벼룩시장+ 거리공연+ 체험부스 등,(재)안양문화예술재단,경기도 안양시+안양충훈벚꽃축제추진위원회,티브로드abc방송,031-687-0500,http://www.ayac.or.kr,안양예술공원+ APAP+ 김중업박물관,경기도 안양시 만안구 석수로 159,경기도 안양시 만안구 석수동 797,37.404615,126.896157,20260227
2019 안양충훈벚꽃축제,안양충훈2교일대,20190405,20190407,축하공연+ 안양꽃길걷기대회+ 안양꽃길그리기+ 어린이벼룩시장+ 거리공연+ 체험부스 등,(재)안양문화예술재단,경기도 안양시+안양충훈벚꽃축제추진위원회,티브로드abc방송,031-687-0500,http://www.ayac.or.kr,안양예술공원+ APAP+ 김중업박물관,경기도 안양시 만안구 석수로 159,경기도 안양시 만안구 석수동 797,37.404615,126.896157,20260227
안산 벚꽃놀이터,화랑유원지 화랑호수 주변,20250412,20250413,버스킹+체험+홍보부스 등,경기도 안산시청,경기도 안산시청,,031-369-1661,,,경기도 안산시 단원구 동산로 270,경기도 안산시 단원구 초지동 667,37.32614479,126.8145292,20260304
천사데이기념행사,보산동 관광특구 한미우호의 광장,20251003,20251003,천사운동 본부에서 주관하는 천사데이기념 마라톤대회,(사)희망지킴이 천사운동본부,(사)희망지킴이 천사운동본부,경기도청+경기도 동두천시청+경기도 동두천시의회+한국수자원공사 동두천수도서비스관리단,031-861-1004,http://www.hope1004.org,,경기도 동두천시 어등로 45,경기도 동두천시 생연동 70,37.90083977,127.0704987,20260219
제27회 포천 산정호수 명성산 억새꽃 축제,산정호수+명성산 일대,20241011,20241027,작은버스킹+1년 후에 받는 편지 등,포천시문화관광재단,경기도 포천시청,경기도+경기관광공사,,,,경기도 포천시 영북면 산정호수로411번길 89,경기도 포천시 영북면 산정리 191-1번지,38.0688661,127.3221101,20250623
동두천 청소년 별자리과학 축제,종합운동장,20251024,20251025,경기북부지역 청소년들의 과학과 수학에 대한 자신감과 흥미유발,(사)어수회,경기도청+경기도 동두천시청,경기도 동두천시의회+경기문화재단+동두천양주교육지원청 등,031-860-2857,http://www.ddc.go.kr,,경기도 동두천시 어등로 45,경기도 동두천시 생연동 70,37.90083977,127.0704987,20260219
제22회 자라섬 재즈페스티벌,자라섬+잣고을 광장+흥농종묘 앞 삼거리+음악역1939 뮤직홀,20251017,20251019,재즈스트릿+파티 스테이지+재즈 스테이션+페스티벌 스테이지+미리보는 재즈페스티벌,(사)문화현상,경기도 가평군청,,031-581-2815,https://jarasumjazz.com/,,경기도 가평군 가평읍 자라섬로 60,경기도 가평군 가평읍 대곡리 27-14번지,37.82086732,127.5210555,20250507
제13회 양평 용문산 산나물축제,용문역 앞,20230505,20230507,산나물의 맛과 향기를 느낄수 있는 즐거운 체험+공연이 펼쳐지는 다채로운 축제,용문면산나물축제추진위원회,경기도 양평군 용문면,,031-770-3332,https://sannamulfestival.modoo.at/,,경기도 양평군 용문면 용문역길 21,경기도 양평군 용문면 다문리 736-13,37.48245012,127.5945009,20231205
