sigun_nm,faclt_nm,telno,dat_crtr_ymd,refine_road_nm_addr,refine_lotno_addr,refine_zipno,refine_wgs84_lat,refine_wgs84_logt
양주시,조명박물관,070-7780-8911,20210305,경기도 양주시 광적면 광적로 235-48,경기도 양주시 광적면 석우리 633번지,11414,37.8361021,126.9675239
안성시,이경순소리박물관,031-670-6500,20210305,경기도 안성시 삼죽면 동아예대길 47 동아방송예술대학교 디마종합촬영소내,경기도 안성시 삼죽면 진촌리 632-18번지 동아방송예술대학교 디마종합촬영소내,17516,37.0623757,127.3532789
안성시,안성맞춤박물관,031-676-4352,20210305,경기도 안성시 대덕면 서동대로 4726-15,경기도 안성시 대덕면 내리 399-5번지,17546,37.0113686,127.2283474
안성시,안성포도박물관,031-675-6675,20210305,경기도 안성시 서운면 방아동길 68,,17607,,
성남시,한생연 마이크로과학박물관,031-711-0154,20210305,경기도 성남시 분당구 성남대로 381 폴라리스Ⅰ빌딩 4층,경기도 성남시 분당구 정자동 15-3번지 폴라리스Ⅰ빌딩 4층,13555,37.3702777,127.1075125
부천시,부천수석박물관,032-655-2900,20210305,경기도 부천시 원미구 소사로 482,경기도 부천시 원미구 춘의동 8번지,14655,37.5008512,126.7982775
부천시,유럽자기박물관,032-661-0238,20210305,경기도 부천시 원미구 소사로 482,경기도 부천시 원미구 춘의동 8번지,14655,37.5008512,126.7982775
부천시,부천활박물관,032-614-2678,20210305,경기도 부천시 원미구 소사로 482,경기도 부천시 원미구 춘의동 8번지,14655,37.5008512,126.7982775
남양주시,왈츠와닥터만커피박물관,031-576-6051,20210305,경기도 남양주시 북한강로 856-37,경기도 남양주시 조안면 삼봉리 272-6번지,12278,37.5919694,127.3384601
남양주시,우석헌자연사박물관,031-572-9555,20210305,경기도 남양주시 진접읍 금강로 1095,경기도 남양주시 진접읍 내각리 589번지,12074,37.6980229,127.1608295
남양주시,아라크노피아,031-576-7908,20210305,경기도 남양주시 조안면 운길산로 316,경기도 남양주시 조안면 진중리 527번지,12281,37.5671283,127.2824618
김포시,다도박물관,031-998-1000,20210305,경기도 김포시 월곶면 애기봉로275번길 187-49,경기도 김포시 월곶면 개곡리 832번지,10003,37.7375369,126.574444
김포시,덕포진교육박물관,031-989-8580,20210305,경기도 김포시 대곶면 덕포진로103번길 90,경기도 김포시 대곶면 신안리 232-1번지,10041,37.6506537,126.5387271
군포시,물테마박물관,031-390-3294,20210305,경기도 군포시 수리산로 151,경기도 군포시 산본동 485-1번지,15819,37.3626067,126.9177361
광주시,풀짚공예박물관,031-717-4538,20210305,경기도 광주시 오프읍 문형산길 76,경기도 광주시 신현동 331-5번지,12820,37.3641991,127.1650933
광주시,닻미술관,031-798-2581,20210305,경기도 광주시 초월읍 진새골길 184,경기도 광주시 초월읍 대쌍령리 447-32번지,12735,37.3803432,127.2711197
광주시,분원백자관,031-766-8465,20210305,경기도 광주시 남종면 산수로 1642-1,경기도 광주시 남종면 분원리 116번지,12708,37.4962551,127.3034494
광명시,충현박물관,02-898-0505,20210305,경기도 광명시 오리로 347번길 5-5,경기도 광명시 소하동 1085-16번지,14333,37.4333375,126.8783815
광명시,나비야놀자박물관,02-2614-3338,20210305,경기도 광명시 장절로 56-16,경기도 광명시 노온사동 908번지,14334,37.4272868,126.8527073
과천시,아해박물관,02-3418-5501,20210305,경기도 과천시 추사로 133,경기도 과천시 주암동 97-2번지,13820,37.4576264,127.0299991
과천시,한국카메라박물관,02-502-4123,20210305,경기도 과천시 대공원광장로 8,경기도 과천시 막계동 330번지,13829,37.435056,127.0056567
과천시,렛츠런파크서울말박물관,02-509-1287,20210305,경기도 과천시 경마공원대로 107,경기도 과천시 주암동 685번지,13822,37.4459244,127.0116448
가평군,가평현암농경유물박물관,031-581-0612,20210305,경기도 가평군 북면 석장모루길 13,경기도 가평군 북면 이곡리 13-45번지,12407,37.8793061,127.5481231
용인시,경기도어린이박물관,031-270-8600,20210305,경기도 용인시 기흥구 상갈로 6,경기도 용인시 기흥구 상갈동 496번지,17072,37.2667987,127.1076441
용인시,삼성화재교통박물관,031-320-9900,20210305,경기도 용인시 처인구 포곡읍 에버랜드로 376번길 171,경기도 용인시 처인구 포곡읍 유운리 432번지,17022,37.300372,127.2169533
용인시,예아리박물관,031-323-7277,20210305,경기도 용인시 처인구 백암면 원설로270번길 25,경기도 용인시 처인구 백암면 근삼리 389-1번지,17181,37.1413267,127.3642625
수원시,잠사과학박물관,031-290-8540,20210305,경기도 수원시 권선구 서호로 54,경기도 수원시 권선구 서둔동 61-2번지,16613,37.2638428,126.9875265
수원시,수원박물관,031-228-4150,20210305,경기도 수원시 영통구 창룡대로 265,경기도 수원시 영통구 이의동 1088-10번지,16227,37.2976452,127.0356337
수원시,지도박물관,031-210-2667,20210305,경기도 수원시 영통구 월드컵길 92,경기도 수원시 영통구 원천동 111번지,16517,37.2760257,127.0557092
파주시,아고라(정치박물관),031-957-5051,20210305,경기도 파주시 탄현면 헤이리마을길 76-47,경기도 파주시 탄현면 법흥리 1652-500번지,10859,37.7880539,126.7012164
파주시,파주교육박물관,031-954-2353,20210305,경기도 파주시 파주읍 우계로53번길 15,경기도 파주시 파주읍 파주리 501번지,10835,37.8321467,126.8159585
용인시,경기도박물관,031-288-5300,20210305,경기도 용인시 기흥구 상갈로 6,경기도 용인시 기흥구 상갈동 496번지,17072,37.2667987,127.1076441
파주시,두루뫼박물관,031-958-6101,20210305,경기도 파주시 법원읍 초리골길 278 두루뫼박물관,경기도 파주시 법원읍 법원리 139-5번지 두루뫼박물관,10826,37.8568026,126.896043
용인시,전통민속관,031-288-0000,20210305,경기도 용인시 기흥구 민속촌로 90,경기도 용인시 기흥구 보라동 35번지,17075,37.2565731,127.1175081
용인시,한국등잔박물관,031-334-0797,20210305,경기도 용인시 처인구 모현면 능곡로 56번길 8,경기도 용인시 처인구 모현읍 능원리 258-9번지,16886,37.3365891,127.1778595
파주시,재미있는 추억박물관,031-943-2552,20210305,경기도 파주시 탄현면 헤이리마을길 93-148,경기도 파주시 탄현면 법흥리 1652-60번지,10859,37.7908993,126.6981533
파주시,헤이리마을 어린이토이박물관,031-945-8378,20210305,경기도 파주시 탄현면 헤이리마을길 93-127,경기도 파주시 탄현면 법흥리 1652-75번지,10859,37.7915363,126.699055
파주시,한국근현대사박물관,031-957-1125,20210305,경기도 파주시 헤이리마을길 59-85,경기도 파주시 탄현면 법흥리 1652-10번지,10859,37.79087,126.695178
파주시,화폐박물관,031-949-6592,20210305,경기도 파주시 탄현면 헤이리마을길 93-89,경기도 파주시 탄현면 법흥리 1652-53번지,10859,37.7908034,126.6973139
부천시,만화박물관,032-310-3090,20210305,경기도 부천시 원미구 길주로 1,경기도 부천시 원미구 상동 529-2번지,14505,37.5086718,126.7437361
과천시,추사박물관,02-2150-3650,20210305,경기도 과천시 추사로 78,경기도 과천시 주암동 184-2번지,13820,37.4526368,127.0287188
용인시,명지대학교자연캠퍼스박물관,031-330-6074,20210305,경기도 용인시 처인구 명지로 116,경기도 용인시 처인구 남동 555번지,17058,37.2237848,127.1832432
용인시,단국대학교 석주선기념박물관,031-8005-2389,20210305,경기도 용인시 수지구 죽전로 152,경기도 용인시 수지구 죽전동 1491번지,16890,37.3188404,127.1314134
이천시,한국기독교역사박물관,031-632-1391,20210305,경기도 이천시 대월면 대평로214번길 10-13,경기도 이천시 대월면 초지리 474-2번지,17343,37.2228112,127.499256
광주시,얼굴박물관,031-765-3522,20210305,경기도 광주시 남종면 분원길 3-6,경기도 광주시 남종면 분원리 68번지,12708,37.4939543,127.3020526
남양주시,남양주시립박물관,031-590-8600,20210305,경기도 남양주시 와부읍 팔당로 121,경기도 남양주시 와부읍 팔당리 237-3번지,12277,37.5463749,127.2443835
부천시,부천교육박물관,032-661-1282,20210305,경기도 부천시 원미구 소사로 482,경기도 부천시 원미구 춘의동 8번지,14655,37.5008512,126.7982775
부천시,부천물박물관,032-625-3399,20210305,경기도 부천시 오정구 길주로 691 까치울정수장 관리본관 1층,경기도 부천시 오정구 작동 산60-8번지 까치울정수장 관리본관 1층,14477,37.5074212,126.8194146
파주시,헤이리예술마을,031-946-8551,20210305,경기도 파주시 탄현면 헤이리마을 59-78,경기도 파주시 탄현면 헤이리마을 59-78,,,
파주시,인스퀘어(라임트리),031-957-0896,20210305,경기도 파주시 탄현면 헤이리마을길 21-6,경기도 파주시 탄현면 법흥리 1652-277번지,10859,37.7880945,126.6965709
포천시,전통술박물관 산사원,031-531-9300,20210305,경기도 포천시 화현면 화동로432번길 25,경기도 포천시 화현면 화현리 511번지,11123,37.9059943,127.3099064
포천시,한과문화박물관 한가원,031-533-8121,20210305,경기도 포천시 영북면 산정호수로322번길 26-9,경기도 포천시 영북면 산정리 520번지,11103,38.0683427,127.3037184
안성시,해닮,010-4245-3861,20210305,경기도 안성시 금광면 배티로 781,경기도 안성시 금광면 개산리 204-10번지,17536,36.9817544,127.3054661
구리시,고구려대장간마을,031-557-1010,20210305,경기도 구리시 우미내길 41,경기도 구리시 아천동 316-47번지,11958,37.5608108,127.1109423
용인시,한택식물원,031-333-3558,20210305,경기도 용인시 처인구 백암면 한택로 2,경기도 용인시 처인구 백암면 옥산리 365번지,17183,37.0944757,127.4068596
용인시,용인 대장금 파크,031-337-3241,20210305,경기도 용인시 처인구 드라마길 25,,,,
수원시,kbs수원센터,031-219-8081,20210305,경기도 수원시 팔달구 인계로 123,경기도 수원시 팔달구 인계동 468번지,16487,37.2679514,127.0305715
가평군,쁘띠프랑스,031-584-8200,20210305,경기도 가평군 청평면 호반로 1063,경기도 가평군 청평면 고성리 616-2번지,12456,37.7141033,127.4896638
포천시,아프리카문화원,031-543-3600,20210305,경기도 포천시 소홀읍 광릉수목원로 967,경기도 포천시 소흘읍 무림리 41번지,11187,37.7752748,127.1393221
파주시,프로방스,031-946-6353,20210305,경기도 파주시 탄현면 새오리로 79-24,경기도 파주시 탄현면 성동리 80-10번지,10858,37.7912878,126.68385
파주시,세계민속악기박물관,031-946-9838,20210305,경기도 파주시 탄현면 헤이리마을길63-26,경기도 파주시 탄현면 법흥리 1652-213번지,10859,37.7895105,126.6993722
남양주시,몽골문화촌,031-559-8018,20210305,경기도 남양주시 수동면 비룡로 1635,경기도 남양주시 수동면 내방리 254번지,12024,37.7577128,127.2755929
파주시,피노지움,031-8035-6773,20210305,경기도 파주시 회동길 152,경기도 파주시 문발동 513-15번지,10881,37.7089071,126.6875679
평택시,지영희국악관,031-8024-8689,20210305,경기도 평택시 현덕면 평택호길 147 한국소리터어울림동 1층,경기도 평택시 현덕면 권관리 301-1번지 한국소리터어울림동 1층,17972,36.9211325,126.9208602
파주시,한림토이뮤지엄,031-957-8470,20210305,경기도 파주시 탄현면 헤이리마을길 25,경기도 파주시 탄현면 법흥리 1652-275번지,10859,37.7879879,126.6967992
화성시,경기도농업기술원,031-229-5900,20210305,경기도 화성시 병점중앙로 283-33,경기도 화성시 병점구 기산동 274번지,18388,37.2230139,127.0436776
파주시,농경유물전시관,031-940-4802,20210305,경기도 파주시 월롱면 통일로 600 파주농업기술센터,경기도 파주시 아동동 91-6번지 파주농업기술센터,10944,37.7639689,126.7955492
파주시,활판공방,031-955-0084,20210305,경기도 파주시 문발로 203,경기도 파주시 문발동 509-3번지,10881,37.7126225,126.6865517
파주시,아시아출판문화정보센터,031-955-0050,20210305,경기도 파주시 회동길 145,경기도 파주시 문발동 524-3번지,10881,37.7084961,126.6867783
파주시,엘비스프레스리기념관,031-948-3385,20210305,경기도 파주시 광탄면 보광로920번길 30,경기도 파주시 광탄면 마장리 129-2번지,10952,37.7772342,126.8836321
여주시,명성황후기념관,031-881-9731,20210305,경기도 여주시 명성로 71,경기도 여주시 능현동 250-3번지,12653,37.2596759,127.6554257
양평군,한강물환경생태관,031-770-7290,20210305,경기도 양평군 양서면 두물머리길68번길 42,경기도 양평군 양서면 양수리 819번지,12585,37.5404377,127.3132268
양주시,가나아트파크,031-877-0500,20210305,경기도 양주시 장흥면 권율로 117,경기도 양주시 장흥면 일영리 6-7번지,11520,37.7256376,126.9499667
안성시,안성마춤유기공방,031-675-2590,20210305,경기도 안성시 중앙로 448,경기도 안성시 봉남동 7-3번지,17591,37.0060063,127.2764955
안성시,조병화문학관,031-674-0307,20210305,경기도 안성시 양성면 난실길 14-1,경기도 안성시 양성면 난실리 337번지,17501,37.1120788,127.2216288
안성시,3·1운동기념관,031-678-2475,20210305,경기도 안성시 원곡면 만세로 868,경기도 안성시 원곡면 칠곡리 2-18번지,17555,37.0627792,127.1752865
안산시,성호기념관,031-481-2574,20210305,경기도 안산시 상록구 성호로 131,경기도 안산시 상록구 부곡동 709번지,15316,37.3150945,126.8595842
안산시,유리섬,032-885-6262,20210305,경기도 안산시 단원구 부흥로 254,경기도 안산시 단원구 대부남동 3-13번지,15650,37.2197885,126.6023925
안산시,누에섬등대전망대,010-3038-2331,20210305,경기도 안산시 단원구 대부황금로 17-156,경기도 안산시 단원구 선감동 산170번지,15652,37.1866361,126.6314801
성남시,새마을운동중앙연수원새마을역사관,031-780-7827,20210305,경기도 성남시 분당구 새마을로 257,경기도 성남시 분당구 율동 200번지,13575,37.3884295,127.1560951
성남시,코리아디자인센터,031-780-2246,20210305,경기도 성남시 분당구 양현로 322 코리아디자인센터,경기도 성남시 분당구 야탑동 344-1번지 코리아디자인센터,13496,37.4131083,127.1232565
부천시,펄벅기념관,032-668-7565,20210305,경기도 부천시 소사구 성주로214번길 61,경기도 부천시 소사구 심곡본동 566-9번지,14749,37.4755589,126.7817081
남양주시,김교각기념관,031-577-6433,20210305,경기도 남양주시 와부읍 석실로율석안길 167 백천사,경기도 남양주시 와부읍 율석리 369번지 백천사,12201,37.6251331,127.2313538
김포시,덕포진전시관,031-989-9794,20210305,경기도 김포시 대곶면 덕포진로103번길 130,경기도 김포시 대곶면 신안리 산99번지,10041,37.6497625,126.5366528
광주시,물환경전시관,031-8008-6937,20210305,경기도 광주시 남종면 산수로 1692,경기도 광주시 남종면 분원리 250-3번지,12708,37.4995894,127.3030107
광주시,만해기념관,031-744-3100,20210305,경기도 광주시 중부면 남한산성로792번길 24-7,경기도 광주시 남한산성면 산성리 912-1번지,12700,37.4773022,127.1808417
광명시,오리이원익기념관,02-2680-6307,20210305,경기도 광명시 오리로 287,경기도 광명시 소하동 1055-3번지,14333,37.4285174,126.880501
고양시,고양화장실전시관,031-8075-4358,20210305,경기도 고양시 일산동구 호수로 595,경기도 고양시 일산동구 장항동 906번지,10400,37.6549538,126.7687601
용인시,한국기독교순교자기념관,031-336-2825,20210305,경기도 용인시 처인구 양지면 추계로 235,경기도 용인시 처인구 양지읍 추계리 산84-1번지,17156,37.2579367,127.3025817
수원시,수원화성홍보관,031-290-3600,20210305,경기도 수원시 팔달구 행궁로 11,경기도 수원시 팔달구 남창동 14번지,16261,37.2809593,127.0151267
수원시,애기똥풀인형극장,070-8222-8373,20210305,경기도 수원시 팔달구 신풍로 47,경기도 수원시 팔달구 신풍동 32-1번지,16251,37.2852998,127.0140836
수원시,아담스기념관,031-228-2476,20210305,경기도 수원시 팔달구 매향동 110번지,경기도 수원시 팔달구 매향동 110번지,16254,,
광주시,일본군 위안부 역사관,031-768-0064,20210305,경기도 광주시 퇴촌면 가새골길 85,경기도 광주시 퇴촌면 원당리 62-2번지,12715,37.4428513,127.3220161
파주시,20세기소년소녀관,031-957-0636,20210305,경기도 파주시 탄현면 헤이리마을길 59-118,경기도 파주시 탄현면 법흥리 1652번지,10859,37.7922982,126.6957872
파주시,파주장단콩전시관,031-940-4516,20210305,경기도 파주시 문산읍 임진각로 148-73,경기도 파주시 문산읍 마정리 1360-44번지,10808,37.8914474,126.7402694
평택시,평택항홍보관,031-682-5663,20210305,경기도 평택시 포승읍 평택항로 98,경기도 평택시 포승읍 만호리 589번지,17960,36.970034,126.8475563
파주시,월당전시관,031-945-9199,20210305,경기도 파주시 문산읍 반구정로 36-13,경기도 파주시 문산읍 사목리 169번지,10818,37.867185,126.7586979
고양시,행주대첩기념관,031-974-7237,20210305,경기도 고양시 덕양구 행주내동 산12,경기도 고양시 덕양구 행주내동 산12,,,
수원시,어린이생태미술체험관풀잎,031-269-3647,20210305,경기도 수원시 장안구 경수대로 1274 효행공원 내,경기도 수원시 장안구 파장동 39-35번지 효행공원 내,16201,37.3245962,126.9874754
안산시,최용신기념관,031-481-3040,20210305,경기도 안산시 상록구 샘골서길 64번지,경기도 안산시 상록구 본오동 879-4번지,15539,37.2996169,126.862762
남양주시,어린이비전센터,031-560-1562,20210305,경기도 남양주시 진접읍 해밀예당1로 96,경기도 남양주시 진접읍 금곡리 1077번지,12057,37.717097,127.1910487
의왕시,경기의왕 레일바이크,070-7178-4393,20210305,경기도 의왕시 왕송못동로 209(월암동),경기도 의왕시 월암동 525-10번지,16107,37.3108723,126.9502605
의왕시,빨강장화,010-8488-4123,20210305,경기도 의왕시 내손순환로 129 상가1호,경기도 의왕시 내손동 674-5번지 1호,16028,37.3858503,126.9845736
수원시,경기상상캠퍼스,031-296-1980,20210305,경기도 수원시 권선구 서둔로 166,경기도 수원시 권선구 서둔동 103-25번지,16614,37.2667795,126.9850141
양평군,황순원문학촌소나기마을,031-773-2299,20210305,경기도 양평군 서종면 소나기마을길 24,경기도 양평군 서종면 수능리 산74번지,12504,37.594883,127.3778859
성남시,성남고령친화종합체험관,031-1644-0891,20210305,경기도 성남시 분당구 야탑로205번길 26,경기도 성남시 분당구 야탑동 221번지,13503,37.4106906,127.1429531
고양시,고양어린이박물관,031-839-0300,20210305,경기도 고양시 덕양구 화중로 26길,,,,
가평군,인터랙티브아트뮤지엄,070-8899-4251,20210305,경기도 가평군 가평읍 호반로 1655,경기도 가평군 가평읍 복장리 140번지,12430,37.7434777,127.5106353
김포시,나인블럭아트스페이스,031-1833-3831,20210305,경기도 김포시 운양동 1078-2,경기도 김포시 운양동 1078-2,10072,37.6568171,126.6690218
동두천시,디자인아트빌리지,,20210305,경기도 동두천시 평화로 2539 보산역 일대,경기도 동두천시 보산동 422번지 보산역일대,11311,37.9143281,127.0572448
수원시,경기도문화의전당,031-230-3200,20210305,경기도 수원시 팔달구 효원로 307번길 20,경기도 수원시 팔달구 인계동 1117번지,16488,37.2614188,127.0380891
포천시,포천반월아트홀,031-540-6213,20210305,경기도 포천시 군내면 청성로 111,경기도 포천시 군내면 하성북리 610번지,11151,37.8961166,127.2124468
파주시,UV하우스(오래된정원),031-944-1194,20210305,경기도 파주시 탄현면 헤이리마을길 29,경기도 파주시 탄현면 법흥리 1652-263번지,10859,37.7874767,126.6971795
파주시,자유로자동차극장,080-945-0609,20210305,경기도 파주시 탄현면 필승로 432,경기도 파주시 탄현면 성동리 646번지,10862,37.7798672,126.6849977
의정부시,의정부예술의전당,031-828-5841,20210305,경기도 의정부시 의정로 1,경기도 의정부시 의정부동 323번지,11622,37.733454,127.0340829
의정부시,의정부야외공연장,031-828-2114,20210305,경기도 의정부시 시민로 1,경기도 의정부시 의정부동 326-2번지,11622,37.7386655,127.0345497
연천군,연천수레울아트홀,031-834-3770,20210305,경기도 연천군 연천읍 문화로 150,경기도 연천군 연천읍 옥산리 320번지,11012,38.1071319,127.0797747
양주시,양주별산대놀이마당,031-840-9986,20210305,경기도 양주시 부흥로1399번길 47,경기도 양주시 유양동 262번지,11498,37.7862072,127.0315714
안성시,무비마운틴,031-655-4895,20210305,경기도 안성시 원곡면 천덕산로 828-6,경기도 안성시 원곡면 성은리 449-1번지,17554,37.0663649,127.1680496
안산시,안산문화예술의전당,031-481-4000,20210305,경기도 안산시 단원구 화랑로 312,경기도 안산시 단원구 고잔동 817번지,15355,37.3184603,126.8230002
성남시,성남시 야외공연장,031-711-7762,20210305,경기도 성남시 분당구 성남대로 550 (수내동),경기도 성남시 분당구 수내동 65번지,13598,37.3803005,127.1211729
성남시,성남시민회관,031-735-1960,20210305,경기도 성남시 수정구 수정로171번길 10,경기도 성남시 수정구 태평동 3309번지,13290,37.4448498,127.1390489
성남시,성남아트센터,031-783-8000,20210305,경기도 성남시 분당구 성남대로 808 성남아트센터,경기도 성남시 분당구 야탑동 757번지 성남아트센터,13514,37.4024596,127.1307557
부천시,부천시민회관,032-320-6481,20210305,경기도 부천시 부일로 365,경기도 부천시 원미구 중동 788번지,14613,37.4886329,126.7706559
부천시,오정아트홀,032-320-6481,20210305,경기도 부천시 오정구 성오로 172,경기도 부천시 오정구 오정동 129번지,14434,37.5277281,126.7965432
남양주시,두물워크샵,031-592-3336,20210305,경기도 남양주시 화도읍 북한강로1112번길 19,경기도 남양주시 화도읍 금남리 723번지,12194,37.6137248,127.3427753
고양시,고양아람누리,031-1577-7766,20210305,경기도 고양시 일산동구 중앙로 1286,경기도 고양시 일산동구 마두동 816번지,10409,37.6613085,126.7731874
고양시,고양어울림누리,031-1577-7766,20210305,경기도 고양시 덕양구 어울림로 33 (성사동),경기도 고양시 덕양구 성사동 826번지,10471,37.6503465,126.8355292
안양시,평촌아트홀,031-687-0555,20210305,경기도 안양시 동안구 평촌대로 76,경기도 안양시 동안구 호계동 1112번지,14105,37.3799811,126.9640224
용인시,여성회관,031-324-8984,20210305,경기도 용인시 수지구 문정로7번길 15 여성회관,경기도 용인시 수지구 풍덕천동 1086번지 여성회관,16841,37.3205436,127.0954126
용인시,경기도문화의전당 국악당,031-289-6400,20210305,경기도 용인시 기흥구 민속촌로 89 경기도국악당,경기도 용인시 기흥구 보라동 312번지 경기도국악당,17075,37.2595535,127.1137602
수원시,수원시민회관,031-244-2162,20210305,경기도 수원시 팔달구 팔달산로 28,경기도 수원시 팔달구 매산로3가 산3번지,16444,37.2735973,127.0113164
수원시,수원제1야외음악당,031-236-5740,20210305,경기도 수원시 팔달구 동수원로 335,경기도 수원시 팔달구 인계동 1128번지,16491,37.2591224,127.0363439
부천시,복사골문화센터아트홀,032-320-6481,20210305,경기도 부천시 원미구 한아름마을로 17 복사골문화센터,경기도 부천시 원미구 상동 한아름마을로 17 복사골문화센터,14596,37.4946603,126.754364
화성시,화성 종합경기타운,031-371-0011,20210305,경기도 화성시 향남읍 향남로 470,경기도 화성시 만세구 향남읍 도이리 668번지,18588,37.137472,126.9240117
파주시,교하청소년문화의집,031-957-1115,20210305,경기도 파주시 책향기로 396,경기도 파주시 동패동 1691번지,10885,37.7239585,126.7154424
파주시,축구국가대표팀 트레이닝센터,031-957-0555,20210305,경기도 파주시 탄현면 필승로 368,경기도 파주시 탄현면 성동리 685번지,10862,37.7756147,126.685226
파주시,경기영어마을파주캠프(레일바이크),031-1588-0554,20210305,경기도 파주시 탄현면 얼음실로 40,경기도 파주시 탄현면 법흥리 1779번지,10859,37.7852855,126.7010077
이천시,이천아트홀,031-644-2100,20210305,경기도 이천시 부악로 40,경기도 이천시 중리동 490번지,17379,37.271559,127.434197
의왕시,성 라자로 마을,031-452-5655,20210305,경기도 의왕시 원골로 66,경기도 의왕시 오전동 87-1번지,16048,37.3628922,126.9722974
오산시,오산종합운동장,031-371-1756,20210305,경기도 오산시 경기도동로 33,,,,
여주시,여주종합운동장,031-887-2791,20210305,경기도 여주시 영릉로 123,경기도 여주시 월송동 1번지,12625,37.2930389,127.6228994
여주시,지미당,031-884-6036,20210305,경기도 여주시 하거1길 6,경기도 여주시 하거동 188-1번지,12658,37.2314714,127.6406562
여주시,삼합리,,20210305,경기도 여주군 점동면,경기도 여주시 점동면,,,
고양시,킨텍스,031-810-8114,20210305,경기도 고양시 일산서구 한류월드로 408,,,,
수원시,수원월드컵경기장,031-202-2002,20210305,경기도 수원시 팔달구 월드컵로 310,경기도 수원시 팔달구 우만동 228번지,16230,37.2886121,127.0399537
수원시,수원농수산물유통센터,031-299-9001,20210305,경기도 수원시 권선구 서부로 1937 농협하나로클럽,경기도 수원시 권선구 구운동 218-1번지 농협하나로클럽,16404,37.2830135,126.9666963
하남시,하남문화예술회관,031-790-7979,20210305,경기도 하남시 신평로 125 (덕풍동),경기도 하남시 덕풍동 694번지,12934,37.5447463,127.2068173
포천시,포천문화원,031-532-5015,20210305,경기도 포천시 중앙로 34번길 8,경기도 포천시 신읍동 397-2번지,11149,37.890466,127.1982753
평택시,평택남부문예회관,031-8024-5411,20210305,경기도 평택시 중앙로 277,경기도 평택시 비전동 847번지,17901,36.9911212,127.1140767
평택시,북부문화예술회관,031-8024-7391,20210305,경기도 평택시 경기도대로 1366,경기도 평택시 서정동 800번지,17730,37.0672231,127.0654116
평택시,평택호예술관,031-8024-8687,20210305,경기도 평택시 현덕면 평택호길 159 평택관광단지 내,경기도 평택시 현덕면 권관리 321번지 평택관광단지 내,17972,36.9214457,126.9222275
파주시,파주문화원,031-941-2425,20210305,경기도 파주시 와석순환로 415 운정행복센터,경기도 파주시 와동동 1358번지 운정행복센터,10894,37.7240923,126.7512642
파주시,파주시민회관,031-950-1854,20210305,경기도 파주시 시민회관길 33,경기도 파주시 금촌동 927번지,10932,37.7592016,126.7807224
파주시,예맥아트홀,031-943-9435,20210305,경기도 파주시 탄현면 법흥리 1652-506,경기도 파주시 탄현면 법흥리 1652-506,10859,37.7883218,126.7021788
이천시,이천문화원,031-635-2316,20210305,경기도 이천시 향교로 142,경기도 이천시 창전동 산7-36번지 세영아파트,17362,37.2837007,127.4527889
의정부시,의정부청소년회관,031-871-0783,20210305,경기도 의정부시 의정로 27,경기도 의정부시 의정부동 352번지,11622,37.7348251,127.0343581
의정부시,의정부문화원,031-872-5678,20210305,경기도 의정부시 산단로 123,경기도 의정부시 신곡동 793번지,11780,37.7464052,127.079405
의왕시,의왕문화원,031-456-4994,20210305,경기도 의왕시 백운로 23,경기도 의왕시 오전동 413-1번지,16065,37.3521649,126.9822974
의왕시,중앙도서관(의왕시립도서관),031-345-3642,20210305,경기도 의왕시 골우물길 49 의왕시 중앙도서관,경기도 의왕시 고천동 159번지 의왕시중앙도서관,16075,37.3422472,126.9695178
오산시,오산시민회관,031-378-4351,20210305,경기도 오산시 오산천로 275,,,,
오산시,오산문화예술회관,031-379-9999,20210305,경기도 오산시 경기도동로 41,,,,
오산시,오산문화원,031-375-7755,20210305,경기도 오산시 오산동 강변로 365,경기도 오산시 오산동 강변로 365,,,
연천군,연천문화원,031-834-2350,20210305,경기도 연천군 연천읍 문화로 143,경기도 연천군 연천읍 현가리 71-1번지,11013,38.1063165,127.0786045
여주시,여주문화원,031-883-3450,20210305,경기도 여주시 신륵사길 6-6,경기도 여주시 천송동 553번지,12636,37.3001347,127.6523382
여주시,여주박물관,031-887-3581,20210305,경기도 여주시 신륵사길 6-12,경기도 여주시 천송동 588-6번지,12636,37.2996466,127.6533753
양평군,양평문화원,031-771-3866,20210305,경기도 양평군 양평읍 마유산로 5,경기도 양평군 양평읍 양근리 540-1번지,12546,37.4974724,127.4860283
양주시,양주문화원,031-836-6467,20210305,경기도 양주시 광적면 삼일로29번길 20,경기도 양주시 광적면 가납리 726번지,11419,37.8222267,126.9868601
양주시,양주상여회닫이보존회,031-879-6360,20210305,경기도 양주시 백석읍 중앙로 226-24,경기도 양주시 백석읍 오산리 516-5번지,11504,37.7968703,126.9883645
양주시,양주소놀이굿공연장,031-879-5969,20210305,경기도 양주시 백석읍 중앙로93번길 70-21,경기도 양주시 백석읍 방성리 618-2번지,11511,37.7914871,127.0003953
안성시,안성문화원,031-673-2625,20210305,경기도 안성시 보개면 종합운동장로 203,경기도 안성시 보개면 양복리 238-2번지,17508,37.0149643,127.3232775
안성시,남사당전수관,031-675-3925,20210305,경기도 안성시 보개면 남사당로 196-31,경기도 안성시 보개면 복평리 34-3번지,17508,37.0313941,127.3093873
안성시,남사당바우덕이풍물단,031-687-2518,20210305,경기도 안성시 보개면 남사당로 196-31 남사당전수관,경기도 안성시 보개면 복평리 34-3번지 남사당전수관,17508,37.0315019,127.3091734
안산시,안산문화원,031-415-0041,20210305,경기도 안산시 상록구 석호로 144,경기도 안산시 상록구 사동 1586-1번지,15585,37.2993271,126.8476224
시흥시,시흥문화원,031-317-0827,20210305,경기도 시흥시 연성로13번길 3,경기도 시흥시 하중동 875-1번지,14976,37.3904462,126.8047643
성남시,성남문화원,031-756-1082,20210305,경기도 성남시 수정구 산성대로215번길 7 (신흥동),경기도 성남시 수정구 신흥동 6926번지,13343,37.4390594,127.1408289
부천시,부천문화원,032-651-3739,20210305,경기도 부천시 경인로92번길 33 (송내동),경기도 부천시 소사구 송내동 387-4번지,14727,37.4825054,126.7665645
부천시,부천향토역사관,032-625-8385,20210305,경기도 부천시 소사로 638 부천옹기박물관,경기도 부천시 오정구 여월동 318번지 부천옹기박물관,14474,37.5137431,126.8017551
남양주시,남양주문화원,031-592-0667,20210305,경기도 남양주시 경춘로 883-36,경기도 남양주시 금곡동 754-5번지,12235,37.6330655,127.1980498
김포시,김포문화원,031-982-1110,20210305,경기도 김포시 사우중로 26,경기도 김포시 사우동 259-4번지,10110,37.6171786,126.7180615
김포시,통진두레문화센터,031-983-7225,20210305,경기도 김포시 통진읍 김포대로 2347-8,경기도 김포시 통진읍 마송리 160-27번지,10029,37.6957781,126.5869754
군포시,군포시문화예술회관,031-390-3500,20210305,경기도 군포시 고산로 599,경기도 군포시 산본동 1101번지,15820,37.3657844,126.9274658
안양시,안양문화원,031-449-4451,20210305,경기도 안양시 만안구 현충로 53,경기도 안양시 만안구 안양동 472-9번지,14089,37.3904291,126.9258325
안양시,김중업 건축박물관 (옛 유유산업 공장),031-687-0909,20210305,경기도 안양시 만안구 예술공원로103번길 4 (석수동),경기도 안양시 만안구 석수동 214번지,13912,37.4183798,126.9183187
구리시,구리문화원,031-557-6383,20210305,경기도 구리시 동구릉로 217-14 (인창동),경기도 구리시 인창동 56-36번지,11910,37.6184044,127.1384835
광주시,광주문화원,031-764-0686,20210305,경기도 광주시 문화로85번길 19-12,경기도 광주시 경안동 157-26번지,12762,37.4100087,127.2494127
광명시,광명문화원,02-2618-5800,20210305,경기도 광명시 철망산로 42,경기도 광명시 하안동 683번지,14245,37.4674358,126.8732253
광명시,광명문화의집,02-2687-0556,20210305,경기도 광명시 너부대로 32번길 15-3,,14289,,
광명시,광명시민회관,02-2680-2562,20210305,경기도 광명시 시청로 20,경기도 광명시 철산동 222-1번지,14234,37.4778909,126.8646668
과천시,과천문화원,02-504-6513,20210305,경기도 과천시 문원로 40-1 (문원동),경기도 과천시 문원동 31-7번지,13828,37.4283426,127.0017901
과천시,안보교육관,02-731-3652,20210305,경기도 과천시 관문로 69,경기도 과천시 중앙동 1-3번지,13806,37.4285636,126.9881012
과천시,과천시민회관,02-504-7300,20210305,경기도 과천시 통영로 5 (중앙동),경기도 과천시 중앙동 6-2번지,13807,37.4282074,126.9891095
고양시,고양문화원,031-963-0600,20210305,경기도 고양시 일산서구 한류월드로 280 (대화동),경기도 고양시 일산서구 대화동 1050-176번지,10392,37.6650157,126.75628
고양시,고양시문예회관,031-965-2957,20210305,경기도 고양시 덕양구 고양시청로 10 (주교동),경기도 고양시 덕양구 주교동 600번지,10460,37.6584112,126.8319654
가평군,가평문화예술회관,031-8078-8076,20210305,경기도 가평군 가평읍 문화로 131,경기도 가평군 가평읍 대곡리 316번지,12416,37.8256697,127.5047043
가평군,가평문화원,031-582-2016,20210305,경기도 가평군 가평읍 문화로 131,경기도 가평군 가평읍 대곡리 316번지,12416,37.8256697,127.5047043
안양시,안양문화예술재단,031-389-5200,20210305,경기도 안양시 만안구 문예로36번길 16,경기도 안양시 만안구 안양동 549번지,14093,37.3846057,126.9313328
용인시,용인문화원,031-324-9600,20210305,경기도 용인시 처인구 중부대로 1199,경기도 용인시 처인구 삼가동 556번지,17019,37.2407024,127.179215
용인시,처인홀문예회관(구.용인시문예회관),031-335-0455,20210305,경기도 용인시 처인구 중부대로1392번길 15 용인시문예회관,경기도 용인시 처인구 김량장동 346번지 용인시문예회관,17062,37.2317489,127.1988571
수원시,수원청소년문화센터,031-218-0400,20210305,경기도 수원시 팔달구 권광로 293 수원청소년종합복지관,경기도 수원시 팔달구 인계동 333번지 수원청소년종합복지관,16486,37.2742363,127.0356985
수원시,수원시무형문화재전수회관,031-228-4613,20210305,경기도 수원시 팔달구 수원천로 372,경기도 수원시 팔달구 매향동 117-1번지,16254,37.2866953,127.0180907
수원시,수원문화원,031-244-2161,20210305,경기도 수원시 팔달구 팔달산로 28,경기도 수원시 팔달구 매산로3가 산3번지,16444,37.2735973,127.0113164
포천시,포천 아트밸리,031-538-3485,20210305,경기도 포천시 신북면 아트밸리로 234,경기도 포천시 신북면 기지리 282번지,11139,37.9234463,127.2364959
평택시,평택문화원,031-655-2002,20210305,경기도 평택시 중앙로 277 평택문화예술회관,경기도 평택시 비전동 847번지 평택문화예술회관,17901,36.9911212,127.1140767
평택시,평택서부(안중)문화예술회관,031-8024-8321,20210305,경기도 평택시 안중읍 서동대로 1531,경기도 평택시 안중읍 학현리 572번지,17816,36.990134,126.9201464
양주시,양주문화예술회관,031-828-9723,20210305,경기도 양주시 광적면 부흥로618번길 303,경기도 양주시 광적면 광석리 132번지,11502,37.8133018,126.9721412
양주시,양주별산대놀이전수회관,031-840-9986,20210305,경기도 양주시 부흥로1399번길 47,경기도 양주시 유양동 262번지,11498,37.7862072,127.0315714
안성시,태평무전수관,031-676-0141,20210305,경기도 안성시 태평무길 42,경기도 안성시 사곡동 31번지,17539,37.0358067,127.2665582
수원시,수원시립아이파크미술관,031-228-3800,20210305,경기도 수원시 팔달구 정조로 833,경기도 수원시 팔달구 신풍동 238-1번지,16252,37.2827916,127.0157241
성남시,미누현대미술관,031-754-9696,20210305,경기도 성남시 수정구 공원로 360,경기도 성남시 수정구 신흥동 2024번지 두산아파트,13269,37.445584,127.1493783
파주시,한향림옹기박물관,070-4161-7275,20210305,경기도 파주시 탄현면 헤일리마을길 63,경기도 파주시 탄현면 법흥리 1652-208번지,10859,37.789117,126.6984906
파주시,탄탄스토리하우스갤러리,031-942-6608,20210305,경기도 파주시 회동길 130,경기도 파주시 문발동 519-1번지,10881,37.7080352,126.6879064
파주시,갤러리박영,031-955-4071,20210305,경기도 파주시 회동길 37-9,경기도 파주시 문발동 526-6번지,10881,37.705739,126.6843126
이천시,시립월전미술관,031-637-0033,20210305,경기도 이천시 경충대로 2709번길 185,경기도 이천시 관고동 378번지,17379,37.2801703,127.4240484
이천시,해강도자미술관,031-634-2266,20210305,경기도 이천시 신둔면 경충대로3150번길 44,경기도 이천시 신둔면 수광리 330-1번지,17303,37.3087939,127.4049032
이천시,이천세계도자센터(이천세라피아),031-645-0730,20210305,경기도 이천시 경충대로2697번길 167-29,경기도 이천시 관고동 432-3번지,17379,37.274069,127.4259269
연천군,석장리미술관,031-835-2859,20210305,경기도 연천군 백학면 백왕로225번길 240,경기도 연천군 백학면 석장리 875번지,11048,38.0539683,126.9176214
여주시,죽포미술관,031-881-5905,20210305,경기도 여주시 산북면 고촌길 26-10,경기도 여주시 산북면 명품리 267번지,12600,37.410035,127.4426415
여주시,반달미술관 (여주세계생활도자관),031-884-8644,20210305,경기도 여주시 신륵사길 7,경기도 여주시 천송동 297-1번지,12636,37.3001409,127.6545498
양평군,마나스아트센터,031-774-5121,20210305,경기도 양평군 강상면 강남로 743,경기도 양평군 강상면 병산리 300-3번지,12571,37.493708,127.4609265
양평군,바탕골예술관,031-774-0745,20210305,경기도 양평군 강하면 강남로 50,,12574,,
양평군,닥터박갤러리,031-775-5600,20210305,경기도 양평군 강하면 강남로 469,경기도 양평군 강하면 전수리 470-5번지,12575,37.5061272,127.4364469
안성시,아트센터마노,031-676-7815,20210305,경기도 안성시 보개면 남사당로 196-33,경기도 안성시 보개면 복평리 34번지,17508,37.0319151,127.3082841
안산시,너리굴문화마을,031-675-2171,20210305,경기도 안산시 보개면 너구리굴길100,,,,
안성시,대안미술공간소나무,031-673-0904,20210305,경기도 안성시 미양면 이박골길 75-33,경기도 안성시 미양면 계륵리 232-8번지,17598,36.98126,127.2486122
안산시,정문규미술관,032-881-2753,20210305,경기도 안산시 단원구 대부황금로 153-9,경기도 안산시 단원구 선감동 680-9번지,15652,37.2053248,126.6442704
안산시,경기도미술관,031-481-7007,20210305,경기도 안산시 단원구 동산로 268,경기도 안산시 단원구 초지동 667번지,15385,37.3250733,126.8099722
시흥시,소전미술관,031-313-1211,20210305,경기도 시흥시 소래산길 41,경기도 시흥시 대야동 420-106번지,14902,37.4519575,126.7855178
남양주시,서호미술관,031-592-1865,20210305,경기도 남양주시 화도읍 북한강로 1344,경기도 남양주시 화도읍 금남리 571-17번지,12193,37.6327094,127.3514962
남양주시,모란미술관,031-594-8001,20210305,경기도 남양주시 화도읍 경춘로 2110번길 8,경기도 남양주시 화도읍 월산리 246-1번지,12190,37.6504097,127.3237778
김포시,보름산미술관,031-985-0005,20210305,경기도 김포시 고촌읍 수기로 100-78,경기도 김포시 고촌읍 신곡리 893-1번지,10129,37.5963726,126.7608945
광주시,영은미술관,031-761-0137,20210305,경기도 광주시 청석로 300,경기도 광주시 쌍령동 7-13번지,12791,37.4135545,127.2687473
과천시,선바위미술관,02-507-8588,20210305,경기도 과천시 무네미길 34,경기도 과천시 과천동 449-1번지,13813,37.4517676,126.9992831
과천시,국립현대미술관 과천,02-2188-6000,20210305,경기도 과천시 광명로 313,경기도 과천시 막계동 산58-4번지,13829,37.4309778,127.0199705
과천시,가원미술관,02-504-3730,20210305,경기도 과천시 새빛로 24,경기도 과천시 문원동 226번지,13826,37.4239601,126.9992197
고양시,김내현화랑,031-963-3262,20210305,경기도 고양시 덕양구 내유길 265,경기도 고양시 덕양구 내유동 136-58번지,10264,37.7275154,126.8662057
고양시,롯데갤러리 일산점,031-909-2688,20210305,경기도 고양시 일산동구 중앙로 1283 롯데백화점 일산점 별관 B1F,경기도 고양시 일산동구 장항동 784번지 롯데백화점 일산점 별관 B1F,10401,37.6604725,126.7720959
가평군,가일미술관,031-584-4722,20210305,경기도 가평군 청평면 북한강로 1549,경기도 가평군 청평면 삼회리 609-6번지,12458,37.6604125,127.379434
가평군,남송미술관,031-581-0772,20210305,경기도 가평군 북면 백둔로 322,경기도 가평군 북면 백둔리 198-9번지,12406,37.9045132,127.4722674
가평군,취옹예술관,031-585-8649,20210305,경기도 가평군 상면 수목원로 300,경기도 가평군 상면 행현리 563번지,12448,37.7536338,127.3597234
용인시,이영미술관,031-213-8223,20210305,경기도 용인시 기흥구 흥덕4로 63,경기도 용인시 기흥구 영덕동 55-4번지,16949,37.2773126,127.0900943
용인시,백남준아트센터,031-201-8500,20210305,경기도 용인시 기흥구 백남준로 10,경기도 용인시 기흥구 상갈동 496번지,17068,37.2691333,127.1103615
수원시,수원미술전시관,031-228-4118,20210305,경기도 수원시 장안구 송정로 19,경기도 수원시 장안구 송죽동 409-2번지,16302,37.297038,126.9994531
안양시,안양박물관,031-687-0909,20210305,경기도 안양시 만안구 안양예술공원로103번길 4 (석수동),,,,
파주시,갤러리 모자이크,031-949-8946,20210305,경기도 파주시 탄현면 헤이리마을길 18-28,경기도 파주시 탄현면 법흥리 1652-337번지,10859,37.7871465,126.6963427
파주시,도도헌,031-949-8278,20210305,경기도 파주시 탄현면 헤이리마을길 59-118,경기도 파주시 탄현면 법흥리 1652번지,10859,37.7922982,126.6957872
파주시,93뮤지엄가족미술관,031-948-6677,20210305,경기도 파주시 탄현면 헤이리마을길 59-58,경기도 파주시 탄현면 법흥리 1652-115번지,10859,37.7897691,126.6963143
파주시,고막원,031-941-0340,20210305,경기도 파주시 탄현면 헤이리마을길 59-45,경기도 파주시 탄현면 법흥리 1652-157번지,10859,37.7893397,126.6954671
파주시,포네티브 스페이스,031-949-8056,20210305,경기도 파주시 탄현면 헤이리마을길 34,경기도 파주시 탄현면 법흥리 1652-345번지,10859,37.7871152,126.6970358
파주시,열화당갤러리로터스,031-955-7020,20210305,경기도 파주시 광인사길 25,경기도 파주시 문발동 520-10번지,10881,37.7089682,126.6846743
파주시,갤러리MOA,031-949-3272,20210305,경기도 파주시 탄현면 헤일리마을길 48-37,경기도 파주시 탄현면 법흥리 1652-469번지,10859,37.7876958,126.7002322
양평군,갤러리와,031-771-5454,20210305,경기도 양평군 강하면 전수샛골2길 3,경기도 양평군 강하면 전수리 468-10번지,12575,37.5054407,127.4338
용인시,한국미술관,031-283-6418,20210305,경기도 용인시 기흥구 마북로 244-2,경기도 용인시 기흥구 마북동 73-1번지,16891,37.3089718,127.1319468
용인시,호암미술관,031-320-1801,20210305,경기도 용인시 처인구 포곡읍 에버랜드로 562번길 38,경기도 용인시 처인구 포곡읍 가실리 산12-8번지,17021,37.2932166,127.192328
용인시,마가미술관,031-334-0365,20210305,경기도 용인시 처인구 모현읍 문형동림로101번길 37,경기도 용인시 처인구 모현읍 동림리 263번지,16888,37.3317703,127.1927917
이천시,토아트갤러리,031-634-3496,20210305,경기도 이천시 신둔면 경충대로 3189,경기도 이천시 신둔면 수광리 386-12번지,17303,37.3106834,127.400793
양평군,C아트뮤지엄,031-775-6945,20210305,경기도 양평군 양동면 다락근이길 57-13,경기도 양평군 양동면 단석리 415-6번지,12538,37.3948839,127.7373299
여주시,목아박물관,031-885-9952,20210305,경기도 여주시 강천면 이문안길 21,경기도 여주시 강천면 이호리 395-2번지,12615,37.2885092,127.6881568
여주시,한얼테마박물관,031-881-6319,20210305,경기도 여주시 대신면 대신1로 298,경기도 여주시 대신면 옥촌리 831-1번지,12609,37.3986591,127.6092426
광주시,경기도자박물관,031-799-1500,20210305,경기도 광주시 곤지암읍 경충대로 727,경기도 광주시 곤지암읍 삼리 72-1번지,12805,37.3502799,127.3347904
이천시,돼지테마파크,031-641-7540,20210305,경기도 이천시 율면 임오산로 372번지 129-7,경기도 이천시 율면 월포리 64번지,17423,37.0857838,127.5839371
화성시,누에박물관,031-353-6223,20210305,경기도 화성시 향남읍 은행나무로 591,경기도 화성시 만세구 향남읍 하길리 569-5번지,18608,37.108422,126.9320088
화성시,용주사 효행박물관,031-234-0040,20210305,경기도 화성시 용주로 136,경기도 화성시 병점구 송산동 188번지,18347,37.2117829,127.0056181
하남시,하남역사박물관,031-790-7990,20210305,경기도 하남시 덕풍동로 30,경기도 하남시 덕풍동 694-1번지,12934,37.5454565,127.2060787
포천시,국립수목원 산림박물관,031-540-2000,20210305,경기도 포천시 소흘읍 광릉수목원로 415,경기도 포천시 소흘읍 직동리 산50-18번지,11186,37.7562444,127.1656611
파주시,파주나비나라박물관,031-955-3727,20210305,경기도 파주시 광인사길 161,경기도 파주시 문발동 500-8번지,10881,37.7148512,126.6869017
파주시,뮤지엄카페타임캡슐,031-949-9408,20210305,경기도 파주시 탄현면 헤이리마을길 59-63,경기도 파주시 탄현면 법흥리 1652-144번지,10859,37.7902526,126.6958434
파주시,영집궁시박물관,031-944-6800,20210305,경기도 파주시 탄현면 국원말길 168,경기도 파주시 탄현면 법흥리 242-5번지,10860,37.7848409,126.711256
이천시,청강만화역사박물관,031-639-5790,20210305,경기도 이천시 마장면 청강가창로 389-94 청강홀 3층,경기도 이천시 마장면 해월리 33번지 청강홀 3층,17390,37.2064539,127.356494
이천시,이천시립박물관,031-645-6377,20210305,경기도 이천시 경충대로 2697번길 172,경기도 이천시 관고동 418-1번지,17379,37.2748991,127.4273248
의왕시,코레일 철도박물관,031-461-3610,20210305,경기도 의왕시 철도박물관로 142,경기도 의왕시 월암동 374-1번지,16106,37.3133567,126.9514613
여주시,여주시립폰박물관,031-887-3548,20210305,경기도 여주시 강변유원지길 105,경기도 여주시 연양동 304-8번지,12634,37.2936438,127.6663831
여주시,여성생활사박물관,031-882-8100,20210305,경기도 여주시 강천면 강천로 324-20,경기도 여주시 강천면 굴암리 9-3번지,12664,37.2425224,127.7081456
양평군,양평친환경농업박물관,031-772-3370,20210305,경기도 양평군 용문면 용문산로 670,경기도 양평군 용문면 신점리 508-9번지,12510,37.5476061,127.5812485
양주시,청암민속박물관,031-855-5100,20210305,경기도 양주시 장흥면 권율로 83-5,경기도 양주시 장흥면 일영리 36-7번지,11520,37.7220577,126.9457721
양주시,아름다운돌박물관,031-871-2233,20210305,경기도 양주시 백석읍 권율로 937,경기도 양주시 백석읍 기산리 224-3번지,11518,37.7808054,126.9554065
광주시,광주시문화스포츠센터,031-760-4466,20210305,경기도 광주시 회안대로 891 남한산성아트홀,경기도 광주시 송정동 598번지 남한산성아트홀,12746,37.4269117,127.2547251
오산시,유엔군초전기념관,031-377-1625,20210305,경기도 오산시 경기도대로 742,,,,
수원시,지동벽화마을,031-228-7609,20210305,경기도 수원시 팔달구 창룡문로 56 (기준주소: 지동시립어린이집),경기도 수원시 팔달구 지동 297-3번지 (기준주소: 지동시립어린이집),16243,37.2820004,127.0228811
수원시,생태교통마을벽화,031-228-7603,20210305,경기도 수원시 팔달구 신풍로23번길 40 (기준주소: 행궁동주민센터),경기도 수원시 팔달구 신풍동 100번지 (기준주소: 행궁동주민센터),16251,37.2840499,127.0126476
수원시,행궁동벽화골목,031-228-7603,20210305,경기도 수원시 팔달구 화서문로 82-6,경기도 수원시 팔달구 북수동 232-3번지,16253,37.2858149,127.0166185
수원시,축구박물관,031-259-2070,20210305,경기도 수원시 팔달구 월드컵로 310,경기도 수원시 팔달구 우만동 228번지,16230,37.2886121,127.0399537
수원시,광교박물관,031-228-4175,20210305,경기도 수원시 영통구 광교로 182,경기도 수원시 영통구 이의동 403-2번지,16228,37.296345,127.0514263
수원시,화성박물관,031-228-4242,20210305,경기도 수원시 팔달구 창룡대로 21 (매향동),경기도 수원시 팔달구 매향동 49번지,16255,37.2826878,127.0189962
군포시,군포문화원,031-397-0195,20210305,경기도 군포시 한세로56번길 12 군포문화원,경기도 군포시 당정동 969-2번지 군포문화원,15853,37.3472281,126.9548279
군포시,군포책마을,031-390-3080,20210305,경기도 군포시 수리산로 112,경기도 군포시 산본동 1151-10번지,15823,37.3590119,126.9194208
군포시,밸류브릿지공터,031-396-1693,20210305,경기도 군포시 금산로 84 4층 공감문화공간 공터,경기도 군포시 산본동 216-13번지 4층 공감문화공간 공터,15806,37.3695652,126.9376918
양평군,문호리리버마켓,010-5267-2768,20210305,경기도 양평군 서종면 북한강로 941,경기도 양평군 서종면 문호리 655-2번지,12502,37.6213622,127.352108
화성시,엄미술관,031-222-9188,20210305,경기도 화성시 봉담읍 오궁길37,경기도 화성시 효행구 봉담읍 수기리 1-1번지,18327,37.2055319,126.979379
화성시,소다미술관,070-8915-9127,20210305,경기도 화성시 효행로707번길 30,경기도 화성시 병점구 안녕동 138-109번지,18362,37.201626,127.0060675
화성시,홍사용문학관,031-8015-0880,20210305,경기도 화성시 노작로 206,경기도 화성시 동탄구 석우동 63번지,18459,37.2053656,127.0755069
화성시,동탄복합문화센터,031-8015-8100,20210305,경기도 화성시 노작로 134,경기도 화성시 동탄구 반송동 108번지,18459,37.2007035,127.0750146
화성시,유앤아이센터,031-267-8800,20210305,경기도 화성시 태안로 145,경기도 화성시 병점구 병점동 734번지,18372,37.2029621,127.0332619
화성시,반석아트홀,031-8015-8100,20210305,경기도 화성시 노작로 134,경기도 화성시 동탄구 반송동 108번지,18459,37.2007035,127.0750146
화성시,화성아트홀,031-1588-5234,20210305,경기도 화성시 태안로 145,경기도 화성시 병점구 병점동 734번지,18372,37.2029621,127.0332619
안산시,단원미술관,031-481-0505,20210305,경기도 안산시 상록구 충장로 422,경기도 안산시 상록구 성포동 727번지,15294,37.3160523,126.8517438
양주시,양주시립장욱진미술관,,20210305,경기도 양주시 장흥면 권율로 193,경기도 양주시 장흥면 석현리 산1번지,11519,37.7328178,126.9492554
가평군,이정웅스페이스,,20210305,경기도 가평군 청평면 북한강로 1921,경기도 가평군 청평면 삼회리 271-5번지,12458,37.6892273,127.3875424
가평군,청심평화월드센터,031-589-5200,20210305,경기도 가평군 설악면 미사리로 258 청심평화월드센터,경기도 가평군 설악면 송산리 583-2번지 청심평화월드센터,12461,37.6838441,127.5204371
가평군,노랑다리미술관,031-585-8887,20210305,경기도 가평군 청평면 양진길 42-12,경기도 가평군 청평면 고성리 720-5번지,12456,37.7175822,127.4869175
의왕시,원터아트홀,031-444-8837,20210305,경기도 의왕시 원터아랫길 89 원뮤직악기사 2층 원터아트홀,경기도 의왕시 청계동 192번지 원뮤직악기사2층원터아트홀,16011,37.3949784,127.0225387
과천시,경기소리전수관,02-507-5825,20210305,경기도 과천시 문원로 40-2,경기도 과천시 문원동 89-12번지,13828,37.4278538,127.0012961
구리시,구리아트홀,031-550-8800,20210305,경기도 구리시 아차산로 453,경기도 구리시 교문동 390번지,11954,37.5955466,127.1298603
화성시,화성시 어린이 문화센터,031-5183-3211,20210305,경기도 화성시 봉담읍 동화길 146,경기도 화성시 효행구 봉담읍 동화리 590번지,18316,37.21229,126.9607028
용인시,뮤지엄그라운드 미술관,070-4245-3020,20210305,경기도 용인시 수지구 샘말로 122(고기동),경기도 용인시 수지구 고기동 400-5번지,16800,37.3564484,127.0440906
광명시,광명업사이클아트센터,02-2680-6952,20210305,경기도 광명시 가학로85번길 142,경기도 광명시 가학동 27번지,14341,37.4246861,126.863444
동두천시,경기북부어린이박물관,031-860-2860,20210305,경기도 동두천시 평화로 2910번길 46,경기도 동두천시 상봉암동 162번지,11307,37.9445934,127.0644496
부천시,부천아트벙커B39,032-321-3901,20210305,경기도 부천시 삼작로 53,경기도 부천시 오정구 삼정동 363-4번지,14449,37.5219011,126.7676615
수원시,해우재,031-271-9777,20210305,경기도 수원시 장안구 장안로458번길 9,경기도 수원시 장안구 이목동 186-3번지,16209,37.319318,126.978076
수원시,광교호수공원애견놀이터,031-228-4196,20210305,경기도 수원시 영통구 하동 1008-9,경기도 수원시 영통구 하동 1008-9,,37.285831,127.0786354
양평군,추억의 청춘뮤지엄,031-775-8907,20210305,경기도 양평군 용문면 용문산로 620,경기도 양평군 용문면 신점리 369-32번지,12510,37.5445746,127.5853997
이천시,예스파크,031-638-1994,20210305,경기도 이천시 신둔면 도자예술로 57,경기도 이천시 신둔면 고척리 597-5번지,17306,37.2937231,127.3852003
평택시,이충 반려견 동반 시민 쉼터,031-8024-3806,20210305,경기도 평택시 장안웃길 149,경기도 평택시 이충동 700번지,17731,37.0660526,127.0707164
포천시,한탄강지질공원센터,031-538-3030,20210305,경기도 포천시 영북면 비둘기낭길 55,경기도 포천시 영북면 대회산리 298번지,11108,38.0732222,127.2246723
용인시,용인어린이상상의숲,031-332-7500,20210305,경기도 용인시 처인구 동백죽전대로61,경기도 용인시 처인구 삼가동 28-6번지,16997,37.2496234,127.1651613
김포시,김포반려견놀이터,031-997-6868,20210305,경기도 김포시 하성면 하성로 585,경기도 김포시 하성면 석탄리 491-1번지,10008,37.7243692,126.6301183
연천군,연천고랑포구역사공원,031-835-2002,20210305,경기도 연천군 장남면 장남로 270,경기도 연천군 장남면 고랑포리 209-2번지,11050,37.9878944,126.8469816
포천시,포천한탄강하늘다리,031-538-3124,20210305,경기도 포천시 영북면 비둘기낭길 207,,11108,,
이천시,이천 세라피아,031-631-6501,20210305,경기도 이천시 경충대로 2697번길 167-29,경기도 이천시 관고동 432-3번지,17379,37.274069,127.4259269
가평군,가평 쁘띠프랑스,031-584-8200,20210305,경기도 가평군 청평면 호반로 1063,경기도 가평군 청평면 고성리 616-2번지,12456,37.7141033,127.4896638
수원시,수원 해우재,031-271-9777,20210305,경기도 수원시 장안구 장안로 463 (이목동),경기도 수원시 장안구 이목동 184-6번지,16210,37.3186593,126.9779
파주시,파주 헤이리 예술마을,,20210305,경기도 파주시 탄현면 법흥리 헤이리마을,경기도 파주시 탄현면 법흥리 헤이리마을,,,
