sigun_nm,inst_nm,refine_lotno_addr,refine_road_nm_addr,refine_zipno,refine_wgs84_lat,refine_wgs84_logt,telno,hmpg_url
가평군,가평출장소(남양주가평지사),경기도 가평군 청평면 청평리 432-11번지,경기도 가평군 청평면 청평중앙로 48,12452,37.73754514,127.419815,1577-1000,http://www.nhis.or.kr/retrieveHomeMain.xx
고양시,고양덕양지사,경기도 고양시 덕양구 화정동 973번지,경기도 고양시 덕양구 화신로260번길 57,10500,37.63349459,126.8326751,1577-1000,http://www.nhis.or.kr/retrieveHomeMain.xx
고양시,고양일산지사,경기도 고양시 일산동구 마두동 1010번지,경기도 고양시 일산동구 중앙로 1228,10410,37.65632859,126.7758474,1577-1000,http://www.nhis.or.kr/retrieveHomeMain.xx
과천시,과천지사,경기도 과천시 별양동 1-16번지,경기도 과천시 별양상가1로 13,13837,37.42708321,126.991505,1577-1000,http://www.nhis.or.kr/retrieveHomeMain.xx
광명시,광명지사,경기도 광명시 철산동 250번지,경기도 광명시 철산로 5,14235,37.47607385,126.8667674,1577-1000,http://www.nhis.or.kr/retrieveHomeMain.xx
광주시,경기광주지사,경기도 광주시 경안동 20-14번지,경기도 광주시 광주대로 35,12758,37.40966678,127.2601414,1577-1000,http://www.nhis.or.kr/retrieveHomeMain.xx
구리시,구리지사,경기도 구리시 갈매동 583번지,경기도 구리시 갈매중앙로 86,11901,37.63191227,127.1181634,1577-1000,http://www.nhis.or.kr/retrieveHomeMain.xx
군포시,군포지사,경기도 군포시 당동 776-20번지,경기도 군포시 군포로 522,15855,37.3524753,126.9456697,1577-1000,http://www.nhis.or.kr/retrieveHomeMain.xx
김포시,김포지사,경기도 김포시 장기동 2011-6번지,경기도 김포시 태장로795번길 137,10090,37.639684,126.6845791,1577-1000,http://www.nhis.or.kr/retrieveHomeMain.xx
남양주시,남양주가평지사,경기도 남양주시 다산동 261-3번지,경기도 남양주시 다산지금로163번길 87,12284,37.59607443,127.1748436,1577-1000,http://www.nhis.or.kr/retrieveHomeMain.xx
동두천시,동두천연천지사,경기도 동두천시 생연동 695-22번지,경기도 동두천시 중앙로 206,11334,37.8998561,127.0529313,1577-1000,http://www.nhis.or.kr/retrieveHomeMain.xx
부천시,부천남부지사,경기도 부천시 소사구 소사본동 65-7번지,경기도 부천시 소사구 경인로 386,14693,37.48157065,126.7984918,1577-1000,http://www.nhis.or.kr/retrieveHomeMain.xx
부천시,부천북부지사,경기도 부천시 원미구 상동 454-1번지,경기도 부천시 원미구 송내대로 70,14623,37.48951437,126.7545756,1577-1000,http://www.nhis.or.kr/retrieveHomeMain.xx
성남시,성남남부지사,경기도 성남시 분당구 수내동 17-1번지,경기도 성남시 분당구 백현로101번길 30,13595,37.38580772,127.1258816,1577-1000,http://www.nhis.or.kr/retrieveHomeMain.xx
성남시,성남북부지사,경기도 성남시 수정구 신흥동 2482번지,경기도 성남시 수정구 산성대로 301,13354,37.44236529,127.149905,1577-1000,http://www.nhis.or.kr/retrieveHomeMain.xx
수원시,수원동부지사,경기도 수원시 팔달구 인계동 1124번지,경기도 수원시 팔달구 권광로 178,16488,37.26321196,127.0330606,1577-1000,http://www.nhis.or.kr/retrieveHomeMain.xx
수원시,수원서부지사,경기도 수원시 권선구 탑동 903번지,경기도 수원시 권선구 호매실로 46-16,16626,37.2955356,126.9996451,1577-1000,http://www.nhis.or.kr/retrieveHomeMain.xx
시흥시,시흥지사,경기도 시흥시 능곡동 779번지,경기도 시흥시 시흥대로268번길 3,14995,37.36491479,126.8074104,1577-1000,http://www.nhis.or.kr/retrieveHomeMain.xx
안산시,안산지사,경기도 안산시 상록구 성포동 593-27번지,경기도 안산시 상록구 삼일로 646,15291,37.32733916,126.8477651,1577-1000,http://www.nhis.or.kr/retrieveHomeMain.xx
안성시,안성지사,경기도 안성시 석정동 338번지,경기도 안성시 대학로 12,17580,37.00949703,127.2651572,1577-1000,http://www.nhis.or.kr/retrieveHomeMain.xx
안양시,안양지사,경기도 안양시 동안구 관양동 1603번지,경기도 안양시 동안구 관평로 182,14066,37.39286495,126.960557,1577-1000,http://www.nhis.or.kr/retrieveHomeMain.xx
양주시,양주지사,경기도 양주시 광사동 651-6번지,경기도 양주시 고읍남로 6-16,11492,37.79562154,127.0788723,1577-1000,http://www.nhis.or.kr/retrieveHomeMain.xx
양평군,양평지사,경기도 양평군 양평읍 공흥리 524-2번지,경기도 양평군 양평읍 공흥로 22,12559,37.49266229,127.4996473,1577-1000,http://www.nhis.or.kr/retrieveHomeMain.xx
여주시,여주지사,경기도 여주시 하동 363-1번지,경기도 여주시 소양로 7,12624,37.29716601,127.6277452,1577-1000,http://www.nhis.or.kr/retrieveHomeMain.xx
연천군,연천출장소(동두천연천지사),경기도 연천군 전곡읍 전곡리 266-19번지,경기도 연천군 전곡읍 전곡로 81,11038,38.02003855,127.0718946,1577-1000,http://www.nhis.or.kr/retrieveHomeMain.xx
오산시,오산지사,경기도 오산시 금암동 512-5번지,경기도 오산시 수청로 196,18109,37.17699721,127.0449174,1577-1000,http://www.nhis.or.kr/retrieveHomeMain.xx
용인시,용인동부지사,경기도 용인시 처인구 김량장동 334-2번지,경기도 용인시 처인구 금령로 36,17049,37.2345517,127.2002702,1577-1000,http://www.nhis.or.kr/retrieveHomeMain.xx
용인시,용인서부지사,경기도 용인시 기흥구 보정동 1265-4번지,경기도 용인시 기흥구 죽전로 58,16898,37.32024799,127.1151201,1577-1000,http://www.nhis.or.kr/retrieveHomeMain.xx
의왕시,의왕지사,경기도 의왕시 오전동 35번지,경기도 의왕시 경수대로 413,16071,37.36067244,126.9624263,1577-1000,http://www.nhis.or.kr/retrieveHomeMain.xx
의정부시,의정부지사,경기도 의정부시 금오동 487-1번지,경기도 의정부시 금오로 64,11754,37.75508281,127.072306,1577-1000,http://www.nhis.or.kr/retrieveHomeMain.xx
이천시,이천지사,경기도 이천시 갈산동 655번지,경기도 이천시 증신로 65,17359,37.28327105,127.4582061,1577-1000,http://www.nhis.or.kr/retrieveHomeMain.xx
파주시,파주지사,경기도 파주시 금촌동 1025-1번지,경기도 파주시 쇠재로 10,10916,37.74954337,126.7681595,1577-1000,http://www.nhis.or.kr/retrieveHomeMain.xx
평택시,평택지사,경기도 평택시 고덕동 1884-2번지,경기도 평택시 고덕갈평5길 27,18008,37.05604529,127.0484585,1577-1000,http://www.nhis.or.kr/retrieveHomeMain.xx
포천시,포천지사,경기도 포천시 소흘읍 송우리 505-17번지,경기도 포천시 소흘읍 솔모루로 15,11178,37.82472744,127.1420535,1577-1000,http://www.nhis.or.kr/retrieveHomeMain.xx
하남시,하남지사,경기도 하남시 덕풍동 733번지,경기도 하남시 덕풍서로 84,12927,37.55418143,127.2059765,1577-1000,http://www.nhis.or.kr/retrieveHomeMain.xx
화성시,화성지사,경기도 화성시 병점구 병점동 406-1번지,경기도 화성시 병점2로 6,18413,37.20496784,127.0377573,1577-1000,http://www.nhis.or.kr/retrieveHomeMain.xx
